farm_id,angle_deg,turbine_type,n_turb,country,AEP_kWh,AEP_noWake_kWh,CF,WakeLoss,precompute_s
57,0,iea_10MW,80,Vietnam,4015664373.9456663,4522129818.651428,0.5730114688849409,0.1119971042443001,8.088582500000484
57,0,ow_6MW,80,Vietnam,2179151923.6792893,2396916706.2857146,0.5182534065066803,0.0908520442263827,8.110385200001474
57,0,ow_8MW,80,Vietnam,2775490762.6309714,3106754022.8571424,0.4950575703893713,0.1066268065604766,8.169686000001093
57,10,iea_10MW,80,Vietnam,4035622908.239748,4522129818.651428,0.5758594332533887,0.10758357895987258,8.937484300004144
57,10,ow_6MW,80,Vietnam,2194050145.7739363,2396916706.2857146,0.5217965529332992,0.08463646649872217,10.919400200000382
57,10,ow_8MW,80,Vietnam,2795140514.6178217,3106754022.8571424,0.4985624490970715,0.1003019569449994,12.460514400001557
57,20,iea_10MW,80,Vietnam,4015664373.9456615,4522129818.651428,0.5730114688849403,0.11199710424430115,11.517526700001326
57,20,ow_6MW,80,Vietnam,2179151923.6792808,2396916706.2857146,0.5182534065066783,0.09085204422638628,12.578459600001224
57,20,ow_8MW,80,Vietnam,2775490762.63096,3106754022.8571424,0.4950575703893693,0.10662680656048028,15.440458299999591
57,30,iea_10MW,80,Vietnam,4035622908.239764,4522129818.651428,0.5758594332533911,0.107583578959869,19.470304299997224
57,30,ow_6MW,80,Vietnam,2194050145.7739377,2396916706.2857146,0.5217965529332995,0.08463646649872157,17.53188809999847
57,30,ow_8MW,80,Vietnam,2795140514.6178217,3106754022.8571424,0.4985624490970715,0.1003019569449994,25.839271299999382
57,40,iea_10MW,80,Vietnam,4015664373.9456677,4522129818.651428,0.5730114688849411,0.11199710424429979,28.087591299998167
57,40,ow_6MW,80,Vietnam,2179151923.679284,2396916706.2857146,0.5182534065066791,0.09085204422638489,33.12232370000129
57,40,ow_8MW,80,Vietnam,2775490762.6309667,3106754022.8571424,0.4950575703893705,0.10662680656047813,32.595343900000444
57,50,iea_10MW,80,Vietnam,4035622908.239781,4522129818.651428,0.5758594332533934,0.10758357895986531,32.507060099997034
57,50,ow_6MW,80,Vietnam,2194050145.773943,2396916706.2857146,0.5217965529333007,0.08463646649871938,18.975898500000767
57,50,ow_8MW,80,Vietnam,2795140514.61783,3106754022.8571424,0.498562449097073,0.10030195694499679,20.497241299999587
57,60,iea_10MW,80,Vietnam,4015664373.945657,4522129818.651428,0.5730114688849396,0.1119971042443022,21.072962199999893
57,60,ow_6MW,80,Vietnam,2179151923.679284,2396916706.2857146,0.5182534065066791,0.09085204422638489,18.72239200000331
57,60,ow_8MW,80,Vietnam,2775490762.6309633,3106754022.8571424,0.49505757038936987,0.10662680656047921,27.41334949999873
57,70,iea_10MW,80,Vietnam,4035622908.2397685,4522129818.651428,0.5758594332533916,0.10758357895986805,29.44087700000091
57,70,ow_6MW,80,Vietnam,2194050145.77394,2396916706.2857146,0.5217965529333001,0.08463646649872057,31.889287799996964
57,70,ow_8MW,80,Vietnam,2795140514.6178236,3106754022.8571424,0.49856244909707187,0.10030195694499877,34.15798170000198
57,80,iea_10MW,80,Vietnam,4015664373.945674,4522129818.651428,0.573011468884942,0.11199710424429841,31.44848859999911
57,80,ow_6MW,80,Vietnam,2179151923.67929,2396916706.2857146,0.5182534065066804,0.0908520442263825,26.19926619999751
57,80,ow_8MW,80,Vietnam,2775490762.6309733,3106754022.8571424,0.49505757038937165,0.10662680656047599,26.201389499998186
57,90,iea_10MW,80,Vietnam,4035622908.239784,4522129818.651428,0.5758594332533938,0.10758357895986467,26.808542300001136
57,90,ow_6MW,80,Vietnam,2194050145.773942,2396916706.2857146,0.5217965529333005,0.08463646649871978,26.631983999999647
57,90,ow_8MW,80,Vietnam,2795140514.6178265,3106754022.8571424,0.49856244909707237,0.10030195694499786,22.63709459999518
57,100,iea_10MW,80,Vietnam,4015664373.9456644,4522129818.651428,0.5730114688849407,0.11199710424430052,22.20729460000439
57,100,ow_6MW,80,Vietnam,2179151923.6792808,2396916706.2857146,0.5182534065066783,0.09085204422638628,19.695847900002263
57,100,ow_8MW,80,Vietnam,2775490762.630959,3106754022.8571424,0.4950575703893691,0.10662680656048058,20.84211370000412
57,110,iea_10MW,80,Vietnam,4035622908.2397738,4522129818.651428,0.5758594332533924,0.1075835789598669,25.003574800000933
57,110,ow_6MW,80,Vietnam,2194050145.7739367,2396916706.2857146,0.5217965529332993,0.08463646649872196,23.2376105000003
57,110,ow_8MW,80,Vietnam,2795140514.61782,3106754022.8571424,0.49856244909707115,0.100301956945,18.596189799995045
57,120,iea_10MW,80,Vietnam,4015664373.9456697,4522129818.651428,0.5730114688849415,0.11199710424429936,17.123883600004774
57,120,ow_6MW,80,Vietnam,2179151923.6792884,2396916706.2857146,0.5182534065066801,0.0908520442263831,16.28283700000611
57,120,ow_8MW,80,Vietnam,2775490762.630971,3106754022.8571424,0.49505757038937126,0.10662680656047675,16.646585200003756
57,130,iea_10MW,80,Vietnam,4035622908.2397633,4522129818.651428,0.5758594332533908,0.10758357895986921,16.33764930000325
57,130,ow_6MW,80,Vietnam,2194050145.7739406,2396916706.2857146,0.5217965529333002,0.08463646649872038,16.407091499997478
57,130,ow_8MW,80,Vietnam,2795140514.617826,3106754022.8571424,0.49856244909707226,0.10030195694499801,16.170846399996663
57,140,iea_10MW,80,Vietnam,4015664373.945688,4522129818.651428,0.573011468884944,0.11199710424429535,16.62729330000002
57,140,ow_6MW,80,Vietnam,2179151923.6792903,2396916706.2857146,0.5182534065066805,0.0908520442263823,16.67332219999662
57,140,ow_8MW,80,Vietnam,2775490762.6309767,3106754022.8571424,0.49505757038937226,0.10662680656047491,16.395863000005193
57,150,iea_10MW,80,Vietnam,4035622908.2397776,4522129818.651428,0.575859433253393,0.10758357895986605,16.597632299999532
57,150,ow_6MW,80,Vietnam,2194050145.773942,2396916706.2857146,0.5217965529333005,0.08463646649871978,16.25079380000534
57,150,ow_8MW,80,Vietnam,2795140514.6178265,3106754022.8571424,0.49856244909707237,0.10030195694499786,16.591751899999508
57,160,iea_10MW,80,Vietnam,4015664373.9456716,4522129818.651428,0.5730114688849417,0.11199710424429894,15.970319000000018
57,160,ow_6MW,80,Vietnam,2179151923.6792874,2396916706.2857146,0.5182534065066798,0.09085204422638349,16.18302940000285
57,160,ow_8MW,80,Vietnam,2775490762.6309695,3106754022.8571424,0.495057570389371,0.10662680656047721,16.193962700002885
57,170,iea_10MW,80,Vietnam,4035622908.239779,4522129818.651428,0.5758594332533932,0.10758357895986573,16.778326799998467
57,170,ow_6MW,80,Vietnam,2194050145.7739425,2396916706.2857146,0.5217965529333006,0.08463646649871957,16.698405100003583
57,170,ow_8MW,80,Vietnam,2795140514.6178265,3106754022.8571424,0.49856244909707237,0.10030195694499786,16.806715200000326
66,0,iea_10MW,74,China,3914231470.7557473,4182970082.2525716,0.6038244277976903,0.06424588419530503,14.818737500005227
66,0,ow_6MW,74,China,2104574879.9563293,2217147953.3142858,0.5410997161432827,0.05077382102068446,15.367420999995375
66,0,ow_8MW,74,China,2703876137.649158,2873747471.1428566,0.5213879384273491,0.05911143383316931,14.886303200000839
66,10,iea_10MW,74,China,3974457274.5703187,4182970082.2525716,0.6131150923377636,0.049848027497716794,14.517117600000347
66,10,ow_6MW,74,China,2140617203.3868074,2217147953.3142858,0.5503664289426775,0.034517655807803416,15.601591899998311
66,10,ow_8MW,74,China,2754039474.655406,2873747471.1428566,0.5310609254781034,0.04165571181515267,14.737090699993132
66,20,iea_10MW,74,China,3914231470.7557387,4182970082.2525716,0.603824427797689,0.06424588419530708,14.601706900000863
66,20,ow_6MW,74,China,2104574879.9563317,2217147953.3142858,0.5410997161432832,0.05077382102068338,14.78949389999616
66,20,ow_8MW,74,China,2703876137.6491585,2873747471.1428566,0.5213879384273491,0.05911143383316914,15.031100699998206
66,30,iea_10MW,74,China,3974457274.5215993,4182970082.2525716,0.613115092330248,0.04984802750936388,14.668038499999966
66,30,ow_6MW,74,China,2140617203.386809,2217147953.3142858,0.5503664289426778,0.034517655807802666,14.234028699996998
66,30,ow_8MW,74,China,2754039474.6554093,2873747471.1428566,0.531060925478104,0.04165571181515151,14.830763300000399
66,40,iea_10MW,74,China,3914231470.755754,4182970082.2525716,0.6038244277976913,0.06424588419530343,15.031638599997677
66,40,ow_6MW,74,China,2104574879.956329,2217147953.3142858,0.5410997161432826,0.05077382102068457,14.47140760000184
66,40,ow_8MW,74,China,2703876137.6491594,2873747471.1428566,0.5213879384273493,0.05911143383316881,14.447899799997685
66,50,iea_10MW,74,China,3974457274.570341,4182970082.2525716,0.6131150923377671,0.04984802749771144,14.515506499999901
66,50,ow_6MW,74,China,2140617203.386816,2217147953.3142858,0.5503664289426796,0.034517655807799544,14.681274599999597
66,50,ow_8MW,74,China,2754039474.6554174,2873747471.1428566,0.5310609254781056,0.04165571181514869,14.81835200000205
66,60,iea_10MW,74,China,3914231470.7557535,4182970082.2525716,0.6038244277976912,0.06424588419530354,14.769082599996182
66,60,ow_6MW,74,China,2104574879.9563322,2217147953.3142858,0.5410997161432834,0.05077382102068317,14.963223700004164
66,60,ow_8MW,74,China,2703876137.649163,2873747471.1428566,0.52138793842735,0.05911143383316765,14.798909200006165
66,70,iea_10MW,74,China,3974457274.521574,4182970082.2525716,0.6131150923302441,0.049848027509369924,14.495593299994653
66,70,ow_6MW,74,China,2140617203.3868017,2217147953.3142858,0.550366428942676,0.034517655807806,14.467239099998551
66,70,ow_8MW,74,China,2754039474.655399,2873747471.1428566,0.531060925478102,0.04165571181515516,14.744159599998966
66,80,iea_10MW,74,China,3914231470.755756,4182970082.2525716,0.6038244277976916,0.06424588419530297,15.134070899999642
66,80,ow_6MW,74,China,2104574879.9563346,2217147953.3142858,0.541099716143284,0.05077382102068209,15.441196200001286
66,80,ow_8MW,74,China,2703876137.6491647,2873747471.1428566,0.5213879384273503,0.059111433833166985,15.314940999996907
66,90,iea_10MW,74,China,3974457274.521597,4182970082.2525716,0.6131150923302475,0.04984802750936445,15.298649900003511
66,90,ow_6MW,74,China,2140617203.3868098,2217147953.3142858,0.5503664289426781,0.03451765580780234,15.16155710000021
66,90,ow_8MW,74,China,2754039474.655409,2873747471.1428566,0.5310609254781039,0.04165571181515167,15.19639360000292
66,100,iea_10MW,74,China,3914231470.755738,4182970082.2525716,0.6038244277976887,0.06424588419530732,15.03692079999746
66,100,ow_6MW,74,China,2104574879.9563217,2217147953.3142858,0.5410997161432807,0.0507738210206879,14.757540500002506
66,100,ow_8MW,74,China,2703876137.64915,2873747471.1428566,0.5213879384273475,0.05911143383317213,15.380407299999206
66,110,iea_10MW,74,China,3974457274.570322,4182970082.2525716,0.6131150923377641,0.049848027497715997,15.186423200000718
66,110,ow_6MW,74,China,2140617203.3868032,2217147953.3142858,0.5503664289426764,0.03451765580780535,15.03930340000079
66,110,ow_8MW,74,China,2754039474.655402,2873747471.1428566,0.5310609254781027,0.041655711815154,14.179737299993576
66,120,iea_10MW,74,China,3914231470.755739,4182970082.2525716,0.603824427797689,0.06424588419530697,14.743147199995292
66,120,ow_6MW,74,China,2104574879.9563253,2217147953.3142858,0.5410997161432817,0.05077382102068629,14.742579400000977
66,120,ow_8MW,74,China,2703876137.649153,2873747471.1428566,0.5213879384273481,0.05911143383317097,14.219452900004399
66,130,iea_10MW,74,China,3974457274.5703287,4182970082.2525716,0.6131150923377652,0.0498480274977144,14.414088400000765
66,130,ow_6MW,74,China,2140617203.3868103,2217147953.3142858,0.5503664289426782,0.034517655807802125,15.52580869999656
66,130,ow_8MW,74,China,2754039474.655409,2873747471.1428566,0.5310609254781039,0.04165571181515167,14.569765999993251
66,140,iea_10MW,74,China,3914231470.7557483,4182970082.2525716,0.6038244277976904,0.0642458841953048,15.095067900001595
66,140,ow_6MW,74,China,2104574879.9563298,2217147953.3142858,0.5410997161432828,0.05077382102068424,14.964630900001794
66,140,ow_8MW,74,China,2703876137.64916,2873747471.1428566,0.5213879384273494,0.05911143383316864,15.193570700001146
66,150,iea_10MW,74,China,3974457274.521584,4182970082.2525716,0.6131150923302456,0.04984802750936753,14.87757650000276
66,150,ow_6MW,74,China,2140617203.3868017,2217147953.3142858,0.550366428942676,0.034517655807806,14.609020000003511
66,150,ow_8MW,74,China,2754039474.655398,2873747471.1428566,0.5310609254781018,0.04165571181515549,14.4828903000016
66,160,iea_10MW,74,China,3914231470.755748,4182970082.2525716,0.6038244277976903,0.06424588419530491,14.773382200000924
66,160,ow_6MW,74,China,2104574879.95633,2217147953.3142858,0.5410997161432829,0.05077382102068414,14.531051899997692
66,160,ow_8MW,74,China,2703876137.6491637,2873747471.1428566,0.5213879384273502,0.05911143383316732,14.497411799995461
66,170,iea_10MW,74,China,3974457274.570316,4182970082.2525716,0.6131150923377632,0.04984802749771748,14.848182400004589
66,170,ow_6MW,74,China,2140617203.3868062,2217147953.3142858,0.5503664289426772,0.03451765580780396,14.536471300001722
66,170,ow_8MW,74,China,2754039474.6554055,2873747471.1428566,0.5310609254781034,0.04165571181515284,14.657671599998139
91,0,iea_10MW,55,China,2974676699.7826004,3108964250.3228564,0.6174090285974679,0.0431936618525963,10.200426899995364
91,0,ow_6MW,55,China,1596083449.12168,1647880235.5714283,0.5521251726586689,0.03143237313710904,10.464540799999668
91,0,ow_8MW,55,China,2055609756.2431355,2135893390.7142856,0.5333151090294561,0.037587847230662434,10.101246099999116
91,10,iea_10MW,55,China,2967364293.7451825,3108964250.3228564,0.6158913021471943,0.045545701132770885,10.202228100002685
91,10,ow_6MW,55,China,1592972106.276244,1647880235.5714283,0.5510488813740985,0.03332046110507789,10.71128360000148
91,10,ow_8MW,55,China,2049979055.373988,2135893390.7142856,0.5318542588662276,0.040224074719181664,10.992531600000802
91,20,iea_10MW,55,China,2974676699.7826166,3108964250.3228564,0.6174090285974713,0.04319366185259109,10.34440480000194
91,20,ow_6MW,55,China,1596083449.1216855,1647880235.5714283,0.5521251726586708,0.03143237313710571,10.601882099996146
91,20,ow_8MW,55,China,2055609756.2431426,2135893390.7142856,0.5333151090294579,0.03758784723065909,10.477056299998367
91,30,iea_10MW,55,China,2967364293.7451367,3108964250.3228564,0.6158913021471849,0.04554570113278561,11.26542150000023
91,30,ow_6MW,55,China,1592972106.276244,1647880235.5714283,0.5510488813740985,0.03332046110507789,10.298781599994982
91,30,ow_8MW,55,China,2049979055.3739893,2135893390.7142856,0.5318542588662281,0.04022407471918099,11.019087300002866
91,40,iea_10MW,55,China,2974676699.7826056,3108964250.3228564,0.617409028597469,0.043193661852594614,10.338275799993426
91,40,ow_6MW,55,China,1596083449.1216831,1647880235.5714283,0.55212517265867,0.03143237313710716,10.475197300002037
91,40,ow_8MW,55,China,2055609756.2431405,2135893390.7142856,0.5333151090294573,0.03758784723066009,10.338133999997808
91,50,iea_10MW,55,China,2967364293.745222,3108964250.3228564,0.6158913021472026,0.04554570113275816,10.19861949999904
91,50,ow_6MW,55,China,1592972106.2762384,1647880235.5714283,0.5510488813740966,0.033320461105081224,10.093717699994158
91,50,ow_8MW,55,China,2049979055.373981,2135893390.7142856,0.5318542588662258,0.0402240747191849,10.114663899999869
91,60,iea_10MW,55,China,2974676699.782599,3108964250.3228564,0.6174090285974676,0.043193661852596765,10.300925700001244
91,60,ow_6MW,55,China,1596083449.121679,1647880235.5714283,0.5521251726586686,0.031432373137109615,10.345143200000166
91,60,ow_8MW,55,China,2055609756.2431335,2135893390.7142856,0.5333151090294556,0.03758784723066333,10.300707300004433
91,70,iea_10MW,55,China,2967364293.745171,3108964250.3228564,0.615891302147192,0.04554570113277457,10.174196300002222
91,70,ow_6MW,55,China,1592972106.2762399,1647880235.5714283,0.5510488813740971,0.03332046110508036,10.480337000000873
91,70,ow_8MW,55,China,2049979055.3739831,2135893390.7142856,0.5318542588662264,0.0402240747191839,10.487374500000442
91,80,iea_10MW,55,China,2974676699.7825923,3108964250.3228564,0.6174090285974663,0.04319366185259891,10.29655410000123
91,80,ow_6MW,55,China,1596083449.1216729,1647880235.5714283,0.5521251726586665,0.03143237313711338,10.345579099994211
91,80,ow_8MW,55,China,2055609756.243125,2135893390.7142856,0.5333151090294533,0.03758784723066735,10.242598000004364
91,90,iea_10MW,55,China,2967364293.745132,3108964250.3228564,0.6158913021471839,0.04554570113278714,10.321279399999185
91,90,ow_6MW,55,China,1592972106.2762518,1647880235.5714283,0.5510488813741012,0.03332046110507312,10.401369799998065
91,90,ow_8MW,55,China,2049979055.3740005,2135893390.7142856,0.531854258866231,0.040224074719175745,10.494797500003187
91,100,iea_10MW,55,China,2974676699.782616,3108964250.3228564,0.6174090285974712,0.04319366185259124,10.354580599996552
91,100,ow_6MW,55,China,1596083449.1216908,1647880235.5714283,0.5521251726586726,0.03143237313710253,10.175268500002858
91,100,ow_8MW,55,China,2055609756.243151,2135893390.7142856,0.5333151090294601,0.03758784723065518,10.234354000000167
91,110,iea_10MW,55,China,2967364293.7451644,3108964250.3228564,0.6158913021471906,0.045545701132776714,10.574605499998142
91,110,ow_6MW,55,China,1592972106.27624,1647880235.5714283,0.5510488813740971,0.03332046110508021,10.420964299999468
91,110,ow_8MW,55,China,2049979055.373983,2135893390.7142856,0.5318542588662264,0.04022407471918401,10.253755199999432
91,120,iea_10MW,55,China,2974676699.7826056,3108964250.3228564,0.617409028597469,0.043193661852594614,10.271636100005708
91,120,ow_6MW,55,China,1596083449.121682,1647880235.5714283,0.5521251726586696,0.03143237313710788,10.092837500000314
91,120,ow_8MW,55,China,2055609756.2431395,2135893390.7142856,0.5333151090294571,0.03758784723066054,10.243926800001645
91,130,iea_10MW,55,China,2967364293.745127,3108964250.3228564,0.6158913021471829,0.04554570113278868,10.474869099998614
91,130,ow_6MW,55,China,1592972106.2762494,1647880235.5714283,0.5510488813741004,0.03332046110507456,10.75253420000081
91,130,ow_8MW,55,China,2049979055.3739963,2135893390.7142856,0.5318542588662298,0.04022407471917776,10.367424199997913
91,140,iea_10MW,55,China,2974676699.7825923,3108964250.3228564,0.6174090285974663,0.04319366185259891,10.06375670000125
91,140,ow_6MW,55,China,1596083449.1216745,1647880235.5714283,0.552125172658667,0.03143237313711237,10.250089200002549
91,140,ow_8MW,55,China,2055609756.243127,2135893390.7142856,0.5333151090294539,0.03758784723066634,10.090945900003135
91,150,iea_10MW,55,China,2967364293.745162,3108964250.3228564,0.6158913021471901,0.045545701132777484,10.098774000005506
91,150,ow_6MW,55,China,1592972106.276239,1647880235.5714283,0.5510488813740968,0.03332046110508093,10.292149200002314
91,150,ow_8MW,55,China,2049979055.3739798,2135893390.7142856,0.5318542588662256,0.04022407471918546,10.236400399997365
91,160,iea_10MW,55,China,2974676699.7826066,3108964250.3228564,0.6174090285974692,0.04319366185259431,10.510563099996943
91,160,ow_6MW,55,China,1596083449.121678,1647880235.5714283,0.5521251726586682,0.0314323731371102,10.364294699997117
91,160,ow_8MW,55,China,2055609756.243132,2135893390.7142856,0.5333151090294552,0.037587847230663995,10.216879899999185
91,170,iea_10MW,55,China,2967364293.7451644,3108964250.3228564,0.6158913021471906,0.045545701132776714,10.352163100003963
91,170,ow_6MW,55,China,1592972106.2762372,1647880235.5714283,0.5510488813740961,0.033320461105081946,10.416180899999745
91,170,ow_8MW,55,China,2049979055.3739774,2135893390.7142856,0.531854258866225,0.04022407471918658,10.34674570000061
