farm_id,year,P11_kWh,P10_kWh,P01_kWh,P00_kWh
46,2014,105637007.71295503,105598295.7,111567241.8,110094484.6
89,2014,70471331.36187705,70205014.1,69793836.1,70795061.9
101,2014,92766876.32924974,92561602.4,94963928.4,98585045.5
168,2014,53351716.0199416,53811419.8,57431766.5,57068539.9
169,2014,75554325.51641193,74806397.0,79813746.8,80033838.2
165,2014,78461462.17378896,78350016.4,79674830.3,78867532.2
34,2014,255260620.30147797,255247354.7,270082259.4,268897575.4
97,2014,129005202.91403694,129778692.6,126577497.4,123688718.0
0,2014,280573534.22325253,279626514.2,272802115.3,272656698.2
45,2014,379294350.7867489,379993501.9,400757623.6,396283237.2
131,2014,264169168.0635255,263289314.4,277737018.4,279689599.0
88,2014,471277180.0434072,468487770.2,499251249.9,503809668.0
109,2014,599479816.3148291,596307115.4,565524787.0,566716960.2
57,2014,406410729.09098667,406873181.7,365288697.8,388982934.5
38,2014,1929061450.34258,1907670024.2,1935782876.0,1968999891.3
24,2014,3574605595.9150195,3562909870.9,3439713890.0,3456925414.4
46,2015,114887646.19477148,114958885.5,115421587.7,111250405.3
89,2015,62721237.52550327,62598043.6,66445865.5,69122219.3
101,2015,102826039.7874254,102807749.1,97989642.9,99922618.6
168,2015,57224039.967939265,58055183.5,56230468.9,55762147.4
169,2015,68517778.13198683,68361595.1,77745278.7,78882087.4
165,2015,78121774.53635727,77784572.3,78774826.9,76999888.9
34,2015,278023720.72740114,277929126.9,275320209.8,271687386.7
97,2015,129296559.15784016,129126409.2,126823510.4,126597338.8
0,2015,244765120.39395422,243890600.0,257019837.5,267334974.4
45,2015,415651751.6084021,416614796.6,407975050.2,402282508.3
131,2015,240105266.16768396,240072242.1,269133979.3,275495281.8
88,2015,433027735.44550973,427038358.3,490145866.9,494767947.5
109,2015,510826912.0652091,508935880.6,533755931.8,556920399.0
57,2015,512174058.19399416,510923855.1,418065155.7,417051258.6
38,2015,1695837575.2072225,1691461514.6,1847293798.1,1931892704.1
24,2015,3015322424.4458027,3007312494.9,3209824206.9,3369804716.6
1,2016,68427220.04085764,68145944.1,65720112.8,67532894.3
46,2016,105376201.46295092,105395987.3,110009006.3,109282209.9
63,2016,59582547.7898788,59359878.8,61481648.5,59811335.5
124,2016,87478307.86006337,87294163.0,91234662.3,95239098.2
71,2016,105338584.97548054,105521650.2,98324070.5,110664686.3
101,2016,137918209.70234784,137744203.1,140556467.1,146304143.6
135,2016,61816200.23747284,61277605.7,59025971.0,55426216.4
168,2016,58021758.12134445,58053131.5,58412397.3,56565227.0
169,2016,76377774.66594791,75975422.4,80190718.6,82002458.5
165,2016,80615436.83510987,80523083.1,81946024.6,80381271.9
97,2016,175720331.40629268,174054189.6,159614249.9,153548951.4
45,2016,372699886.8512907,372995578.3,393684859.8,395235602.0
34,2016,529278400.28309226,527575532.4,557473993.2,559727767.3
131,2016,447497495.3040351,445198357.7,461359854.9,476816525.3
89,2016,910845759.2264867,907961091.7,875350148.1,895915595.8
109,2016,1118479436.8332028,1117644083.2,1060408875.2,1084281257.1
88,2016,1092659585.3844762,1074956303.5,1145178891.9,1175765435.9
0,2016,1560836501.7193875,1559821872.1,1491568399.1,1540706188.0
57,2016,596383424.5011083,590537935.9,458200543.5,507133165.8
38,2016,1946574341.9747896,1943932880.0,1916887894.3,1960853187.0
24,2016,3690192254.359194,3665911553.0,3539969029.6,3666602914.6
46,2017,113824585.4033282,113781358.5,112882278.7,111423285.7
124,2017,95645339.14801948,95417555.1,94380909.6,97591535.1
14,2017,88759663.74850412,88325028.7,95641612.8,97576470.8
71,2017,115664397.28869,116027292.5,100834341.8,110956422.9
101,2017,150095598.1737657,149761815.7,145036983.7,150863243.7
135,2017,63055195.72807929,62463499.4,56653342.3,54185049.3
139,2017,84166561.45973898,83918348.3,79172228.1,81028470.7
168,2017,56118565.82521149,56761641.3,58908926.4,57135914.7
169,2017,73199563.54789393,72512789.7,79809777.8,80683913.4
147,2017,97208508.17439516,96651271.7,103476874.2,100616909.3
165,2017,76293320.97006178,76393615.1,79825562.6,78948386.9
81,2017,294625646.05614465,293483891.7,282782088.3,295507957.5
63,2017,280090933.255588,280086760.3,288385709.1,286038394.6
74,2017,358605900.4659942,352710903.8,365008708.3,360329432.3
34,2017,566662359.4881938,566570367.8,572789794.7,574827393.4
45,2017,861548902.9129864,860781774.3,869288752.5,865704604.0
97,2017,462388963.3349073,459902640.4,431274683.0,415404419.3
131,2017,603929748.3722613,603590485.4,651222594.5,659116100.1
89,2017,860697595.0279149,859448655.8,873228704.6,883220756.4
109,2017,1051410560.3864636,1038573321.4,1059703223.4,1079071916.2
50,2017,1192715605.263961,1177093843.2,1278243820.8,1298752124.5
88,2017,1214134527.5700006,1194503828.1,1337217605.1,1351710798.4
57,2017,526419653.58969456,532150367.6,441874190.5,474656256.9
38,2017,1879862841.506935,1859053747.6,1924549457.2,1958808562.5
1,2017,2167060357.5051107,2140988937.9,2212293437.8,2226793357.5
24,2017,3484110892.71172,3460394312.6,3541292180.5,3603071680.1
0,2017,5132254230.430478,5068826929.9,5208739557.8,5286659698.3
46,2018,108349528.09786378,108787003.8,110325563.7,110181496.5
98,2018,44535036.86929513,44917151.5,46435965.7,45550095.1
124,2018,89388573.99580732,89862019.0,91367537.1,95659034.7
71,2018,105878412.45182963,105699910.8,99070363.7,110223516.6
72,2018,95835810.62870619,96692402.8,100180754.1,102907508.6
101,2018,140857886.93737,141583925.3,140791262.0,147094678.7
135,2018,63499271.5991568,64529295.1,57663334.6,55051677.0
168,2018,58743351.222737156,60580870.6,59114475.4,57085017.4
169,2018,79800825.93870257,81218399.2,81952861.3,82064047.8
165,2018,86453577.92399198,89372053.6,82582189.6,80405554.4
34,2018,544558050.5412804,537861442.6,562263976.7,562111201.5
147,2018,293100716.1973012,303482366.9,303113263.7,295552861.1
19,2018,384717325.9106217,384747531.1,364470904.7,362391722.8
139,2018,318582451.9795851,327092937.7,301821606.0,315782848.8
81,2018,612609372.1637081,609547749.1,613307475.8,637916012.7
131,2018,670973297.4956316,695027449.9,673417103.4,672603610.7
97,2018,670631066.8162364,715454110.5,708356201.5,680787180.7
14,2018,994800537.3248258,1009370361.0,1050006621.9,1081415408.7
109,2018,1212598469.5979846,1221014238.1,1082391846.9,1082917121.9
63,2018,1095972382.8112328,1137659305.9,1068663751.6,1033505564.5
45,2018,2183193998.881391,2221506391.3,2257589405.0,2259034567.0
74,2018,1840581786.3326936,1822764889.7,1793550913.1,1767121758.6
89,2018,1721131162.556553,1754991355.3,1600143397.6,1597359770.1
88,2018,1345498353.3116562,1333464931.9,1387747108.5,1373897042.7
38,2018,2098469677.5159035,2159050683.5,1993307570.1,1984459708.0
57,2018,603588042.20868,669671539.5,499148012.5,493673694.9
50,2018,2664468214.465988,2688795320.6,2663154648.8,2686509230.8
24,2018,3984139398.391552,3973588657.4,3668515865.5,3675944651.2
0,2018,7735885407.364262,7832910947.5,7106382558.0,7100217042.2
1,2018,7583459200.459497,7709167155.4,6948106901.7,7008045945.5
3,2019,60978212.20302364,61439445.2,68173223.5,69977829.8
46,2019,114209604.73143585,114603720.3,115159573.0,111291256.5
124,2019,95452468.63408783,95958293.0,97814397.1,98370071.3
101,2019,149392298.26481614,150152594.0,149122082.5,150325634.1
135,2019,64182883.71222589,65464164.8,57908283.5,54699979.6
168,2019,57357240.12455443,59735760.0,56532573.4,56754508.3
169,2019,68632406.3447128,69970102.5,79262326.0,79244969.5
165,2019,79048139.0810248,81521397.7,79249105.7,79458293.0
4,2019,185493503.25786504,188232726.8,200933960.2,191393894.7
52,2019,306699040.69989663,306916938.3,303325796.2,302021633.1
92,2019,176276845.59067333,185515668.3,203845080.7,209888028.0
32,2019,185252218.96998915,189492130.5,195910208.0,192898077.1
98,2019,130767720.13101332,131363251.0,152014876.7,148873442.1
147,2019,286012024.97983795,298860663.7,294581664.1,294163896.8
34,2019,1016929338.0377097,1007876815.3,1034151490.8,1005392334.3
139,2019,432524849.14280325,443143144.8,441101988.7,462700523.0
81,2019,995915340.5025389,996652072.6,995216670.8,1002699842.3
71,2019,855580112.1897417,864076420.3,766763012.2,814957591.8
131,2019,567862321.3153908,590682553.3,649326674.5,648180691.5
97,2019,653822594.8700134,694680018.3,684455853.5,684849291.3
72,2019,1078153071.3971372,1102924807.3,1097998483.0,1120878596.6
109,2019,933302343.4930733,936640725.3,1059472494.3,1083694406.6
45,2019,2857165613.302165,2898979548.4,2916394876.6,2824635905.1
88,2019,1155815173.3106477,1144075175.0,1338173722.5,1322547818.6
89,2019,1397990297.6248205,1410198485.7,1599211942.4,1632150040.1
74,2019,1869398251.6610312,1864769370.0,2016949510.3,2030662906.5
38,2019,1634770458.994826,1668715865.2,1886680501.1,1938269243.6
63,2019,1627568556.380287,1688580562.3,1674006580.6,1647745939.0
14,2019,1732286147.8325033,1764850924.4,1771028813.9,1815739945.2
57,2019,739031770.1096858,798860328.2,554934613.9,582535891.6
19,2019,2121807531.164114,2080517708.4,2334752818.4,2327189794.2
50,2019,2285698164.1632166,2303955272.7,2598615824.2,2611387635.1
24,2019,3076382545.4029393,3063372426.3,3556996315.5,3676732586.9
1,2019,8412105963.773713,8484295358.3,9340372570.7,9512983292.0
0,2019,11603517523.227745,11646091339.8,13191257601.4,13509728395.4
46,2020,119874506.55388655,120226887.1,117253221.6,113370370.9
112,2020,40214541.413426235,40519773.6,35535419.5,35698251.0
130,2020,34480668.867593706,35031373.4,28934289.9,31081638.7
39,2020,113442335.50147092,117035493.3,109865355.2,113285564.5
66,2020,83013123.68736142,88249005.8,89388363.9,95421979.8
111,2020,88038140.1885492,87333177.3,88290466.6,84750266.2
115,2020,64848168.25695918,65578164.9,61307035.9,61000391.5
135,2020,60702367.33173433,62078914.2,54954723.4,53553584.9
168,2020,53460953.92757921,55194133.8,57484167.6,56191029.0
169,2020,68136845.36453114,69229494.0,80576475.9,79279938.1
165,2020,75427794.41335353,78216232.3,81588321.0,80060646.2
107,2020,203417013.6710995,206146624.5,170058632.5,183353012.8
147,2020,266263039.86888966,276342398.3,294307819.4,293188439.7
52,2020,697370613.143474,699810783.2,655527143.0,653746016.5
101,2020,771059444.9900321,769457203.6,729852268.4,748371620.3
124,2020,806794689.8192734,807160380.9,780474693.7,798388450.0
139,2020,513757383.7378369,527092288.5,483740757.4,488239043.5
71,2020,853384768.2850002,861380438.9,739348022.0,805657630.7
78,2020,617446694.8374237,636381788.1,627606576.8,646470958.2
131,2020,568432117.4629868,588128979.8,662623251.7,653404763.8
98,2020,445317786.9598751,443847170.1,540716645.1,524054040.5
97,2020,782785114.8320268,832750744.5,736083986.2,709026334.6
91,2020,887638372.1403155,861918569.5,829574772.7,781206665.6
72,2020,1268757698.4993465,1302029018.2,1154569488.3,1140871682.7
109,2020,1006057205.3219563,1011886360.3,1061115912.1,1063172503.7
34,2020,2565877730.2728205,2544945599.7,2520772627.4,2499821821.8
4,2020,1655066991.756625,1740751261.5,1646649930.6,1509798095.0
81,2020,2522074707.534705,2523733289.6,2359990863.3,2429221179.1
3,2020,1609311141.7701092,1638620583.0,1701959694.8,1690142929.7
92,2020,1657568582.1491845,1750348747.1,1727289224.2,1772677517.4
88,2020,1133674378.8968928,1135838935.7,1353698194.0,1330596842.4
89,2020,1603835561.2808454,1624397453.8,1634722239.4,1664040270.1
74,2020,2234931848.279503,2203868233.5,2197288110.3,2139870117.5
45,2020,3510380209.709584,3547358897.8,3448368186.8,3419716212.6
57,2020,635762071.237454,707192064.9,508477628.2,544989688.7
38,2020,2157376405.403226,2188435195.3,2202561211.2,2235172769.2
14,2020,1878862506.4523098,1918261651.1,1961324202.2,2016820005.6
63,2020,1711970477.0390623,1776104860.1,1923905102.8,1896166272.2
32,2020,2742935396.1863365,2713941845.6,2565671782.9,2320813061.1
50,2020,2276620924.76345,2295171900.5,2662149700.3,2633040334.0
24,2020,3242368338.230185,3223465090.4,3569873477.3,3601628644.5
19,2020,3627509602.310236,3601699778.1,4051015980.3,4046763725.2
1,2020,12000421488.633005,12034794029.0,13114150503.1,13096311014.1
0,2020,17538841844.762356,17601064650.5,18919480992.2,18933111407.4
21,2021,121095541.70455515,122165186.2,136981495.4,125374159.8
135,2021,64534259.17548349,65517311.9,55712794.8,53897856.0
168,2021,60607297.329537295,62920183.5,56341581.0,56564903.0
169,2021,87026422.82005052,88493178.4,78957592.4,81518433.8
143,2021,93407703.73380138,94424366.9,88762068.4,93157903.9
165,2021,89256022.2585229,91629688.7,81756893.0,81138919.3
159,2021,144365848.48209056,150284562.3,126073404.8,128220776.9
62,2021,363119792.2057128,361714011.7,342548223.8,386808119.5
133,2021,228317082.92342082,228272864.7,212961505.6,219342746.4
147,2021,298033140.3895675,309878620.9,291068182.8,287648267.1
141,2021,343113984.4220519,337776821.7,331225596.1,311366761.8
86,2021,351369841.64293855,351430080.8,329189280.7,341596789.7
139,2021,469550694.6365162,483405214.2,440838043.3,469547480.1
39,2021,691884534.4333475,683357923.8,666017641.1,723338958.6
115,2021,425319661.4236441,426225817.2,436790766.6,418915457.1
8,2021,715495924.2268028,747994966.1,767281502.1,738381351.7
71,2021,759167331.3108132,766651727.2,676653012.3,788788771.4
119,2021,507787877.2474895,527696224.2,566734464.1,540457463.6
126,2021,620478378.0609525,627058921.2,586042082.7,548928139.4
131,2021,717439588.100612,749869966.7,644856356.0,676284356.7
130,2021,399254105.69125324,401157855.4,364105647.8,370848282.0
124,2021,1263358673.7221,1288486448.8,1249625098.6,1300908828.9
118,2021,915065651.4564611,907506502.8,937606280.2,978612829.6
120,2021,732991445.7210302,751044478.4,739652976.3,763641842.6
41,2021,1156610153.1594784,1173418114.9,1262384898.8,1235150818.9
111,2021,859336096.6841846,859145261.6,875317828.2,862378223.3
112,2021,694996882.561755,690113469.5,658103672.4,627300265.0
103,2021,1074403400.213174,1082185912.0,1173516274.0,1174758760.6
109,2021,1137155657.6359203,1150706857.9,1026575401.4,1080358242.0
107,2021,654243029.726087,659657207.5,605027160.2,626476031.1
47,2021,1193877391.5071752,1177969372.8,1243624382.9,1200822558.9
97,2021,1000884707.2143524,1040487126.9,1010310096.7,991440630.0
101,2021,2232219728.8406925,2243418860.3,2142703354.8,2244079126.0
98,2021,1018773854.8474153,1010626540.2,932582245.1,948692683.1
64,2021,614041386.1402551,617329593.7,648146509.5,649950755.3
12,2021,1648343910.5152178,1626115087.5,1676783493.0,1637743586.6
92,2021,1649737488.8042595,1707202187.1,1714937457.7,1760087616.5
88,2021,1439171495.5146384,1465355697.2,1307340288.9,1358562268.8
89,2021,1610369938.9540057,1629763003.3,1589977156.3,1643644313.6
90,2021,1338607455.5019174,1308197263.5,1363810977.3,1352219329.7
91,2021,1199234624.3929713,1169431237.2,1240859078.1,1199204893.7
46,2021,3189760933.628675,3184885543.7,3130883003.5,3098406947.8
82,2021,1917136790.6012633,1981190818.1,1706903198.1,1792662592.3
52,2021,2853294788.2358046,2863617059.1,2733932838.3,2788616550.4
78,2021,1485795360.783205,1522354983.6,1398698961.9,1497821616.3
81,2021,2677600252.7980895,2669385589.6,2572147961.7,2681815499.8
74,2021,1967590215.7928739,1973041592.9,2064450554.9,2111928000.8
72,2021,1959882392.5756357,1987815751.4,2006705355.1,2050075043.2
66,2021,1788180027.2291517,1891520601.6,1927363760.1,2047562816.5
63,2021,1921349465.636603,2019389338.3,1847695608.4,1840598229.0
57,2021,691569988.4757531,735559562.2,621234793.9,643558516.0
35,2021,2712901635.7151628,2804016510.9,2856346582.3,2885136554.7
45,2021,4783312705.808659,4810769136.1,4824672655.9,4805174620.5
50,2021,2898218629.6479645,2939836998.9,2595734602.1,2718379990.3
34,2021,5603580325.385551,5493190087.9,5635782454.1,5630444523.4
37,2021,2532761297.7859683,2565602942.7,2642276268.6,2769431929.6
38,2021,3367916838.487209,3425426597.1,3406166170.3,3543186608.9
6,2021,3003251800.692682,3111329374.4,2703554522.3,2901403900.5
32,2021,3305359410.756965,3236470534.1,3424312698.2,3179863182.8
28,2021,4375467963.776936,4532059452.0,3958696957.5,4202763205.5
14,2021,3889399972.5050583,3941576554.2,3760034380.1,4030237895.1
24,2021,3805687364.2377534,3821025221.0,3471696727.9,3660825431.0
19,2021,4704949674.376446,4745829919.7,4101057301.7,4330618739.8
4,2021,9624890911.612461,9407823628.5,10394999437.3,9772091882.4
3,2021,13760398592.348003,14015467190.7,12321202175.9,13034836249.2
1,2021,18859564045.88828,19068811293.9,16679469979.5,17436793278.8
0,2021,29473342218.814827,29689188532.4,26702160881.4,27817020051.8
110,2022,62169613.1809665,62647235.5,58387172.8,56519913.2
168,2022,57161807.64170437,59543069.1,58717135.8,56841594.4
169,2022,74156763.3862299,75932257.7,81250392.7,79569094.4
165,2022,81491147.74989964,84694921.9,81146893.5,79402784.5
166,2022,116771859.98554572,118408858.3,113352170.9,109924098.1
159,2022,134806188.80365986,139730285.9,121602253.6,124295379.0
143,2022,177884395.82608205,179707550.9,175190231.4,183250729.8
147,2022,280527347.9716649,290347735.7,301130816.6,291628483.4
62,2022,634050992.5952452,627368653.3,568278561.0,592452083.7
133,2022,293835018.7223958,293030636.3,280550501.5,290402108.5
141,2022,316677023.919749,313570814.0,312629842.1,299245423.2
139,2022,519345112.435179,531904972.1,486301082.8,494325663.9
119,2022,651154564.2669317,672676128.0,656933689.5,557064954.1
135,2022,397888263.08591396,421619553.5,361952899.1,350692821.7
126,2022,560223449.4446416,565501787.9,556588437.1,538464846.2
131,2022,624906316.2703016,644397495.7,670840951.8,652973977.3
39,2022,1034378025.6416997,1026098871.0,969378735.8,949348496.8
130,2022,378197320.1003557,382024835.1,352805860.8,360371249.1
124,2022,1358103035.9341817,1380574474.0,1311150761.8,1336039895.5
118,2022,968798142.5808535,959646800.7,1003148689.7,995555882.7
120,2022,769273703.911636,786031552.9,761298284.1,752267575.7
41,2022,1350436968.1406224,1360376825.7,1369413136.3,1268886720.8
115,2022,599213610.1030061,606438817.0,633145204.3,617879762.3
111,2022,1037061069.2685769,1042012704.5,965109289.9,905072676.5
112,2022,643976646.352136,643925317.5,623054266.5,603886722.4
108,2022,976569267.9053891,982717939.6,1069885024.1,1047809353.9
109,2022,1099727146.5781646,1091669352.2,1113086753.6,1094359953.6
107,2022,620519034.1619512,628982166.7,587268973.5,603463024.8
47,2022,1392994389.1226592,1384929305.3,1310005394.9,1225910285.1
103,2022,1429314970.3544993,1434007018.1,1380555827.6,1259898147.3
97,2022,1176703666.9652276,1221455738.9,1076713314.4,1021388059.8
101,2022,2368202095.178797,2378870063.0,2212749021.8,2280979288.5
98,2022,858137857.6179218,843960777.8,967166892.5,929494143.1
44,2022,1385340709.59305,1404325802.9,1375858937.7,1369097685.6
94,2022,1229976097.388822,1237120311.1,1347345243.9,1328658023.6
92,2022,1743323874.537563,1851472719.9,1791267152.6,1778759529.6
88,2022,1257038033.740764,1248221892.3,1378819595.6,1325753933.1
89,2022,1706950467.375655,1734919266.8,1706042442.4,1684800349.6
90,2022,1578360404.1559446,1546643016.1,1463942950.7,1374389446.6
91,2022,1430554147.6797748,1372364694.9,1335172205.8,1225004050.9
86,2022,937315471.927563,949818391.7,886785855.0,916758074.5
82,2022,1763721787.2434733,1790667304.2,1802333151.3,1802469537.5
81,2022,2861031311.698395,2856432262.6,2654432812.3,2739685577.1
78,2022,1513013201.3301091,1550127910.9,1497827137.4,1526698803.2
76,2022,1504737006.0997202,1541513461.1,1531407367.2,1502686805.1
74,2022,2338102858.411475,2303713884.6,2197590648.3,2119520060.6
71,2022,2719844617.0046587,2705785079.5,2343879744.6,2527484153.0
8,2022,2247013657.7488194,2337177479.4,2247508087.5,2015919188.5
72,2022,2067294510.1388326,2115056950.6,2015889222.2,2034930317.7
70,2022,1564150723.2776847,1587840462.8,1521061459.7,1525349197.7
64,2022,848350798.1467117,847142534.6,910395661.6,948806832.8
66,2022,1789557405.9343078,1995961706.3,1936037119.0,2072308907.2
63,2022,1845919691.4896235,1912425789.2,1936151383.3,1879501653.0
52,2022,3871926798.615017,3884381811.8,3556407355.9,3625996341.5
57,2022,664331629.1715443,711835087.3,603965968.8,620540595.2
42,2022,4114562185.778101,4108758495.1,3928915625.9,3990757239.9
35,2022,2898207780.04548,2985048450.9,2877308692.3,2872533326.8
46,2022,5631912117.487315,5586345089.0,5451600464.6,5322920195.8
50,2022,2514929659.4090962,2523042120.7,2693884361.1,2619472380.8
45,2022,5401049358.479355,5423519183.2,5284739987.5,5217277004.4
37,2022,2606768541.834592,2624926698.6,2784716624.5,2814129160.4
38,2022,3677311744.425354,3683923176.5,3694561619.8,3623697301.8
6,2022,2907681678.636681,2982294375.2,2881544421.8,2896513822.9
34,2022,6666771170.433104,6560502456.2,6541924771.6,6429351416.2
21,2022,5476853052.098877,5430340492.1,5875723972.0,5007204012.1
32,2022,3732566476.176553,3676105342.0,3609130295.0,3215118078.6
28,2022,4395707324.837428,4413750921.3,4344228205.7,4246256608.7
14,2022,3945811076.673752,3977436457.5,3979215402.4,4028272036.5
24,2022,3487950330.4651384,3478418471.0,3621940224.3,3654897766.8
19,2022,4191262656.8250375,4117829040.8,4281353299.4,4222064828.4
12,2022,8717644268.079163,8482062960.1,8164529530.5,7418127338.4
4,2022,10852608997.516132,10503438789.7,10986501384.8,9663513587.5
3,2022,12993115531.620388,12949629214.2,13265448165.3,13118406318.0
1,2022,17075589079.648085,17043370016.9,17368185121.1,17306468503.8
0,2022,27178061979.953987,27142587280.3,28195264907.6,28047438395.6
168,2023,60691057.01439111,62705098.2,58778118.5,57204675.5
169,2023,81735190.32741314,83027467.3,80456446.9,80406734.8
165,2023,87788611.97713195,90150374.0,82424015.7,80300524.3
166,2023,111028058.08423467,112592297.3,111138953.0,110482549.3
159,2023,158258589.7205695,167182327.5,132503673.5,132493934.3
56,2023,226970801.38246837,239537140.9,216278466.8,221553612.5
147,2023,302135522.2416829,308752050.8,303266187.0,296928708.6
143,2023,330710435.53785896,336137986.5,306113905.1,312453366.0
145,2023,445800148.3696848,464179053.6,256292326.3,268524512.9
141,2023,384126253.5607151,376400781.8,350099922.4,323546192.0
133,2023,400523525.1920541,398979924.9,356464117.0,358057707.3
139,2023,485810467.3894012,498170118.7,465413102.9,464313732.6
119,2023,544105323.5141356,563404116.5,563581721.5,507341023.7
125,2023,1050822945.5576698,1047446130.6,1149632536.3,1058194895.4
135,2023,384934032.07355773,411994005.5,355723470.3,357494476.5
104,2023,728084936.4163523,746489427.5,773048407.1,768861267.5
131,2023,669674425.3765231,696609951.6,660588605.7,663619180.0
126,2023,712796469.3201863,720139930.6,639441097.8,584700084.5
130,2023,442103987.0240887,449049379.5,383400703.8,385521080.8
124,2023,1203803265.2195542,1223308803.7,1236733895.1,1285212019.0
118,2023,945340258.5292361,931944113.6,979927442.7,975948452.4
120,2023,772313096.5070775,793839314.0,739294058.7,761660846.3
114,2023,1139667061.715654,1147401922.1,1123722446.6,1113250077.1
62,2023,1155420562.794948,1129300007.9,1081194845.4,1192548250.7
115,2023,714508916.2606938,719177003.0,699145387.6,662861089.3
111,2023,867936082.49407,873381135.6,914293045.6,881035054.2
112,2023,765486963.9823328,768571151.3,687541813.4,644762552.3
108,2023,1038149495.4529691,1044873041.3,1067869839.9,1060068706.6
109,2023,1075415007.0783303,1078085061.7,1075152447.2,1066185859.4
110,2023,1008123248.5998136,1004135179.2,1022894228.0,945530843.4
107,2023,722150920.8272358,738177715.6,637074043.3,646977958.1
105,2023,935886431.9881554,964584564.7,976538456.2,885059797.0
79,2023,1152387370.0510266,1170485748.0,1077786179.3,1065964843.8
103,2023,1259087210.347857,1258672742.5,1333192484.3,1217291271.3
97,2023,1003373710.699057,1042583950.8,1015531201.2,997914591.6
101,2023,2082060260.197937,2093351214.0,2098877062.6,2209477896.3
98,2023,963693532.2197903,956062276.5,945307230.7,929488026.0
94,2023,1306431919.2016337,1318060805.9,1340846806.4,1344027147.1
85,2023,1665753299.4599748,1632522096.6,1763250434.3,1607801612.7
92,2023,1698815504.8042002,1779853592.3,1799197400.9,1755317435.2
88,2023,1387333772.2693577,1378569528.1,1357893953.2,1350191309.7
89,2023,1668234625.7897084,1699155788.6,1671042561.6,1637948923.6
90,2023,1322629475.888224,1294569622.7,1390014815.5,1340682002.1
91,2023,1176360381.3568203,1171747092.0,1220952854.3,1216351216.6
86,2023,1079403680.5151792,1113329613.6,955359121.7,980900954.6
82,2023,1792313111.102924,1828525822.4,1750075548.5,1743574693.6
81,2023,2507040396.0472174,2495822381.3,2523926129.0,2640574644.2
78,2023,1553570408.0918565,1584853741.0,1507948775.2,1519817168.2
76,2023,1593383953.235472,1624822444.8,1547949945.1,1501883403.6
74,2023,2138686307.7068343,2106416098.1,2215293223.9,2048990747.5
72,2023,2041848799.6010542,2078103439.7,1984759431.4,2021782716.1
71,2023,2461800447.266106,2444576453.9,2217874115.6,2426249243.4
70,2023,1688010635.4100137,1716867346.9,1517743100.9,1507043060.3
39,2023,2445090243.261455,2374229754.2,2443342449.0,2513919127.9
66,2023,1753182822.712735,1897978552.4,1964914203.5,2042621691.8
63,2023,1928313106.9600291,1995191846.3,1929771735.6,1868769043.2
64,2023,976186276.2301329,972891484.1,978307252.9,1014099765.7
57,2023,818734948.8717072,875848142.1,700591580.7,709057668.8
52,2023,3522306255.1244106,3532463037.0,3587833778.4,3715554724.2
41,2023,2937536508.227604,2943081495.5,3247719380.6,3072199675.2
35,2023,2906928522.956235,2994728163.6,2880033116.7,2916232497.9
50,2023,2717666969.891796,2736484378.9,2671384627.1,2670521512.7
47,2023,3072975266.032423,3003622324.5,3216320603.1,3051574680.2
45,2023,4935074393.714637,4965615067.8,5147312923.8,5131322254.9
46,2023,5344437198.088957,5303337986.9,5545142176.2,5548524114.7
42,2023,4962935691.135066,4939016489.4,4923789070.8,5047601574.7
44,2023,3117575238.060308,3120868964.0,2970285161.4,2911030821.7
37,2023,2532595508.196229,2552234142.0,2761135254.0,2779266401.1
38,2023,3571623616.6340437,3594147156.8,3616351190.7,3538709002.2
34,2023,6027218760.973142,5897615000.0,6267907452.0,6252755853.1
32,2023,3298101048.722153,3261441553.8,3363510003.3,3192300511.3
28,2023,4303056118.735255,4366377645.9,4154748273.2,4087711152.9
14,2023,4030636703.0991426,4061208929.9,3962766783.3,4024760372.4
24,2023,3548864882.247769,3547932433.0,3555638026.7,3590869444.0
21,2023,5855784650.768397,5814563473.0,6768859818.7,6135821789.9
19,2023,4444092370.449623,4421756614.0,4231421200.8,4225999517.4
8,2023,6504665683.325333,6553126798.2,6623661651.6,6337096737.3
6,2023,6460349692.151358,6472683910.7,5921435420.3,5903340130.3
12,2023,7475141835.017373,7230523115.2,7881394369.3,7373503472.8
4,2023,10048144781.483685,9781665527.6,10361278607.2,9667257515.7
3,2023,12920336198.113321,12914918121.3,12874144076.9,12716027106.6
1,2023,17600943241.60112,17676803300.9,17050714945.2,16992775828.7
0,2023,27252010380.175705,27286422160.6,27472394388.3,27269005816.4
168,2024,57735638.43439558,59904991.0,58415334.4,56907939.2
169,2024,81274509.71605958,82675898.3,82713265.2,81114409.4
165,2024,85691776.80718413,88496570.2,83188758.5,80951351.6
166,2024,104634323.42123127,106343763.9,104402431.6,106816330.3
159,2024,162967093.5338387,169539080.5,127015393.3,131110134.0
151,2024,293220047.4429233,297162188.7,287229096.6,294959771.7
147,2024,293787163.8557868,302318544.9,299485063.8,292450544.4
145,2024,431846313.9934036,448597125.5,261563914.3,265173545.8
143,2024,415292166.4552246,420289373.2,357569667.1,379504158.9
141,2024,394892425.0117403,390854598.8,331037005.6,318327844.8
139,2024,444807130.72796106,457415375.2,439726452.4,456185509.7
135,2024,355466761.2463072,382521354.7,327096149.5,335969977.7
132,2024,608122396.3199265,618746265.0,615896443.9,592194188.4
133,2024,497839866.79450375,497439754.3,407002671.4,424074937.6
131,2024,680825741.4973792,696117478.8,687278749.2,671092679.1
130,2024,468578745.4849439,477477393.2,367717603.6,384249177.8
126,2024,720016640.906385,728819375.9,620759503.5,601972434.7
125,2024,1247007357.0111237,1236511116.2,1412515190.1,1292117815.3
124,2024,1282763568.6980674,1303997272.3,1266714610.7,1293261597.1
118,2024,1003927552.2135667,989786701.9,992907712.7,1004792080.2
119,2024,837825624.543976,857855276.1,864391457.2,748554796.4
120,2024,809726363.3652045,829997259.3,734335009.3,750210184.8
114,2024,1145467733.8338346,1154111571.1,1093706554.0,1086393379.2
115,2024,752791517.8147697,760762652.5,677541882.2,652731197.2
111,2024,915629562.111047,914502610.4,926758335.3,906742318.7
112,2024,797355322.216868,800501610.2,658440299.6,635751772.8
106,2024,1180568030.011565,1179694867.7,1131180260.3,1078736076.4
108,2024,1064336514.0092915,1071831794.1,1088191421.1,1062952739.1
109,2024,1151903573.8849115,1156414158.0,1095595162.5,1094906927.2
110,2024,1082321569.0721252,1083515618.8,1055718231.6,991157751.0
104,2024,1273765378.2709093,1293521568.3,1264738893.7,1292086454.2
107,2024,761292241.0223707,774920793.7,614543454.5,641054356.7
105,2024,1028187175.4566789,1061270737.1,1060277519.3,934558423.4
103,2024,1371575000.7872782,1379559676.4,1407056758.6,1274278163.9
101,2024,2246937344.6548285,2258146662.4,2156689862.9,2214487319.8
98,2024,951269533.7154384,938735324.3,987575826.5,941208466.4
97,2024,1148930393.2917938,1196204606.3,1069942107.7,1034021875.0
94,2024,1335894045.7386222,1350553984.8,1367948779.0,1343999297.0
92,2024,1821036523.547133,1892713251.5,1832856219.6,1813285884.4
88,2024,1363992887.4604006,1363429891.5,1390099338.0,1356778418.0
89,2024,1748213099.9789872,1774428868.4,1709095076.1,1707382775.0
90,2024,1386686579.4443784,1354793705.7,1406070445.4,1364060125.5
91,2024,1390022806.4953446,1326486921.2,1297579344.3,1211929042.0
85,2024,1882209012.7800465,1858395439.7,1931472633.1,1747499358.4
86,2024,1145774800.4027107,1167331268.1,925753295.1,977468948.3
82,2024,1844022825.7515116,1879576899.1,1797897833.6,1787309461.6
81,2024,2703814893.6538525,2695945681.5,2586232888.2,2660641550.9
77,2024,1461354443.6920025,1476830798.5,1325748090.9,1499331450.4
78,2024,1538518387.446516,1572968825.1,1528581328.0,1523536402.0
79,2024,1726620121.1820512,1757314476.8,1634188235.2,1564021077.6
76,2024,1614278135.6008525,1644643027.9,1581554927.7,1514994768.2
74,2024,2289655754.500377,2274686014.4,2271693634.5,2141845584.7
72,2024,2201937543.992584,2228272142.3,2008976411.0,2016730904.3
71,2024,2527709889.9834538,2507709166.2,2242522287.3,2561028735.3
70,2024,1616996214.1727233,1654113353.6,1515267117.3,1523742142.7
66,2024,1927870233.1458712,2112079898.4,1950276211.7,2091306640.5
63,2024,1956804233.1553938,2034791113.5,1978050667.2,1880462870.8
64,2024,1142678416.1416996,1141358240.4,996404778.3,1001397003.5
62,2024,2637094043.585196,2526247956.4,2431976592.1,2667859950.4
57,2024,906819552.7500325,970514463.3,692513659.1,720896179.3
56,2024,2242914186.983403,2251329722.1,2018625697.2,2004662616.7
52,2024,4320893692.146549,4343344964.6,4148538982.4,4179852893.1
50,2024,2709461100.1194787,2727633581.2,2738708836.5,2682680675.8
41,2024,3419223807.0560117,3401650936.3,3862127864.3,3660581489.8
47,2024,3199856052.7517595,3137550000.7,3179024461.4,3139425753.1
46,2024,5773152545.350171,5721060743.8,5713819628.4,5575069616.5
45,2024,5255945520.622913,5288319523.2,5274477937.8,5194837561.8
44,2024,3271432670.4620757,3279330887.2,3096736129.3,2978181936.1
33,2024,3043924151.2260895,3017010259.5,2782178548.0,3019843908.0
42,2024,5094973706.42637,5065327668.4,5179695798.6,5375101867.7
37,2024,2748721048.265079,2787900305.5,2763658907.4,2866242567.6
39,2024,3960265637.4686837,3831976159.9,3858342993.7,4091159992.5
38,2024,3739361030.0783806,3767532629.7,3670364312.0,3689048091.4
35,2024,3787005704.5502567,3893043931.8,3523000559.9,3528896241.0
34,2024,6351240561.795858,6234695090.0,6361462711.2,6280430804.6
32,2024,3642446993.688354,3615033793.8,3504638475.2,3241080937.8
28,2024,4464817596.688716,4569142554.8,4212780232.2,4251896361.8
24,2024,3808755826.5827503,3805590779.7,3640998175.0,3616041903.9
21,2024,6517039579.142111,6463476453.8,7141156545.1,6203132832.4
19,2024,4439760960.683177,4422720931.1,4370081907.1,4329238253.3
14,2024,5141162170.656698,5162262583.2,5134067222.5,5114009812.1
12,2024,7752545579.184282,7503420299.9,7928242824.9,7558937652.9
8,2024,9796467001.207985,9779887562.6,9496989004.9,8872085629.3
6,2024,7648315513.756416,7581687157.1,7141529316.1,7140663634.4
4,2024,10945266313.911976,10704380717.2,10736338692.0,9852099416.6
3,2024,13758526536.799656,13775081836.4,13196939847.9,13184571589.3
1,2024,17832873875.526405,17883043752.2,17394683177.1,17372251479.4
0,2024,29107606003.24433,29087265713.2,28069550949.0,28004555961.2
10,2014,97669694.63700035,98060601.6,95215235.1,95369801.6
163,2014,182075617.57807556,183155129.7,167401566.4,170911235.0
152,2014,255555412.16464144,254708232.4,246594448.1,247837201.6
157,2014,273295887.6624567,274171972.5,251927601.2,253839190.8
158,2014,260807317.30712426,256309522.1,268283015.2,265287353.5
154,2014,349827485.01403993,343035873.3,313465617.9,315233327.1
149,2014,264954639.12865818,256453322.4,249828058.6,250851927.9
153,2014,274760477.97137606,270423790.4,249001692.3,255345392.6
99,2014,501540089.07141,500994488.4,459127750.7,461882866.3
144,2014,643538512.5696615,630705709.6,580684484.8,600779470.7
137,2014,725545354.8639725,717424390.9,653925071.1,682789257.5
23,2014,1044902064.299851,1047886324.1,985097536.7,994357091.5
128,2014,765844640.9932594,760244437.0,765084013.1,758705123.0
84,2014,823613424.5691605,823274881.8,810632967.5,805026373.2
121,2014,1230147631.3352027,1223397323.9,1140602674.5,1156366976.2
122,2014,952224584.3195015,957736265.7,896759891.5,895468361.9
123,2014,1062863535.4807191,1065712253.2,995562203.0,1004534825.0
116,2014,1475994614.7126145,1467491280.4,1399596874.7,1394650854.2
113,2014,1306110523.5360441,1296845140.4,1252201413.9,1269985043.9
68,2014,1851822212.0983164,1853009798.4,1758071365.2,1757916727.3
87,2014,1557162763.6738186,1556851752.6,1475219656.9,1473565539.7
15,2014,1602891348.4927745,1594481147.5,1528408078.7,1541844119.6
102,2014,1309305549.7096128,1296134812.2,1311454218.5,1295880619.6
100,2014,1453687256.648203,1489904879.8,1408945333.5,1476730745.6
31,2014,1775353949.7673168,1772392957.2,1683536765.5,1712933728.2
96,2014,1597168416.9740367,1595278357.7,1538098786.3,1535785516.9
83,2014,1527271195.7797477,1523923590.2,1450479943.7,1480307176.1
59,2014,2994234304.7942595,2990338439.9,2706387140.9,2747878756.6
67,2014,2457687136.4028893,2488417419.4,2344784461.2,2359323329.9
18,2014,3584950536.919964,3575929443.3,3300484897.8,3338478214.7
25,2014,3296314957.994352,3280968133.8,2934236158.3,2988039831.9
16,2014,3881053781.8493867,3878014086.9,3652367499.0,3687269883.6
20,2014,3657817450.329056,3657072996.9,3394025879.6,3416265303.1
60,2014,3889438030.5853157,3890466286.9,3628738451.7,3640911387.0
61,2014,3573211606.256414,3552612868.6,3229955125.6,3260628243.7
27,2014,3574188917.2698116,3582671768.3,3308227329.9,3345648914.0
55,2014,3460987185.231479,3485057714.1,3206772083.5,3194239012.9
49,2014,3305116580.8250484,3267088764.8,3144772053.1,3130696845.2
26,2014,4131772979.963124,4120025408.2,3888559961.1,3860968074.9
22,2014,4168969475.1566052,4160051961.7,3647035760.9,3745100357.3
43,2014,4922238711.16337,4914205922.4,4385211518.6,4351336579.1
30,2014,4774596731.545551,4761432353.4,4436734085.5,4426588958.8
7,2014,5831087662.105974,5811020319.2,5387026889.2,5451166912.6
17,2014,6288571304.818456,6249055427.0,5942115555.1,5963717839.0
2,2014,6399198705.955023,6373710872.0,6037098291.9,6031940557.0
11,2014,9383894078.999634,9328827777.5,8450299153.3,8503791186.3
13,2014,6990725431.281004,6995563682.3,6940260279.0,6792830286.4
9,2014,9506483306.35983,9559075411.6,9001201666.5,9048265782.5
10,2015,102765727.07138306,102731724.0,97300611.8,94656990.0
163,2015,202260188.0302002,203309853.6,175405134.6,174754379.8
152,2015,279377871.64886487,276740484.8,260278231.2,251724224.0
157,2015,290948189.28626966,295212816.7,260683882.8,257402877.1
158,2015,292350481.1207974,284434210.2,277195109.1,267883777.1
154,2015,378227176.0800992,369568243.7,337942032.2,320740612.3
149,2015,300206172.92755044,290918472.2,264325641.6,251646219.7
153,2015,314862741.90331256,304267228.5,275180340.7,260039457.1
99,2015,549191237.4084253,548195453.2,483749167.0,469148560.8
144,2015,702876364.9337308,687535966.6,627195248.2,603988113.0
137,2015,794013591.195965,786380120.6,706141053.5,696840451.3
23,2015,1060114927.4959353,1059889172.1,1015111491.5,996399348.6
128,2015,833427007.1860188,835745111.3,800642915.2,776893857.4
84,2015,889513713.4001826,885184832.5,848734663.8,811388042.6
121,2015,1241669487.0651326,1259739223.8,1178416276.2,1154012755.1
122,2015,1029587935.166305,1016146102.0,945362313.9,910592834.9
123,2015,1130974352.789263,1135084092.9,1034474191.4,1016944850.4
116,2015,1528623263.1695719,1525019374.8,1437727552.2,1393677398.2
113,2015,1405919377.826495,1416009055.6,1323009177.7,1299125234.8
68,2015,1897208909.1225457,1907334702.4,1822079686.6,1782403502.8
87,2015,1737915466.4748716,1727722973.5,1542972244.8,1504030172.2
15,2015,1753117471.970177,1747689398.5,1606007721.7,1582010424.4
102,2015,1493709770.5554748,1483449597.7,1372035519.8,1315059162.0
100,2015,1639470804.60157,1628683178.2,1520669719.9,1492509002.1
31,2015,1917964515.5515027,1915460618.3,1785163979.0,1749308404.6
96,2015,1787767331.6741524,1778571273.2,1603314288.2,1545392466.8
83,2015,1684197624.3036656,1694839154.0,1512581357.1,1512408899.0
59,2015,3135199879.8256946,3137187737.0,2860097242.7,2771168885.5
67,2015,2585976348.7522635,2612822506.3,2420108315.8,2353701539.4
18,2015,3589416013.2522554,3603715176.1,3385952212.7,3328067868.2
25,2015,3478516494.409025,3474171086.7,3027272641.8,3027607414.2
16,2015,3907096879.1532135,3917759863.4,3749522270.0,3685916263.0
20,2015,3697747222.9324036,3700755335.1,3520454733.8,3460990288.0
60,2015,4003312169.665137,4000954471.5,3768542182.1,3670951568.2
61,2015,3645309693.6038904,3653901209.0,3392018480.7,3297623742.0
27,2015,3760360867.7714443,3763283641.2,3478795954.9,3379006710.4
55,2015,3661660643.3226805,3641134969.5,3313931925.3,3252978667.5
49,2015,3686947512.0403805,3657876921.7,3229432983.0,3162681152.6
26,2015,4525553510.299125,4515388049.8,4064133739.4,3987900219.4
22,2015,4388559982.989452,4397736523.7,3813432430.3,3767196845.9
43,2015,5332475090.575487,5304644759.7,4566847304.1,4394702487.9
30,2015,5015043739.317688,4973273995.3,4628208918.5,4523573126.1
7,2015,5871164838.528465,5887277595.2,5535547166.7,5490015472.6
17,2015,6907779473.37554,6963003170.4,6118666429.8,5972763553.5
2,2015,7097428920.881069,7102710036.2,6317520124.3,6249723800.9
11,2015,9453097669.118618,9403152096.5,8769362886.4,8501560681.8
13,2015,7576148847.408606,7532428668.5,7101715465.5,6793029541.0
9,2015,10005095251.593597,10066107325.7,9265033049.1,9070591006.2
10,2016,92525582.12875757,92332113.5,94384222.7,95092637.4
148,2016,68985144.96838948,68943589.6,70302037.4,70171079.2
163,2016,179694451.03889027,180133756.6,167720317.0,171300370.9
152,2016,249188192.02906707,247473063.7,248290292.9,250353704.4
157,2016,243870975.87962615,249252451.1,248914680.6,254628753.8
158,2016,267826996.8951092,258861343.2,268431949.0,267083641.6
153,2016,251616274.48561656,244278791.9,255900578.2,256623729.6
154,2016,401088810.7724403,393594665.7,390501854.9,389748470.1
149,2016,287389069.9666851,276966374.4,300049493.8,298916968.1
144,2016,643381506.5628792,630250157.0,616824914.2,606303205.3
142,2016,560423314.7717438,560630335.3,576517197.6,576888933.4
137,2016,698303638.9372652,693897149.1,705178755.2,714420286.3
128,2016,786363549.6135732,780063633.9,848679884.8,836568704.1
121,2016,1109730592.2570693,1105190608.2,1136874794.0,1135428267.5
122,2016,886062324.2207539,889103012.2,905630359.9,897691029.5
123,2016,962864983.4539015,957632562.1,989538353.9,1012405845.3
116,2016,1401154959.080813,1396252791.3,1412775990.2,1406402382.1
113,2016,1241337806.1802535,1245675762.8,1259758582.4,1283756199.3
87,2016,1575802120.047388,1567224857.1,1494540605.7,1494819669.2
15,2016,1553873061.2790236,1544383203.2,1538289346.1,1554535549.8
102,2016,1288122196.0074272,1285195615.7,1304855696.3,1308923855.5
99,2016,887064287.75295,886880319.9,942047352.2,949485869.4
100,2016,1396883669.4406347,1375170029.0,1456737990.9,1476052014.2
96,2016,1566782407.134572,1573631590.9,1537729440.8,1550875113.7
84,2016,1822991455.738184,1818283182.7,1940597819.6,1961983978.4
83,2016,1377137944.613638,1381591989.9,1448679983.0,1512259431.6
31,2016,1929236515.4253776,1930274854.3,1941364631.0,1987535769.7
68,2016,3322428198.5880585,3317709424.5,3340179151.7,3336312086.4
67,2016,2295566844.6849613,2311483355.6,2376774575.6,2370302492.7
23,2016,3005313481.017372,3019137264.6,3079884486.5,3098982581.9
65,2016,2980098087.772357,2976614291.6,3046589249.5,3053728128.8
20,2016,3351312310.5193777,3346228022.7,3413186565.8,3422168100.5
25,2016,2987323992.4639783,2986197840.7,2975964411.8,3028902284.5
59,2016,2949199241.2369223,2964443793.6,2918350501.0,2956011828.5
60,2016,3672026065.2942567,3670161103.8,3671226394.5,3679667599.9
61,2016,3255942156.923907,3246603007.4,3254031532.3,3266197237.0
16,2016,3611679303.7363977,3612409900.7,3679412290.4,3686194505.7
55,2016,3299226920.4368496,3269416836.8,3255619982.8,3259806844.3
27,2016,3692465047.120751,3704931811.3,3611255517.8,3632592726.8
18,2016,4233861765.5966177,4214033640.7,4287841600.1,4296374990.9
49,2016,3262637716.698373,3261269485.0,3102341413.0,3128450669.7
26,2016,4083061829.7638416,4071335970.9,3938043329.5,3942377016.9
43,2016,4589365776.258812,4573500179.8,4386435367.9,4376804595.7
30,2016,4403680927.971997,4411267224.6,4464774111.4,4494158328.5
7,2016,5339061345.851536,5266734141.7,5379248335.6,5379661678.6
22,2016,5205168039.149557,5204907193.1,5111932443.2,5181848160.2
17,2016,6211831075.56147,6193626122.7,5905269322.9,5991009208.5
2,2016,7099171961.12775,7073364984.7,6841882914.8,6920844687.7
11,2016,8488083039.121693,8396822414.1,8447955202.5,8470274497.8
13,2016,6396619174.328681,6361701651.2,6822489084.8,6780728673.4
9,2016,8738927002.253695,8754245885.1,8889399713.4,9126992837.1
10,2017,101323662.91135149,100899243.0,96608071.2,94984253.4
162,2017,209423174.03179404,207955483.1,205867182.2,198462509.1
163,2017,195026927.59397793,195042215.7,173229543.0,174637220.7
164,2017,258430654.27035797,257516656.9,247866405.0,246999039.4
157,2017,270319364.9013139,278594488.0,254752501.1,254134278.1
158,2017,274530246.2033002,264901114.8,279822752.4,267305947.3
152,2017,395953031.86689687,389857714.3,386187793.4,375366783.3
153,2017,285898842.9405657,274017766.7,275582115.7,255166014.8
154,2017,453466695.17873114,435990561.0,417450831.5,391478519.6
148,2017,360199539.73274183,360203599.8,345799614.7,350722829.1
149,2017,341688715.92250293,324918224.0,318994856.3,300997741.2
144,2017,676534781.2978485,660601567.8,625991253.3,616270560.2
142,2017,623895129.1796707,622238795.0,614045708.9,583956798.0
137,2017,813346853.1527499,803054939.7,736004074.8,716370257.3
128,2017,867094570.102815,867718093.3,886048655.0,852136053.3
121,2017,1190322713.0425777,1198525950.0,1182869376.3,1144585256.3
122,2017,970532637.2783382,960288904.2,954756126.2,917914035.3
123,2017,1063962370.6283226,1074561880.4,1039951409.4,1039577641.0
116,2017,1543226759.7460115,1538009192.3,1465164729.2,1414513244.7
113,2017,1312897687.3253372,1310233780.4,1281796882.4,1258613028.7
80,2017,1886782060.6654985,1884039200.2,1743937967.7,1722053394.2
15,2017,1603629105.3963764,1604779285.5,1563402810.1,1536196829.4
102,2017,1294213325.178538,1295994826.0,1314592442.0,1313372214.3
99,2017,1063600667.7468154,1062770857.7,996038360.2,942975286.2
100,2017,1515024515.2682853,1481728668.7,1526915367.2,1450194917.0
96,2017,1590224283.5452144,1603336980.1,1557381224.5,1560466511.1
87,2017,2363139800.1126685,2349940035.3,2229872942.4,2223477001.2
84,2017,2025324490.326159,2030167486.5,2047265619.2,1996109325.2
83,2017,1463887920.5851479,1467437819.0,1555038153.8,1555779720.3
31,2017,2042536115.5074556,2049502094.0,1993919703.6,1949060784.8
73,2017,3059299432.775651,3057299624.3,2839119137.5,2777383629.7
29,2017,3164925080.583071,3153013731.6,2822114102.8,2776541488.8
68,2017,3504229023.7711763,3500669518.9,3453146768.9,3388808783.1
67,2017,2526811910.421167,2549553545.8,2481626887.2,2394907169.6
23,2017,3246405035.089803,3245967004.8,3205595145.5,3120191631.1
65,2017,3189394059.83898,3209864881.8,3148289571.1,3086365428.0
20,2017,3585083019.648013,3574600287.0,3527001516.7,3438614808.4
25,2017,3425721084.5424128,3402136710.5,3036000935.4,3010705265.2
59,2017,3099396293.708973,3134654320.7,3043645952.2,2989053180.9
60,2017,3855302570.738778,3844288797.3,3779569962.2,3667856754.1
61,2017,3450265585.665848,3442555696.6,3359091454.7,3284069702.5
55,2017,3656691250.9679737,3630035822.4,3367773091.9,3309774878.8
27,2017,3835135018.0251074,3837589776.6,3769138520.2,3682227568.1
51,2017,3938011807.2640295,3926077186.9,3678448778.0,3595544646.0
49,2017,3242795260.7338305,3241572897.3,3131024693.2,3155912084.3
43,2017,5169837870.433116,5130863108.3,4565535756.9,4404056290.8
36,2017,3970415069.6509447,3961223232.5,3844719253.9,3920905556.2
30,2017,4906127210.974569,4876383616.5,4705538505.3,4580674126.9
7,2017,5766388163.70694,5768410375.9,5639382839.6,5503204583.7
26,2017,5807866825.148243,5797631473.3,5512192044.6,5456290838.7
16,2017,6903987822.575443,6888665469.6,6778574426.0,6627245549.1
18,2017,6698020651.056972,6698004508.3,6602537092.1,6440917713.8
22,2017,5904115291.41001,5916010739.9,5258310501.7,5139592926.3
17,2017,6296488796.170551,6271436965.9,6020498862.2,6041059666.9
11,2017,8992556587.196724,8983468239.0,8750924926.4,8466149786.0
13,2017,7174380638.191248,7134373425.5,7304152218.3,6971620265.9
2,2017,8161728506.601526,8120479234.1,7858928912.6,7826631619.4
9,2017,9881658907.347733,9900466167.0,9344176550.8,9292065219.9
58,2018,66235665.8023276,66707271.9,61780966.0,65244125.5
5,2018,149805028.2035293,150524556.4,143204797.1,144238762.1
162,2018,189512225.5807026,191820713.3,191971971.3,191203552.3
163,2018,162911535.92562973,176658031.2,165047642.0,169486451.7
164,2018,240943163.36220452,243851434.2,240045948.1,239932528.0
157,2018,247517256.96512774,256289956.8,244108689.0,250774669.5
158,2018,260890088.39992988,262939653.8,269514916.5,268914667.0
152,2018,402883682.89163303,419321010.5,400422479.1,407143337.2
153,2018,245976100.6827093,298271455.8,249335560.6,253294713.6
154,2018,394908916.0380252,419058501.2,381716179.5,384520684.2
148,2018,351183640.00235736,366889458.3,343661024.1,346645817.1
149,2018,275983240.72393537,307415923.0,288197497.2,294214001.9
150,2018,408681015.95778114,419360819.9,408037810.1,410793353.0
144,2018,595357576.504883,616904598.3,586764333.6,598281816.6
142,2018,587701676.8872458,639050669.7,569055799.2,599089351.7
137,2018,696595836.8688828,734044370.8,677579167.9,709316225.6
128,2018,807886458.3451412,893966048.4,827368021.6,831223905.0
121,2018,1163463220.4100497,1194741297.4,1112504687.5,1147828272.0
122,2018,927749733.0495844,1069400511.3,884372441.5,895514044.1
123,2018,999077486.5073799,1106906267.0,964070701.9,996802420.2
116,2018,1438200447.7999892,1416383797.8,1377925398.0,1395932479.1
113,2018,1311850440.9176877,1365347244.9,1221126438.9,1282877310.8
15,2018,1607407770.2880735,1705025800.2,1484199619.2,1552300549.6
102,2018,1257396363.8345597,1327279500.0,1242830799.6,1281028425.0
10,2018,2017102512.1131916,2070526401.2,2032298635.8,2020558753.2
99,2018,893470959.4334357,1144453223.2,905880871.4,940474174.1
100,2018,1441339250.6217082,1567957461.3,1399019773.8,1490100377.5
96,2018,1569730151.8699448,1610480370.4,1487999403.1,1531914135.5
87,2018,2297835731.512269,2366153012.5,2129292897.2,2195067063.8
84,2018,1865091279.920562,1970344251.9,1890699426.2,1925424772.0
83,2018,1483589256.534274,1856737820.4,1479564666.0,1501010657.8
31,2018,2091091095.477258,2261073940.1,1915387327.5,1988965113.7
80,2018,2602071355.3285437,2636006336.3,2493897649.6,2512580734.0
73,2018,2900304396.310993,2948936997.1,2698454669.2,2723950259.8
68,2018,3429659003.5593734,3341855595.7,3339885195.9,3360889682.5
67,2018,2399738644.974613,2557537583.9,2335904527.6,2346418206.2
23,2018,3169581162.082947,3326777355.6,3065075730.2,3120831065.8
65,2018,3134404003.3045893,3268362675.5,3015586926.5,3064199750.1
20,2018,3502895868.9893146,3642331303.6,3384771343.7,3413122024.2
25,2018,2977753939.1077213,3026423127.6,2898355963.4,3006243383.5
59,2018,3061850671.3730116,3424261982.4,2906821148.5,2949581313.1
60,2018,3764737944.7962437,3824536980.3,3647206253.6,3668229695.8
61,2018,3348843469.6286573,3511706869.2,3238229973.3,3280868510.3
55,2018,3436728702.5806627,3603997710.5,3211542373.5,3242588160.6
51,2018,3686028491.2579927,3789108724.1,3458484187.8,3532314583.0
49,2018,3226591768.6302614,3596976955.5,3010490795.6,3108648728.6
43,2018,4516433623.078917,4635905853.7,4281595767.3,4315111266.2
36,2018,3973330268.0548286,4051888476.4,3757785874.5,3838141830.9
30,2018,4633717321.435495,4927132200.3,4383971476.5,4493089744.9
29,2018,4985004178.843851,5034700695.9,4858384470.7,5052820571.4
27,2018,5870806732.733314,6064959339.2,5689794419.3,5711002465.9
26,2018,5642499395.659341,5813017273.1,5291812235.6,5425072014.1
16,2018,6735215822.193938,6865281459.9,6513742186.9,6572435366.5
18,2018,6640958674.352471,6881660613.2,6298225801.7,6439102721.8
22,2018,5211328866.888975,5540806257.3,4909326998.7,5149560786.1
17,2018,6127895248.665634,6312498064.6,5732465344.4,5917954734.5
11,2018,8832527050.137556,9214648460.2,8395461518.6,8504463668.4
13,2018,6563725433.919494,6940166642.5,6665129115.9,6720086839.6
7,2018,10758013355.381838,11252415527.6,10229471394.4,10416422776.1
9,2018,10144191865.660425,10514940709.9,9763545426.6,9912976580.4
2,2018,9680817504.827663,10253160250.2,8820233710.5,9196929302.7
58,2019,69530940.84362122,69984933.2,63743954.3,65812200.2
162,2019,191193296.6195064,193877768.7,196666678.9,194591625.8
163,2019,193833975.02624872,207459152.8,171128980.0,172691344.9
164,2019,248932123.3282879,252244646.4,244637543.6,244337812.4
157,2019,269066274.4564326,281046311.4,257650749.6,253990099.6
158,2019,267513035.9733296,266310229.3,272802311.2,267005130.6
152,2019,423784785.19704515,439200506.3,415773558.4,414168778.1
153,2019,265900532.56529754,319588825.4,267822118.8,258467123.1
154,2019,431392268.30211675,449009517.0,409011948.9,395915725.9
148,2019,366988545.1643371,387062536.1,345215461.0,350315943.9
149,2019,316507861.88332576,345572481.3,311430091.5,301676691.2
150,2019,408482633.43551284,416880767.3,421875794.4,421299645.9
144,2019,656787817.5211706,692036681.2,602664801.2,609657679.0
142,2019,618066397.0964603,670268036.0,602086370.4,597169957.1
137,2019,781294033.8434004,821770625.2,720835020.3,720199103.9
128,2019,815607689.7426122,917275104.4,850932375.7,851186398.3
121,2019,1215499000.9298687,1229692694.8,1192925061.6,1165445141.4
122,2019,924734438.6404407,1056951163.2,929971598.1,904461757.1
123,2019,1020239939.1358677,1127374781.5,991228025.0,1020143668.0
116,2019,1457611344.8141172,1435350964.4,1422081947.5,1400383757.1
113,2019,1340232820.3681068,1403516045.5,1297482342.4,1303147286.6
15,2019,1649272208.2312262,1736322600.8,1573832895.9,1565226128.8
102,2019,1282362534.871437,1344623855.0,1310354143.0,1300357661.0
99,2019,998242586.2599335,1294226792.8,970322889.0,951160886.3
100,2019,1504946655.7242606,1640129319.3,1495858023.6,1504209871.0
96,2019,1556335185.6007023,1624425790.7,1551486714.0,1540529410.5
87,2019,2320976243.610303,2385938846.6,2219680373.8,2214145539.3
84,2019,1907826561.411762,2026705863.5,1938290382.9,1924933772.7
83,2019,1383302777.7804875,1759884807.1,1474445493.9,1538452070.0
48,2019,2613374282.441893,2672342973.9,2496928186.9,2486760998.9
31,2019,2115064727.5321884,2299142303.5,2039635555.8,2017215374.1
80,2019,2689904314.823471,2730526906.1,2562555861.1,2589965120.8
73,2019,2884457858.384964,2934921369.1,2774638107.8,2737709680.8
68,2019,3611785816.842671,3516514740.1,3442094007.7,3395938090.0
67,2019,2364955279.2937098,2576307139.2,2394609570.0,2364367855.4
23,2019,3269890473.3422623,3423040543.0,3222749717.5,3186549868.3
65,2019,3217296122.8234954,3363148181.0,3165782730.1,3138978900.3
25,2019,3347498135.7744417,3396846278.8,3031893345.3,3054817763.3
59,2019,3206381753.4083996,3604858401.0,3041997171.0,2996479311.9
60,2019,3970702827.0834565,4037428481.6,3761418694.4,3708266419.4
61,2019,3539861077.6051397,3713397431.2,3398478834.7,3338590931.9
10,2019,3950761273.68768,4071918972.8,3781614509.0,3813126873.4
55,2019,3379689250.7887073,3583534035.5,3287939595.8,3258196669.2
51,2019,3689684515.9708085,3802298738.6,3563159544.5,3558837471.4
49,2019,3276054626.601125,3632030697.4,3166636183.8,3156427471.9
43,2019,4772215396.033033,4889498954.2,4450507926.4,4399484873.9
36,2019,4013273231.1794577,4114655661.9,3847848228.9,3886649223.8
30,2019,4623052845.90606,4932542561.1,4546942151.1,4478068310.3
29,2019,5672805057.091562,5739909980.9,5141947572.0,5157105339.9
27,2019,6457862827.534456,6670111440.9,6103470218.1,6028072157.0
26,2019,5691460125.278431,5844834046.5,5472677087.5,5430481893.9
18,2019,6837510000.312078,7076865053.5,6627662369.6,6517012521.6
22,2019,5787352578.348051,6150638717.9,5239812978.7,5212012520.4
20,2019,7581344478.19773,7843925020.0,7385624591.1,7317124824.8
5,2019,8353592217.216793,8356317813.7,8025910786.3,7958791274.6
17,2019,6157419401.119192,6353951770.5,5968158320.1,5979656449.8
16,2019,8356010924.108507,8514117149.4,8176543398.4,8050802758.3
11,2019,9293279834.800732,9645766000.4,8901011648.7,8653359817.1
13,2019,6746586465.631087,7135035903.8,6821543349.8,6754994862.7
9,2019,10463113434.222515,10858405262.3,10016197344.8,10205274797.8
7,2019,11771455683.22325,12277270001.4,11475176168.8,11305209952.5
2,2019,11721432539.44722,12278600990.5,11065154446.0,11023140021.8
58,2020,77204455.23642796,77687273.3,66300803.9,66005331.4
170,2020,104830526.31366527,106071437.8,92901551.8,92477726.5
162,2020,206902809.66043818,207936278.3,199892025.9,195315775.5
163,2020,206832400.91204286,220741490.5,176983471.5,174639197.1
164,2020,241464699.6968003,244367770.5,243956340.8,242492322.4
157,2020,270068515.80180943,282689510.3,257685195.2,255936326.8
158,2020,295562096.3582753,293683224.2,272956033.5,270439050.3
152,2020,437183747.98326033,451184310.1,418021280.8,412028668.2
153,2020,271165723.3672504,331106723.5,261946120.0,256191152.3
154,2020,416706358.8611196,449539795.9,397587462.0,392510415.2
148,2020,420651366.12723035,438629378.4,360484565.7,357889366.7
149,2020,315803535.1208039,354737959.6,297543486.6,301525490.4
150,2020,405219499.34894294,417617765.4,414344955.6,412830710.5
144,2020,711052869.6862262,728418475.4,636532529.8,609697624.3
142,2020,632286389.3151032,679788195.5,600133460.5,590857066.1
137,2020,770286385.0461631,815820123.8,716464164.2,728085586.2
128,2020,921943197.2767122,996008664.3,868846470.2,838676180.0
121,2020,1234179283.218207,1263482936.8,1158932869.8,1148753388.5
122,2020,1041762389.1579332,1171208665.2,939198604.4,909377002.1
123,2020,1142167493.238256,1237723995.6,1030765994.2,1027776772.2
116,2020,1563622690.8039908,1539359401.2,1449696571.6,1415336016.1
113,2020,1448676309.399679,1504961075.1,1302706182.7,1278530503.1
15,2020,1798083616.4518995,1888005075.2,1579821344.8,1553732133.2
102,2020,1522226109.9353552,1594999379.0,1364796978.1,1310656217.4
99,2020,1061121967.7426112,1337806113.0,980094533.9,954311179.0
100,2020,1601655043.201281,1749197431.4,1484454066.5,1484266209.1
96,2020,1810447284.1270428,1885931891.6,1604536296.9,1556940941.0
87,2020,2571120115.6520867,2632603244.2,2279484681.0,2228355376.8
84,2020,2152546876.9870467,2256214210.4,2001608989.0,1963382102.6
83,2020,1696281370.7212653,2051802629.6,1529427390.7,1541875877.3
31,2020,2289923336.741902,2440740987.1,2057546536.7,2012184439.6
80,2020,2820215887.983245,2863573639.0,2575789658.4,2574594210.8
73,2020,3081540328.007839,3113234193.6,2791083674.4,2732707707.2
68,2020,3456856331.450074,3392196912.1,3394837681.7,3376516800.1
67,2020,2650451993.0693946,2836494379.6,2439247414.8,2402529505.4
23,2020,3310495211.7887735,3438052428.9,3165104604.0,3124496183.9
65,2020,3276704717.7018356,3390390752.7,3122609870.7,3103649844.4
25,2020,3237062733.072706,3291649466.6,2993289174.9,3041169943.7
59,2020,3132266468.2130713,3539350087.0,2973092633.4,2974822362.8
60,2020,3819363623.1112995,3883818769.5,3702002336.3,3686049473.4
61,2020,3480480364.9833503,3632008113.1,3322613209.7,3299683965.8
10,2020,3890959640.50778,3999038384.6,3804427982.8,3758675243.2
55,2020,3691095239.442708,3852167985.3,3307644313.5,3257186264.4
51,2020,3998533878.656731,4085768199.4,3621910445.2,3563119326.9
49,2020,3810521171.014424,4144898825.4,3251327979.9,3141074200.8
48,2020,4756372562.201773,4841084490.2,4294237924.1,4187985550.5
43,2020,5013448981.787352,5126830963.9,4453704711.9,4364393059.4
36,2020,4698370113.1242695,4807243279.7,3971071173.3,3908774448.2
30,2020,5133701609.321654,5417173710.6,4607657112.8,4513249433.1
29,2020,5545889230.21181,5611521655.8,5171112906.8,5163046738.6
27,2020,6266257202.929502,6464233174.3,6031170685.1,5948447373.0
26,2020,6265097210.29279,6416769695.4,5602468232.0,5494964675.8
18,2020,6884488316.172193,7114140754.9,6470769529.1,6434693594.4
22,2020,5814768089.8623,6108894776.9,5307437559.7,5277242583.4
20,2020,7593279867.797956,7804112164.6,7304394852.0,7198117841.5
5,2020,8520016711.795334,8514093550.7,8049615290.5,7942517590.7
17,2020,7086104826.237043,7244520842.9,6209714607.1,6062013508.6
16,2020,8327040069.520033,8482146281.6,8020596253.4,7966245708.8
11,2020,9144590349.403679,9514483770.0,8716211670.1,8598962444.7
13,2020,7656070713.64617,8014101398.1,6997110679.4,6866080759.7
9,2020,11322235168.023449,11624632173.8,10230001330.3,10236980748.2
7,2020,12578992482.191376,13042793643.8,11818677513.3,11731158472.6
2,2020,24605657778.32476,25063116813.0,21364319142.8,20775898989.5
58,2021,69377748.65210518,69862716.8,63629889.1,66090869.0
93,2021,82602316.83826888,83041032.6,85424491.5,86350889.6
155,2021,34608777.010929346,35356471.6,36902417.2,37711629.7
170,2021,99201471.21555552,100434805.7,91041228.4,92443845.9
40,2021,226073423.3984897,227873262.6,229207947.7,230925043.3
161,2021,211448757.82281208,214263564.0,219639718.0,220796054.9
162,2021,173182440.61485302,175032739.2,184806019.0,185890502.4
163,2021,183507985.5208261,198811097.8,170202873.1,172546107.0
164,2021,226893967.08795947,229309580.6,234000575.0,233685771.3
157,2021,238900611.78562695,252061827.3,246451198.9,252857675.6
158,2021,237203291.76585796,241125050.0,256838072.5,260897361.1
152,2021,385776910.52823,401328979.4,398228540.3,405481959.7
153,2021,230435456.92421737,284892873.6,248940972.7,253604005.7
154,2021,374657741.78209984,401723912.1,380667359.5,389373469.0
148,2021,371665841.3891386,388871113.4,338702052.3,348771392.5
149,2021,260075258.13992357,297434640.3,281112398.1,293664918.7
150,2021,378177638.6562172,387536201.3,404938838.0,401199028.6
144,2021,644633923.4429207,671617997.7,602246437.5,600890981.2
142,2021,555787309.893925,602891384.8,567797180.3,587596517.0
137,2021,703534345.5076507,745346897.7,697381355.6,717512147.0
128,2021,728116868.0037446,814244280.9,799786540.2,817242445.9
121,2021,1109313138.7534158,1116957359.8,1133566087.4,1146418744.8
122,2021,897473586.5305316,1027857903.0,899150121.1,906103098.8
123,2021,861632129.104409,946929634.3,913719195.8,954406956.4
116,2021,1323079348.9843192,1302613462.0,1367862299.3,1373777296.2
113,2021,1241938718.839801,1295776372.6,1257684869.0,1261208144.6
15,2021,1536965749.0332453,1633089226.7,1529497025.0,1555512524.7
102,2021,1285230201.1878123,1343841402.6,1313587508.7,1311666066.4
99,2021,848483580.4846663,1099455109.7,906258231.1,935925490.6
100,2021,1337249927.2619183,1491203079.6,1405713404.1,1451625105.4
96,2021,1545328846.8212545,1604014785.5,1557240914.2,1559524913.4
87,2021,2295032019.0065393,2365204522.8,2224459226.9,2240891307.5
84,2021,1662027545.0176134,1748594641.0,1808262483.7,1871265070.9
83,2021,1207539990.8078165,1529309618.1,1341182532.9,1419706630.7
31,2021,1956354800.9023538,2110410480.1,1959618292.8,2000114491.1
80,2021,2262164480.5019674,2294744612.0,2378737111.2,2451676532.8
73,2021,2717556894.152357,2757763735.3,2683898262.1,2706937547.3
68,2021,3151460864.571331,3102078731.0,3244139166.1,3317894126.3
67,2021,2187550123.9878225,2350077325.6,2301983880.8,2323739064.0
23,2021,2924587639.2025633,3068236201.4,3008698721.6,3090280229.0
65,2021,2904153949.769415,3013445789.5,2981134474.0,3054915744.6
59,2021,2822428496.5221114,3190495422.9,2860499329.9,2913457428.6
60,2021,3490190492.425705,3557731056.2,3548486616.8,3614821809.8
61,2021,3166449564.913385,3318150307.1,3145281813.6,3239662314.7
55,2021,3224520955.9154696,3377333630.1,3173478678.2,3212175252.0
54,2021,2890759581.4347477,3070391187.8,2961919512.0,2994630872.0
53,2021,3675502075.1128445,3718125207.7,3679999972.1,3734251312.7
51,2021,3486171756.528878,3573578035.5,3469513830.2,3517379329.6
49,2021,3284483025.18865,3619216718.5,3182202449.6,3188648656.5
48,2021,4289163197.6072936,4366757365.9,4201933967.0,4248473131.4
43,2021,4281092011.516526,4397955102.4,4230986772.3,4297765956.2
36,2021,3802912795.6940417,3900553335.4,3854251263.2,3875009345.9
30,2021,4378635042.040028,4649053737.9,4400779122.7,4467892549.4
29,2021,5092354277.008609,5147431036.4,5001342454.5,5077852618.3
27,2021,5701153758.025275,5882248201.0,5806311604.9,5886860058.7
26,2021,5589335563.399986,5753706684.5,5481904732.8,5528737234.8
18,2021,6222874816.63336,6419517066.1,6264732102.9,6405186817.2
25,2021,6074634913.019321,6119845279.8,6004290382.5,6215169466.1
22,2021,5181503298.802356,5469762014.3,5002015954.8,5166989966.8
20,2021,6793449116.906526,7001640899.6,6928087089.6,7087799882.9
17,2021,6110117146.091569,6280862680.5,6025306730.7,6072451915.0
16,2021,7469097288.471281,7606333701.9,7638486066.6,7777891412.9
10,2021,7688559569.505647,7824385885.0,7845407679.3,7947098740.4
11,2021,8413650407.12335,8738714513.6,8329154168.1,8485194427.9
13,2021,5869949294.55784,6185465280.1,6373246511.0,6523034725.0
9,2021,8775133426.874964,9081055123.9,9300415565.7,9638294150.1
7,2021,11212477935.503593,11661936067.2,11410915483.1,11695235671.7
5,2021,14155154792.079172,14120746204.0,14666444223.2,14905933284.2
2,2021,21254596830.77013,21680779475.2,20595527686.5,20843595633.0
93,2022,98820425.74223803,99279583.9,91564766.4,90878936.6
170,2022,95518494.3137932,96445223.6,91593096.8,91834439.3
161,2022,246409072.04250902,249846516.8,230116554.6,227875217.1
162,2022,201288107.4993115,204222656.6,194831382.4,191110029.1
163,2022,176305326.24170607,189985603.4,171530886.9,171097778.0
164,2022,255436230.81364715,259073060.1,246088152.8,243249731.2
157,2022,254068332.35705847,263755336.5,247153628.7,246027649.6
158,2022,272051557.63125503,271610825.5,268058880.5,263767838.8
127,2022,402722345.8266768,409972767.5,387758127.5,393243212.9
155,2022,131527746.47446579,142120941.2,139165403.9,135202749.2
152,2022,426060723.5872537,440630242.2,414828677.3,407182137.8
153,2022,260970970.1921947,314581253.1,258668361.4,250072235.4
154,2022,411353127.0037965,428178513.5,394368871.0,383005407.5
148,2022,368412427.69530797,386784841.0,354040387.1,355077890.0
149,2022,291354099.1462543,322563108.3,292411868.2,290396502.6
150,2022,427215115.2938257,439286950.5,413741473.6,412222056.7
144,2022,623872323.8479342,646372924.4,610127648.5,601240119.4
142,2022,596449813.6929076,644016545.9,586450923.2,592446206.2
137,2022,728537732.8927337,766752666.2,697156016.8,698055310.3
128,2022,846670951.6694245,942663752.0,850291735.7,833343289.5
121,2022,1170713864.2795217,1178630480.0,1161786491.9,1150331677.5
122,2022,936535429.0492046,1066764336.8,913366034.3,896728346.3
123,2022,1021569947.5389388,1127265830.2,974713678.2,999523735.3
116,2022,1469036791.6965957,1449393743.9,1407558713.2,1385589014.9
113,2022,1249543223.323846,1314298754.3,1247277694.1,1269464701.4
102,2022,1274537442.7402709,1338672262.1,1298498437.7,1294009689.8
99,2022,920052387.6754285,1201734090.6,925240459.6,919582809.4
100,2022,1438810851.1065946,1547120041.0,1422817891.1,1466077630.1
96,2022,1543049893.8898938,1613212659.6,1528387753.8,1543320563.6
87,2022,2276782288.810594,2338491902.7,2181944318.3,2205104119.9
84,2022,1906876144.5454693,2015166199.0,1924989833.2,1922068247.5
83,2022,1524435866.9315205,1875616136.6,1499493374.4,1510221704.4
31,2022,2004894307.0484612,2166430878.6,1968471593.2,1993813648.2
80,2022,2622717572.925851,2656680410.9,2513720411.1,2519140762.9
73,2022,2863490622.3987207,2912912790.8,2740770370.6,2722555224.7
68,2022,3507387969.357886,3425120863.5,3412398317.2,3375125592.9
40,2022,3801666276.3167667,3829132444.0,3451845303.8,3422917177.3
67,2022,2434525229.78451,2626655285.0,2392942755.3,2355182348.0
23,2022,3156143149.1918173,3288443149.1,3158234080.5,3141336762.5
65,2022,3104085237.9591756,3229507213.8,3101029501.5,3099713942.7
59,2022,3186642612.9840736,3556074213.1,3016735392.2,2956843632.8
60,2022,3881265331.4710536,3937155758.4,3713022543.3,3661496099.7
61,2022,3469487852.7661395,3619775003.1,3303863661.4,3284618511.8
58,2022,2360075607.1643476,2364469787.3,2217852213.0,2345140516.7
55,2022,3373379838.9557004,3575144573.9,3247794801.6,3229036516.4
54,2022,2992501995.8940907,3175195177.3,2990019792.6,3028668409.6
53,2022,3960140396.664081,4015911323.7,3758446431.4,3733746349.9
51,2022,3688651270.562133,3790999828.8,3508940839.8,3511871545.7
49,2022,3193710773.8270483,3577249103.6,3065232459.0,3104673009.9
48,2022,4270042130.8329663,4359479624.0,4147128940.6,4168218131.4
43,2022,4634094995.064331,4740236739.7,4333938235.5,4274014982.4
36,2022,3884990993.996905,3956135839.2,3832464189.9,3887927549.7
30,2022,4636362427.69827,4923421751.4,4482429949.1,4454000988.4
29,2022,5198307588.834542,5258817477.2,4942044851.7,4986726993.2
15,2022,5061538365.605189,5143707241.1,5004094576.8,5077890879.6
27,2022,6382178983.636505,6578155540.3,6054515659.2,5966929606.6
26,2022,5582261340.830072,5741430134.2,5377307611.0,5432427354.6
18,2022,6544807850.604874,6749999420.0,6442755488.3,6392264014.6
25,2022,6228796470.566017,6286199043.0,5987906426.1,6058445572.6
22,2022,5336791005.070319,5694753037.4,5029107728.2,5106882862.0
20,2022,7406601516.01853,7625906056.4,7220929066.4,7199048481.8
17,2022,6114138934.153371,6292651961.0,5888384543.1,5930442924.2
16,2022,8087497527.001479,8224376687.2,7968560010.8,7884546559.5
10,2022,8907111701.993082,9076947679.8,8395083853.3,8315439189.2
13,2022,6666365833.68178,7032557998.9,6773545652.9,6720304243.1
11,2022,10487268245.124035,10792090586.4,10094482736.3,9993302713.4
9,2022,10360290791.351206,10710368058.1,9874348609.5,10018573686.5
7,2022,11953117101.427572,12383372480.8,11755668036.1,11755276902.0
5,2022,15787189115.258036,15774136278.7,15432521506.6,15263434065.2
2,2022,20886145847.024372,21344768452.2,20193307106.7,20418119255.8
95,2023,146524592.75400567,147207365.0,137958586.0,136720051.1
167,2023,117248184.57649514,117448427.9,109391684.4,107049926.2
170,2023,99021554.35120833,100701998.6,87045587.5,88366194.6
129,2023,239898031.71027964,242085428.8,242947976.7,242278832.3
161,2023,216680817.88741195,220308692.8,220473842.2,224441797.8
162,2023,181477782.70944592,183008013.4,191707613.5,190843533.8
163,2023,185004987.4754521,197960993.6,171299924.0,172710367.6
164,2023,228632320.8627202,231617932.6,235013516.9,238617099.2
157,2023,256478781.03761044,270607072.0,248101319.6,251662031.5
158,2023,280899271.91324365,280013045.1,276184308.0,270957947.5
155,2023,129552032.87119335,139773419.9,131935072.1,137106484.8
152,2023,400618882.3742386,414425035.1,399193908.0,402057441.0
153,2023,266608377.08344445,318038878.6,259979860.9,255494397.5
154,2023,409472213.8993551,429602542.2,397407626.6,389147734.6
148,2023,346717144.67387587,363175956.9,334767893.2,347253815.6
149,2023,313840368.9756807,341749870.8,303219760.8,294967350.4
150,2023,375434415.60339177,385256639.1,401202562.9,406245172.1
144,2023,657987445.0824249,682854644.4,612785170.8,608973532.6
142,2023,618445627.0607531,664091718.7,579378780.9,589131019.4
134,2023,592658495.1191757,627921646.8,549831235.0,555707972.6
140,2023,938542876.9476087,955380012.1,920177248.9,921526215.6
136,2023,993892698.3243244,1009855286.6,984666266.3,984221604.4
137,2023,765080433.3397473,806534464.7,712506825.8,713760913.4
127,2023,1253315132.7767868,1269272791.2,1176846101.1,1162113940.8
128,2023,774450232.3104539,864629916.7,838543185.1,840875057.6
121,2023,1198458351.5906048,1218483809.2,1152261756.1,1152446492.1
122,2023,968073453.8105261,1100327381.9,937292000.7,909328022.7
123,2023,1015927461.7635119,1117897600.1,1006789141.9,1023976821.5
93,2023,1314090761.6709056,1320108523.7,1322354167.0,1345070206.7
116,2023,1422830977.896338,1404154959.8,1437280452.2,1419581854.9
113,2023,1438639206.7745488,1494446621.0,1295348964.1,1288569872.9
69,2023,1913360122.917968,1885465093.3,1678893940.9,1632784007.3
102,2023,1429753165.913869,1500230863.8,1355856629.1,1304595198.1
99,2023,1033760324.927129,1301507828.2,953497059.1,935565119.0
100,2023,1609557398.9701114,1733642288.0,1493834622.1,1503972253.5
96,2023,1719066369.517853,1782434344.4,1604868956.6,1576015040.0
87,2023,2533601947.7578516,2598625854.1,2269465124.5,2253930760.5
84,2023,1930259951.6656153,2037658106.7,1976767710.2,1947498013.6
83,2023,1441832176.0791926,1781803923.9,1461676389.1,1523812419.3
80,2023,2649650823.7813125,2684699373.8,2564310321.0,2577559477.0
75,2023,2411648906.533496,2462354636.1,2210730883.1,2077106968.5
73,2023,2894058513.141513,2929462271.7,2754540748.9,2731595197.4
68,2023,3260899124.6405597,3198470214.0,3336824729.3,3330113918.2
67,2023,2387274935.3514166,2540516283.5,2431721979.0,2402060871.2
23,2023,3156232953.563555,3274899561.8,3105753501.1,3127391775.5
65,2023,3119865493.70809,3229173803.6,3067718967.7,3085369306.9
59,2023,3005208057.9072003,3346483331.4,2947855347.5,2973496110.2
60,2023,3625978052.3270774,3678528816.0,3642551743.6,3642795788.8
61,2023,3292907996.693825,3438781752.5,3250543979.6,3262604514.5
58,2023,2640617453.744072,2663629142.0,2385456640.9,2376281630.2
55,2023,3434648067.188142,3601738126.9,3281317748.6,3260305416.4
54,2023,3279668815.3658414,3473836969.1,3046150115.0,3033642028.4
53,2023,3935906095.868982,3972245699.3,3844407816.6,3792840584.8
51,2023,3712185931.6218204,3796967118.7,3611259492.6,3570089725.7
49,2023,3676177588.9526863,4056164873.4,3237325594.7,3182847433.4
48,2023,4686079391.869922,4745884032.0,4306439640.5,4263773545.2
43,2023,4616912471.279832,4718964945.4,4378091185.2,4367107183.1
40,2023,5084984651.091147,5150659265.1,5060761294.7,5152793529.8
36,2023,4424965440.879217,4538198761.9,4041239940.6,3968890248.7
30,2023,4683619005.124683,4946646430.9,4602385399.3,4569063327.1
31,2023,5394115566.52224,5579113831.5,5004972545.6,4996897004.4
29,2023,5551873702.479394,5601758887.4,5164292544.9,5087219316.9
27,2023,5977637789.6521015,6152999350.4,5945044569.0,5944377216.0
26,2023,6157621205.442255,6306892331.9,5591803623.8,5546370037.2
18,2023,6568146450.528038,6767456480.2,6398544829.4,6461037010.3
25,2023,6630140262.622079,6698415374.3,6153051991.4,6115571933.6
22,2023,5712224038.46578,6001422589.6,5162981039.6,5132732242.3
20,2023,7124795214.279951,7308637893.7,7158386242.0,7187050987.7
17,2023,6765995672.3196745,7008046118.7,6161095324.1,6078281121.3
16,2023,7889082500.229739,8033031390.7,7850577725.3,7899741125.1
15,2023,7971220709.98459,8071410073.2,7101829156.5,7040571562.0
10,2023,7855332728.942688,7985938306.4,8055837527.1,8172953094.9
13,2023,6885977529.655709,7195211597.1,6964595244.9,6892185584.2
11,2023,10227019558.50689,10533408063.5,10003055070.3,9985824603.8
9,2023,10350247385.406301,10682920479.6,10087360677.9,10190978384.4
7,2023,11995371734.961544,12405649068.1,11677145033.4,11748514029.2
5,2023,15494101816.48863,15429289392.5,15356757109.5,15320375254.8
2,2023,24274673734.974377,24739390768.3,21159388803.3,20937391733.6
167,2024,122160011.35230494,122332036.3,115581469.1,109940632.2
170,2024,110029355.50097007,111182968.0,93128084.0,95657288.5
161,2024,242622667.3673352,246113214.2,229482967.0,231180272.5
162,2024,195894054.75019774,198164924.3,196363211.6,192670329.6
163,2024,191546256.53860518,205159763.1,168592666.5,170789214.5
164,2024,256609148.47253513,259217769.1,241434878.3,242504533.7
157,2024,261278391.19853622,276204936.9,250601523.1,254442144.1
158,2024,271505865.72631574,271262441.2,272362368.2,272237972.6
155,2024,121576326.64015071,131003904.9,138640651.3,136011153.7
152,2024,420999454.3970871,433909409.9,408709505.7,408174294.4
153,2024,263752723.3876038,316060594.0,263208853.0,260210802.0
154,2024,415595438.31836545,435840657.7,401685314.1,393109637.1
148,2024,377832349.331865,394873208.0,353165874.8,347018045.9
149,2024,309910501.6652889,338381837.1,302621266.5,295956375.6
150,2024,423131137.24545455,434529755.4,406872374.8,409790692.8
144,2024,661368325.46705,688355250.2,604701273.7,606134702.8
142,2024,607959191.7406021,655346709.0,592975991.9,591778461.2
140,2024,974542383.49753,997733426.6,937822308.2,936252911.2
136,2024,1037928997.0698222,1059335341.4,1006610652.4,1000221099.7
137,2024,747684774.4897487,789704083.9,698055258.3,705948922.7
129,2024,1143914331.5381756,1152584538.7,1092036669.9,1083937163.8
134,2024,670106554.4866357,714535919.4,685371170.5,677084804.0
127,2024,1237989563.2709768,1258184943.8,1163182915.3,1164077813.7
128,2024,834683117.3326592,927555243.8,845325606.0,838466576.7
121,2024,1197374981.8048396,1228102734.5,1167634255.1,1157304448.6
122,2024,973333689.0526168,1114139906.6,938940756.7,912727005.5
123,2024,1008586633.3373308,1112132645.9,985272180.2,1010441939.8
116,2024,1497151653.2177753,1480839742.5,1449521034.8,1430940796.6
113,2024,1370098686.9802146,1436603394.0,1315496203.5,1296639489.1
93,2024,1758705419.5144656,1764334382.8,1673740602.8,1672998887.3
102,2024,1348917739.5659373,1417206572.1,1310209637.7,1275063932.3
99,2024,1003295062.6210454,1275725858.7,952013744.5,938816966.9
100,2024,1515798887.5093634,1633558319.2,1503723932.6,1487202100.3
95,2024,2222500675.4149656,2237741424.3,2081394847.5,2082595125.2
96,2024,1640301603.4220943,1704110278.1,1548498416.4,1535716680.6
87,2024,2412640492.9442987,2481239331.6,2232591563.0,2211704238.6
84,2024,1885789668.909211,1990942882.1,1923568120.1,1936418533.6
83,2024,1530618087.830369,1873890930.3,1497842155.1,1535996636.0
80,2024,2615552945.9635787,2651558621.3,2542446832.0,2577083994.7
75,2024,2052979665.4701247,2106647713.8,2111291068.6,2038745255.8
73,2024,3027048547.860901,3077229356.0,2793679342.3,2781059412.4
69,2024,2646094703.0734925,2595350787.7,2565525004.8,2555599685.5
68,2024,3497721319.5475664,3421921406.8,3396038661.2,3380922338.8
67,2024,2497089985.0439076,2680451830.0,2451738987.8,2419953953.7
65,2024,3217626380.0018225,3338976964.5,3137770727.8,3100060345.3
59,2024,3121987506.3228655,3524933292.3,2967585630.4,2980816423.7
60,2024,3843458356.216071,3906546730.8,3720398702.5,3696969881.9
61,2024,3477155883.3351483,3628785291.9,3322691462.7,3285236215.0
58,2024,2238516201.6277194,2241460411.6,2297154144.4,2324196680.1
55,2024,3605496206.822798,3768364546.7,3324199108.0,3318472276.2
54,2024,3144741075.60595,3366658605.2,3069638645.7,3013121503.7
53,2024,4131964491.1303306,4183092040.1,3893266168.5,3846218818.1
51,2024,3874463939.05348,3972345715.3,3621851556.4,3611984531.1
49,2024,3406536506.704241,3795113755.7,3139586040.9,3119202440.6
48,2024,4584817629.946016,4667170671.9,4289482651.4,4217077846.0
43,2024,4716632372.022358,4814286542.3,4469414217.2,4399724260.6
40,2024,5662348534.210602,5717959910.5,5325943014.1,5353609059.4
36,2024,3999329274.896146,4073584176.2,3886462435.4,3884109815.7
30,2024,4861434956.8264885,5151217442.6,4621573724.2,4595715860.7
31,2024,5316734627.078483,5513921057.9,5053051179.3,4951647242.3
29,2024,5491015947.827104,5552176625.3,5095044586.5,5111531872.1
27,2024,6243316204.801466,6447711478.3,6029991432.1,6013145998.6
26,2024,5936384015.643139,6104585860.6,5520639510.5,5467781532.7
25,2024,6575457762.743865,6644921639.9,6120989162.6,6156598180.7
23,2024,6945391206.028647,7110403933.7,6765131939.6,6670518757.8
22,2024,5611294898.297874,5926733811.2,5125076250.5,5095135457.3
20,2024,7527184539.368542,7740688205.1,7295051853.1,7211031821.8
18,2024,7803885896.524996,8033819342.5,7557985658.8,7509603130.3
17,2024,6488787650.057416,6673041339.4,5990206427.2,5899734929.0
16,2024,8257519132.546177,8410158657.3,8043604803.5,7975526812.4
15,2024,7626472080.422853,7730274601.0,7155957335.8,7019554150.5
13,2024,6688201166.715088,7042824231.4,6812548152.7,6768120161.5
10,2024,11696698340.725054,11919230321.0,11135985352.2,11088085454.2
11,2024,10597248352.065622,10965748470.4,10109331118.8,10082441116.5
9,2024,10221227015.801208,10567263640.7,9987361336.8,10139653006.5
7,2024,12315417041.04695,12775179410.0,11980482917.9,11888705862.0
5,2024,16503487917.042423,16465065128.5,15676429069.9,15615266375.6
2,2024,22741234989.131702,23273265805.1,21167505003.5,20924986687.0
160,2016,218035302.19567382,219799345.3,203094580.8,201173793.9
160,2017,224524370.90074533,224891947.5,204272215.9,202077276.6
160,2018,222623051.4534611,227796626.9,203959979.7,202552349.8
160,2019,219009316.96640325,222508444.8,203992937.8,203180820.6
160,2020,219117152.23985228,225371355.6,202932419.1,201353154.5
160,2021,213937544.51696098,217445917.2,203245927.4,201335881.9
160,2022,221557591.40518737,227681399.2,204564525.8,202374911.6
160,2023,204712231.4327592,207778674.3,201120033.8,200804616.5
117,2023,303414312.1294863,307071381.7,294036618.8,295838293.2
146,2023,421100191.7651699,428390313.5,413898390.7,413606337.3
160,2024,212492419.85207814,217183864.5,202787208.8,201048090.8
156,2024,248791377.74691293,251648819.1,236405139.0,233517627.5
138,2024,447822694.35419977,453012963.8,422408636.2,419024982.8
146,2024,529043884.44615674,537542792.4,501582748.9,500484401.0
117,2024,1449268830.1725254,1473014083.8,1361045732.8,1357262455.6
