farm_id,year,gain_pct
0,2014,0.0
0,2015,0.0
0,2016,0.0
0,2017,0.0
0,2018,0.0
0,2019,0.0
0,2020,0.04287773305904685
0,2021,-0.09346112164512485
0,2022,0.17642015461698266
0,2023,-0.05088127852534832
0,2024,-0.0688726984829508
1,2016,0.0
1,2017,0.0
1,2018,0.0
1,2019,0.0
1,2020,0.0
1,2021,0.0
1,2022,0.0
1,2023,0.0
1,2024,0.0
2,2014,-0.27964776933935653
2,2015,1.351462977078615
2,2016,0.28271268937303484
2,2017,-0.04756706822824801
2,2018,0.3415867764142547
2,2019,0.25351177483367976
2,2020,-0.033826677351206445
2,2021,-0.050659790178583776
2,2022,0.41005598371948515
2,2023,-0.055282419263171664
2,2024,0.09966803097214373
3,2019,0.005613339939689894
3,2020,-0.4071662185759387
3,2021,0.25849256664926107
3,2022,-0.3848450271943413
3,2023,-0.29818919581221515
3,2024,-0.09853136008539738
4,2019,0.9297884510081766
4,2020,6.197430014254955
4,2021,2.7774461144182627
4,2022,1.422150225455708
4,2023,1.1302903760364222
4,2024,2.1035062981804566
5,2018,-0.04124721189460524
5,2019,0.3404663269972249
5,2020,0.010687304436576818
5,2021,0.3276409924471869
5,2022,0.14085948410477034
5,2023,0.12095706452524423
5,2024,0.17304689384823135
6,2021,0.5081572080747763
6,2022,0.7211364570807863
6,2023,0.3026188943037375
6,2024,-0.06612616268192428
7,2014,-0.6164411896248554
7,2015,0.3523054455029926
7,2016,-1.887782501667143
7,2017,-0.04768813526759466
7,2018,-0.3003772930166077
7,2019,0.10412557603747838
7,2020,-0.1549293022582988
7,2021,-0.018426649217204542
7,2022,-0.07552091280791583
7,2023,-0.3875489413274467
7,2024,-0.09507765742349163
8,2021,0.6429172349647713
8,2022,-0.299003005930006
8,2023,0.4291315726751308
8,2024,-0.011846129439342962
9,2014,1.3849607093585106
9,2015,1.054386611348955
9,2016,1.0170031116430212
9,2017,1.258668055813403
9,2018,1.1919582090963938
9,2019,1.2717156328736028
9,2020,0.4311523328120385
9,2021,0.9575416506731721
9,2022,1.0976988655977122
9,2023,1.0105953929503846
9,2024,1.3099959853416534
10,2014,0.5917256691659263
10,2015,-0.10209200769792617
10,2016,0.06502820749071068
10,2017,0.06578293994143515
10,2018,0.02767926653960269
10,2019,0.15188987282768546
10,2020,0.15576970366770293
10,2021,0.12908712692669047
10,2022,0.2762018548128928
10,2023,-0.37774756541807847
10,2024,0.28552304434792897
11,2014,-0.12900163191719397
11,2015,-0.1414225116837974
11,2016,-0.18869996620313373
11,2017,0.29558090746886767
11,2018,0.2655518152600169
11,2019,-0.46819730263233117
11,2020,-0.5045642473180667
11,2021,-0.28082768319625967
11,2022,-0.46794241249705504
11,2023,-0.8294976437592676
11,2024,0.036505563961334614
12,2021,2.6235517431951205
12,2022,2.3804370416339053
12,2023,2.73100252031559
12,2024,2.64989958390144
13,2014,0.5603601633336319
13,2015,0.0502998864749362
13,2016,0.4585880073028704
13,2017,0.09990922819649803
13,2018,0.6134046127047597
13,2019,0.2448202866386659
13,2020,0.12413881909657365
13,2021,-0.44734165666879455
13,2022,0.0469892792178617
13,2023,0.09402722317828571
13,2024,0.39028317857951184
14,2017,0.0902720887800253
14,2018,0.15810924273723811
14,2019,0.7760180083899778
14,2020,0.9473928658085048
14,2021,0.4521612006367194
14,2022,0.13137850606017087
14,2023,0.6360559525000454
14,2024,0.4731360225250697
15,2014,0.6126565899371842
15,2015,-0.08419208502991286
15,2016,0.2974749409834037
15,2017,0.9229100764540606
15,2018,0.6390400789041251
15,2019,0.5167995574585953
15,2020,0.11923733909449875
15,2021,0.2756346746092715
15,2022,0.17428732278280407
15,2023,0.11282696104967632
15,2024,0.19553274072158316
16,2014,0.0
16,2015,0.0
16,2016,0.0
16,2017,0.0
16,2018,0.0
16,2019,0.0
16,2020,0.0
16,2021,0.0
16,2022,0.0
16,2023,0.0
16,2024,0.0
17,2014,-0.7614494936673339
17,2015,2.0014012622683492
17,2016,0.3883648298483131
17,2017,0.46042177923553723
17,2018,0.40086835185479425
17,2019,-0.10197469885314711
17,2020,0.27402333863816375
17,2021,-0.29221011397610314
17,2022,0.6042245942368436
17,2023,1.334816184245707
17,2024,-0.04425371181359057
18,2014,-0.07585056278895512
18,2015,0.010454000218014486
18,2016,-0.16273189818809794
18,2017,0.22786111251038255
18,2018,0.09962156373332715
18,2019,0.022246913794316484
18,2020,0.1629421552631754
18,2021,-0.2771592886654058
18,2022,-0.1061766794023475
18,2023,0.07796679020203176
18,2024,0.20308292035400038
19,2018,0.8165279680150458
19,2019,0.5675025337896328
19,2020,0.7564995997456494
19,2021,1.1070268496255535
19,2022,0.47587299854798804
19,2023,0.7222475025657964
19,2024,1.048704787197321
20,2014,0.16463936850282848
20,2015,-0.6119557723804089
20,2016,-0.009309668738715415
20,2017,-0.22654459359018891
20,2018,-0.26624677153502935
20,2019,0.3241202767584665
20,2020,-0.08983417123126129
20,2021,-0.18076979317168024
20,2022,-0.04773202100842998
20,2023,-0.27189739422936926
20,2024,-0.20716208649567722
21,2021,0.39199784448118
21,2022,0.782279435371464
21,2023,1.0260045163823208
21,2024,0.9920237583909461
22,2014,0.8517276249599662
22,2015,1.3978365420764072
22,2016,1.9966433697487935
22,2017,2.110596830938168
22,2018,1.7320185002656596
22,2019,1.7860040956398051
22,2020,1.1473394651255173
22,2021,0.9806928971190846
22,2022,1.3152998060385879
22,2023,0.9205526813633322
22,2024,1.8844389307183258
23,2014,0.8371393106293177
23,2015,-0.06505186500940958
23,2016,1.3927444038622898
23,2017,0.6645702368630374
23,2018,0.5548649544339409
23,2019,0.5910786901292899
23,2020,0.5763206760342673
23,2021,0.7312786524488701
23,2022,0.4796156964338487
23,2023,0.09198858815696195
23,2024,-0.0076036008380978345
24,2014,-0.2614225000056592
24,2015,0.8555001943851601
24,2016,-0.33288904602431113
24,2017,0.019809562153132926
24,2018,-0.4989493031464062
24,2019,0.2883901646952032
24,2020,-0.28168488799378333
24,2021,0.516832262439175
24,2022,-0.4468205159815764
24,2023,-0.5155148628092743
24,2024,-0.3459511086459796
25,2014,1.3661775361205148
25,2015,1.0015483138145087
25,2016,1.292258066241451
25,2017,0.25510057414494136
25,2018,1.3479780291775663
25,2019,1.4560917236546216
25,2020,1.0357310603292809
25,2021,0.2815171421776604
25,2022,0.023781157556702855
25,2023,0.6124810539139233
25,2024,0.22513605173427814
26,2014,0.7182780288894791
26,2015,0.46210923205382093
26,2016,0.3838029746740802
26,2017,0.3340166094782159
26,2018,0.5098912876370397
26,2019,0.2923963765981358
26,2020,0.3707500173676887
26,2021,0.6017634924105169
26,2022,0.37226653985901764
26,2023,-0.06401637807524987
26,2024,0.1512887110878813
27,2014,0.42638853692236867
27,2015,-0.07210030994447474
27,2016,0.3901964019347689
27,2017,0.11435478839559056
27,2018,-0.128577910844675
27,2019,-0.09482938837442355
27,2020,0.16563668531418155
27,2021,-0.04000258122397692
27,2022,-0.10095142400545433
27,2023,-0.11895464457224929
27,2024,-0.029114533423161663
28,2021,2.1699522613443882
28,2022,-0.12197160981825873
28,2023,1.1662103478095736
28,2024,1.8135702125785107
29,2017,0.0
29,2018,0.0
29,2019,0.0
29,2020,0.0
29,2021,0.0
29,2022,0.0
29,2023,0.0
29,2024,0.0
30,2014,-0.13968898958251694
30,2015,-0.18807155501028686
30,2016,0.9374720232931092
30,2017,-0.011689643730077411
30,2018,-0.0846209395394581
30,2019,-0.0432880363693042
30,2020,0.61055255714507
30,2021,0.044026311340347395
30,2022,-0.09120618842801258
30,2023,0.11673718009441737
30,2024,0.3046152506126543
31,2014,-0.00367560809467749
31,2015,-0.18084994566266072
31,2016,0.16621999641554425
31,2017,0.08523531976791121
31,2018,-1.255408409813268
31,2019,-0.08496740525171712
31,2020,-0.5015559837698507
31,2021,-0.7163402262931359
31,2022,-0.4345972233691469
31,2023,0.09696403162162759
31,2024,0.23548543560525742
32,2019,-0.15778941474394145
32,2020,0.3576865690189096
32,2021,-0.08556827950994332
32,2022,0.13646634077653313
32,2023,-0.2629686550312475
32,2024,0.46781336103766163
33,2024,0.017540658548759826
34,2014,0.13963388000523888
34,2015,0.18882166986195942
34,2016,2.04564921757369
34,2017,2.2405499327931344
34,2018,2.061787819541548
34,2019,1.4130474818834051
34,2020,1.4256464362237087
34,2021,1.0029998259124029
34,2022,1.290339739467316
34,2023,1.1917059343748821
34,2024,1.3404299323012672
35,2021,1.7069138183631674
35,2022,0.5434784652602869
35,2023,1.1321823909800215
35,2024,1.103824898034145
36,2017,0.844471507721932
36,2018,-0.08054842827253542
36,2019,1.3887553206666534
36,2020,1.331308706690586
36,2021,1.8278361860425265
36,2022,0.20247517905511228
36,2023,0.9834875298949802
36,2024,0.24760725065939834
37,2021,0.7125946773911058
37,2022,-0.6797415665124782
37,2023,0.24458449367021684
37,2024,0.5413283613064588
38,2014,-0.09657648643489095
38,2015,-0.18259230253868997
38,2016,0.4538851976399526
38,2017,-0.4941691392657016
38,2018,-0.3681863724593444
38,2019,-1.005348458270806
38,2020,-1.4054397499527131
38,2021,1.0176453515646933
38,2022,-0.47188668118532917
38,2023,-0.3072184258694985
38,2024,0.011980904606158142
39,2020,2.2577806873454676
39,2021,1.1636125791389094
39,2022,0.9815275551130197
39,2023,1.191631639209386
39,2024,0.9764427912904904
40,2021,0.0
40,2022,0.0
40,2023,0.0
40,2024,0.0
41,2021,1.7407891088716827
41,2022,0.7476721057969027
41,2023,1.5235498252288986
41,2024,0.7221412542252706
42,2022,0.10872240685423562
42,2023,0.10258951063427324
42,2024,0.12487077196343233
43,2014,-0.19738320678361776
43,2015,-0.02590002671346793
43,2016,0.277325937313008
43,2017,-0.09541849744856518
43,2018,-0.03907434355542759
43,2019,-0.338209740572334
43,2020,0.09735700791726533
43,2021,0.1272007545298453
43,2022,-0.2643194387718437
43,2023,0.006908983126141355
43,2024,-0.209895641354889
44,2022,0.0
44,2023,0.0
44,2024,0.0
45,2014,0.0
45,2015,0.0
45,2016,0.0
45,2017,0.0
45,2018,0.0
45,2019,0.0
45,2020,0.0
45,2021,0.0
45,2022,0.0
45,2023,0.0
45,2024,0.0
46,2014,0.022474497856189057
46,2015,-0.011350926340548306
46,2016,0.007229645194798593
46,2017,-0.019892027836606253
46,2018,0.002808819819346466
46,2019,-0.043981379508134834
46,2020,-0.015372019200689452
46,2021,-0.5793956858216136
46,2022,0.4094241907236589
46,2023,0.45602414295844257
46,2024,0.6833119237892379
47,2021,0.6143095975401438
47,2022,1.6574119323580334
47,2023,1.5851400025405953
47,2024,1.181398677091161
48,2019,0.8963124261516267
48,2020,0.5175490768342993
48,2021,0.7218047368493695
48,2022,0.9796739347520323
48,2023,0.2894968036972285
48,2024,0.5891027882270298
49,2014,-1.4298935950214051
49,2015,0.44530300208147444
49,2016,0.8398459473968233
49,2017,-0.7561326555708844
49,2018,0.07396978699269548
49,2019,-0.780972208660917
49,2020,-1.1576958126471253
49,2021,-1.9941837899641979
49,2022,-0.3550825278754511
49,2023,0.6008967693619919
49,2024,0.02686864466066919
50,2017,0.0
50,2018,0.0
50,2019,0.0
50,2020,0.0
50,2021,0.0
50,2022,0.0
50,2023,0.0
50,2024,0.0
51,2017,0.0
51,2018,0.0
51,2019,0.0
51,2020,0.0
51,2021,0.0
51,2022,0.0
51,2023,0.0
51,2024,0.0
52,2019,0.0
52,2020,0.0
52,2021,0.0
52,2022,0.0
52,2023,0.0
52,2024,0.0
53,2021,0.09671508375448358
53,2022,0.14083627721623787
53,2023,-0.08795649782069637
53,2024,0.3374299004857119
54,2021,-0.29826099014961377
54,2022,-0.33245052109978634
54,2023,-0.4473011228053588
54,2024,0.2939394158362967
55,2014,0.23566937357157836
55,2015,-0.8717427496325229
55,2016,-1.1166508050909765
55,2017,-1.1055224215715107
55,2018,-1.1895568697815235
55,2019,0.7841606129597883
55,2020,0.24728556228721613
55,2021,-0.23689497516080418
55,2022,0.4966864693746838
55,2023,0.20307898766208313
55,2024,-0.5968043517444064
56,2023,7.488571984177267
56,2024,1.4662730519038052
57,2014,20.16829674212712
57,2015,21.64610341596342
57,2016,17.973692137920583
57,2017,21.727112122842243
57,2018,19.131676359543604
57,2019,16.719467800254026
57,2020,16.921380436713065
57,2021,16.201523259102018
57,2022,16.729794005785525
57,2023,17.40786201101412
57,2024,15.753189781595223
58,2018,0.0005753705821672449
58,2019,0.00025057085622872663
58,2020,0.0009857180805396958
58,2021,0.0014172907011116963
58,2022,0.6573886560868888
58,2023,1.0763375207858783
58,2024,0.4795499482980205
59,2014,0.8724121810254158
59,2015,0.20791271801783776
59,2016,1.3908799884826777
59,2017,0.23577486764637048
59,2018,-0.15978035649573996
59,2019,0.2297917621921656
59,2020,1.3630435678599817
59,2021,0.64787608198649
59,2022,-0.05282655194261485
59,2023,0.24580071221390123
59,2024,0.3781249242673807
60,2014,0.0
60,2015,0.0
60,2016,0.0
60,2017,0.0
60,2018,0.0
60,2019,0.0
60,2020,0.0
60,2021,0.0
60,2022,0.0
60,2023,0.0
60,2024,0.0
61,2014,0.0
61,2015,0.0
61,2016,0.0
61,2017,0.0
61,2018,0.0
61,2019,0.0
61,2020,0.0
61,2021,0.0
61,2022,0.0
61,2023,0.0
61,2024,0.0
62,2021,-0.56319059046041
62,2022,-0.530981934120458
62,2023,0.7488952595552845
62,2024,1.2270546949447387
63,2016,0.15864814108244604
63,2017,-0.056286365426435066
63,2018,-0.06795337036655837
63,2019,0.24663498253634894
63,2020,0.41165918811780994
63,2021,1.684075362394368
63,2022,0.1371773618062571
63,2023,0.3166621867689501
63,2024,0.5493124808403196
64,2021,0.0
64,2022,0.0
64,2023,0.0
64,2024,0.0
65,2016,0.4327053004878993
65,2017,0.9426173174633106
65,2018,0.24029683900354143
65,2019,0.8313058216369864
65,2020,0.24046829368425052
65,2021,-0.42150485709900504
65,2022,0.9670500848650297
65,2023,-0.12354189484010603
65,2024,0.2275951645256756
66,2020,4.6335165669456915
66,2021,4.69749759304806
66,2022,10.861828895123104
66,2023,9.091165219447857
66,2024,9.53215395389149
67,2014,3.4030455055414035
67,2015,1.9665713996394818
67,2016,1.7436372517885852
67,2017,2.6284908875109343
67,2018,0.663463279263902
67,2019,2.6566356619776776
67,2020,2.163985328821157
67,2021,2.15887096512539
67,2022,1.7076431673425683
67,2023,1.789252531237677
67,2024,2.2440344729310695
68,2014,0.0
68,2015,0.0
68,2016,0.0
68,2017,0.0
68,2018,0.0
68,2019,0.0
68,2020,0.0
68,2021,0.0
68,2022,0.0
68,2023,0.0
68,2024,0.0
69,2023,0.08362236650713747
69,2024,0.7442289771870856
70,2022,-0.20612072914626337
70,2023,0.03685286915897636
70,2024,0.20406912289203005
71,2016,1.8985508991941358
71,2017,1.7981009971091275
71,2018,1.9811344555043384
71,2019,2.3112308160859403
71,2020,2.179352309331592
71,2021,2.069330159440261
71,2022,1.5867472605619926
71,2023,1.4348726888645902
71,2024,1.58200950509685
72,2018,0.007527965221359031
72,2019,-0.15187131257897246
72,2020,0.13143881576718508
72,2021,-0.31336280522730137
72,2022,0.4487012243231195
72,2023,0.2578354339730815
72,2024,-0.38089574789889524
73,2017,-0.26840600423663336
73,2018,-0.20830747261458507
73,2019,-0.2621269119339192
73,2020,-0.48987622120248303
73,2021,-0.4042170746369327
73,2022,-0.34807565141098307
73,2023,-0.47215306833197573
73,2024,-0.13730307285268226
74,2017,0.12132347939447037
74,2018,0.3540838540626303
74,2019,0.6326486591872196
74,2020,0.34160523929060677
74,2021,0.06961735424155732
74,2022,0.4316523788385418
74,2023,0.29900535590914373
74,2024,0.034831546683199516
75,2023,0.518889461971264
75,2024,0.2877716409483989
76,2022,1.0759461180944259
76,2023,0.9436962886888125
76,2024,0.6734363437880128
77,2024,1.2769967952865637
78,2020,0.7562136402998023
78,2021,0.35705114165841434
78,2022,0.6034464869075097
78,2023,0.7499443401848014
78,2024,1.0916764724157713
79,2023,-0.778255967387197
79,2024,0.9887956037540729
80,2017,0.27103025770585
80,2018,-0.2719952868396296
80,2019,-0.14653375076336211
80,2020,0.2655934220284992
80,2021,0.09003727987089352
80,2022,-0.1753025623452977
80,2023,-0.2138163361827413
80,2024,-0.08592934380988523
81,2017,1.4212667782323278
81,2018,-0.4907484981959917
81,2019,-0.07651758134976369
81,2020,0.8289711665212782
81,2021,0.7038038559769263
81,2022,0.6523058883971902
81,2023,0.5690222671257271
81,2024,0.7113331548301478
82,2021,-0.1382704702088082
82,2022,-0.49125080802544563
82,2023,0.12903131044597274
82,2024,-0.1801009817321673
83,2014,0.6964460790055641
83,2015,1.7508671890613754
83,2016,1.5462603592019795
83,2017,1.429082156414881
83,2018,1.9087686322013095
83,2019,2.811974020392958
83,2020,1.4973252780871922
83,2021,2.2066666553244096
83,2022,0.9015735661375421
83,2023,-0.6460908240309202
83,2024,0.6653658013871476
84,2014,2.272532320809859
84,2015,2.5298877138510436
84,2016,1.8144897964572242
84,2017,2.382224352365933
84,2018,1.576365353503673
84,2019,1.578109284540182
84,2020,1.083871781246764
84,2021,1.0981478354737344
84,2022,0.813654425636854
84,2023,1.8378912502167917
84,2024,1.6672939642250844
85,2023,2.684331790408393
85,2024,3.28181757600439
86,2021,-2.0752495933613924
86,2022,2.3000157590999706
86,2023,4.272749129491118
86,2024,2.4278424070033653
87,2014,0.8267949255471995
87,2015,0.23697735477671344
87,2016,0.028172800138192025
87,2017,-0.1269800750161834
87,2018,0.19516093774395585
87,2019,0.1748427804662425
87,2020,0.14041678539528601
87,2021,0.6227230875031082
87,2022,0.3571982661472696
87,2023,0.287121321307929
87,2024,0.4221599891520361
88,2014,1.0245218847390585
88,2015,0.4052111750663149
88,2016,0.8452727683519515
88,2017,2.1440490350258976
88,2018,0.5105357033427108
88,2019,0.6120831167581711
88,2020,1.096173884742486
88,2021,2.237498016185523
88,2022,1.2566604407090933
88,2023,0.9439168094452175
88,2024,1.5477347967942987
89,2014,0.042632384651341344
89,2015,0.06016564079835152
89,2016,0.5022229436351013
89,2017,0.5728695673597847
89,2018,1.6624108382823997
89,2019,0.6722036858925402
89,2020,0.9212582525425724
89,2021,0.5843501233962025
89,2022,0.9334748744156246
89,2023,1.6494308148647836
89,2024,1.1931126302527528
90,2021,2.5162994888739223
90,2022,1.0594947475944936
90,2023,2.550846295034642
90,2024,1.236984989330685
91,2020,4.848891172234855
91,2021,8.213680738690913
91,2022,5.48305144141934
91,2023,9.79893098483817
91,2024,4.737979153948034
92,2019,4.077046775465671
92,2020,4.318143384600419
92,2021,1.1521216855341128
92,2022,5.571939149745577
92,2023,4.2445608300611415
92,2024,3.1690720840121775
93,2021,0.0006988448163894751
93,2022,0.0004939041255533501
93,2023,0.13975836718103632
93,2024,0.2847311143989771
94,2022,0.0
94,2023,0.0
94,2024,0.0
95,2023,-0.003169818318306265
95,2024,0.035488384573683106
96,2014,0.9430289933825473
96,2015,1.91005803975483
96,2016,0.5269107504350399
96,2017,0.9271144895869169
96,2018,-0.7043667405003292
96,2019,2.123063464923506
96,2020,2.1795256168812687
96,2021,2.1055017602226984
96,2022,2.5706839018448147
96,2023,1.4848820690434785
96,2024,2.18567755388153
97,2014,2.9926754200315298
97,2015,2.5491795455398107
97,2016,1.5904838651378639
97,2017,2.083844275482153
97,2018,4.873696914801767
97,2019,3.9806432062171306
97,2020,4.29576667556261
97,2021,3.1229779687104453
97,2022,2.9585557504559143
97,2023,3.1321836876218354
97,2024,2.9499875301217147
98,2018,0.0
98,2019,0.0
98,2020,0.0
98,2021,0.0
98,2022,0.0
98,2023,0.0
98,2024,0.0
99,2014,1.481320547239664
99,2015,1.323606462010925
99,2016,1.4174664450589152
99,2017,1.5651799952891992
99,2018,0.9120185814057065
99,2019,2.700446013180834
99,2020,-0.33310874792845047
99,2021,-0.2930539543705498
99,2022,3.245484516675294
99,2023,0.3052020329883442
99,2024,1.294687451878545
100,2014,3.1670933902826643
100,2015,1.828340185232526
100,2016,0.9582148294836298
100,2017,0.4439236841021665
100,2018,1.6330869279654663
100,2019,1.3356781477945558
100,2020,4.709637282025417
100,2021,4.3611222549636235
100,2022,0.39891645844244444
100,2023,2.9695658051394433
100,2024,1.8915518563434646
101,2014,0.0003446242899132882
101,2015,0.0005370439486980652
101,2016,0.004313060951609879
101,2017,0.0001020611834351943
101,2018,0.0030636400933053837
101,2019,0.0027675604540206857
101,2020,-0.5905069725713558
101,2021,0.020404980995763575
101,2022,0.025154282432642457
101,2023,0.13320483936624092
101,2024,0.16143107554789346
102,2014,0.7918750052515267
102,2015,1.3207428584513936
102,2016,1.644207789770045
102,2017,1.1044180326620978
102,2018,2.061047280632402
102,2019,1.1824100399628537
102,2020,2.0651371219430947
102,2021,1.0706762692227507
102,2022,0.7534451936808856
102,2023,1.8262314709121337
102,2024,1.2436396716325422
103,2021,2.780651871319561
103,2022,2.848179178757698
103,2023,2.63309611676555
103,2024,3.305778345408137
104,2023,0.8481074700123914
104,2024,0.8208071532198876
105,2023,2.5912913894115075
105,2024,2.9776551167498595
106,2024,0.028743485754289276
107,2020,-0.49486250284161737
107,2021,3.1968365598894968
107,2022,2.7001763772825442
107,2023,5.079811297295693
107,2024,2.7264348050453977
108,2022,-0.00409642789951761
108,2023,-0.22490326396123628
108,2024,-0.23782289760935527
109,2014,0.5234072273880117
109,2015,0.2413922379196303
109,2016,0.762740637751885
109,2017,0.4914471606061743
109,2018,0.16972113680989073
109,2019,0.4718497548943146
109,2020,0.6472401868839796
109,2021,0.9282358735210635
109,2022,-0.05986723018644788
109,2023,0.5482139585455951
109,2024,0.5829443301435161
110,2022,0.20735588143635658
110,2023,1.9186327781329
110,2024,2.2819783528767386
111,2020,-0.03708325241977443
111,2021,2.73404028040186
111,2022,3.3215349291586773
111,2023,3.792214301689409
111,2024,2.028209688429641
112,2020,0.1159584845697698
112,2021,0.9955063470205866
112,2022,0.6035096721334278
112,2023,1.2992590507332944
112,2024,0.6865148557380563
113,2014,-0.5760671942350409
113,2015,1.3852453604733246
113,2016,-0.21322297795383127
113,2017,-0.5422685447500523
113,2018,-0.9143977720900833
113,2019,-0.0993016131366542
113,2020,0.1574142424839176
113,2021,0.13410350938216903
113,2022,0.3352743690970822
113,2023,0.1261795761910105
113,2024,0.5363865959307043
114,2023,0.6667430552124307
114,2024,0.922783968187988
115,2020,-0.07072149283479506
115,2021,0.8484757552789968
115,2022,1.2046186340632352
115,2023,1.2203678337360964
115,2024,1.2962648534689185
116,2014,-0.43739899918683756
116,2015,-9.125263389057634e-05
116,2016,0.4383348527287633
116,2017,0.2721157795589762
116,2018,-0.32683530007612627
116,2019,0.29614442291863424
116,2020,-0.002604622843793156
116,2021,-0.1381839742465603
116,2022,0.026848618481757847
116,2023,0.257907565410992
116,2024,0.7704737011602113
117,2023,-0.22904538823102796
117,2024,-0.27312771125643165
118,2021,0.0
118,2022,0.0
118,2023,0.0
118,2024,0.0
119,2021,0.21179927856714723
119,2022,-0.02094578393218877
119,2023,-0.08543943437765922
119,2024,2.7066312775565313
120,2021,0.7290994397634771
120,2022,-0.622512971103181
120,2023,1.3379717882445752
120,2024,1.2921848430356253
121,2014,1.9321528604087892
121,2015,2.849682913428024
121,2016,2.2232395572421093
121,2017,3.306303726322249
121,2018,2.6921589835502746
121,2019,1.7226854033205241
121,2020,2.435178240364568
121,2021,0.27445248116380766
121,2022,1.4373003665200152
121,2023,2.1318067956152027
121,2024,3.5604995137731876
122,2014,3.133248017451514
122,2015,1.2204135508642957
122,2016,3.3322265762125687
122,2017,1.4546042606135912
122,2018,2.7089585713618938
122,2019,1.9262201586303116
122,2020,2.9623076508589623
122,2021,2.4979030849166635
122,2022,2.2061477156379574
122,2023,2.5437862777045277
122,2024,2.6754165689333385
123,2014,2.034467550335778
123,2015,2.08485224081392
123,2016,1.2222916743050094
123,2017,3.5367008584569226
123,2018,3.006384930987285
123,2019,2.345994412319487
123,2020,0.6404290452963759
123,2021,1.0224804685553173
123,2022,2.828111238617911
123,2023,2.1315997004407694
123,2024,3.0048918082395404
124,2016,-0.28083470636259533
124,2017,-0.32656481043187713
124,2018,-0.3696826593970803
124,2019,-0.25648792457775627
124,2020,-0.12967759385710884
124,2021,0.7596202094172122
124,2022,0.503117205862867
124,2023,0.46587150073701417
124,2024,0.6807328118073277
125,2023,0.511506185395423
125,2024,0.836776583336965
126,2021,5.265588560726578
126,2022,4.768568407941372
126,2023,5.369295457336082
126,2024,5.451635684911311
127,2022,1.3685602528060266
127,2023,0.7558166825170531
127,2024,1.1053777786334187
128,2014,0.25356575270990345
128,2015,0.322238524752373
128,2016,0.7797717948132011
128,2017,0.8171491699288311
128,2018,0.4198776270014592
128,2019,0.6022992608312915
128,2020,0.23149271762072576
128,2021,0.16753480363116455
128,2022,0.32782109662670683
128,2023,0.9498523536211729
128,2024,1.0025194375226343
129,2023,0.07774695979018344
129,2024,-0.08252876587513037
130,2020,-0.9317129589077411
130,2021,1.6294633333619806
130,2022,1.2663623791717138
130,2023,2.4310021372179897
130,2024,1.3819141958800523
131,2014,-0.4169307520474357
131,2015,0.49915617932163187
131,2016,-0.3403704402848796
131,2017,0.7099288942294419
131,2018,0.6083078707883997
131,2019,0.17700770313661768
131,2020,-0.46878604699763143
131,2021,1.8628674550171975
131,2022,-0.4892420535239517
131,2023,0.8419109914013033
131,2024,-1.9413923677604332
132,2024,-1.7286734245316988
133,2021,-0.7008893477520188
133,2022,-0.2894976131826017
133,2023,0.8690456266072606
133,2024,0.5138018617197783
134,2023,4.8426886465376535
134,2024,4.8616320499483265
135,2016,-1.8349711911276732
135,2017,-1.1176050273386122
135,2018,-1.7609517986514827
135,2019,-1.131733860531546
135,2020,-0.5697421852145432
135,2021,-1.681021472666399
135,2022,0.17819814993424468
135,2023,-0.022966724348915835
135,2024,0.4191759002574894
136,2023,-0.7474985912975906
136,2024,-0.07063099940217632
137,2014,0.8832502958494223
137,2015,0.7888401854004402
137,2016,2.9395932143119006
137,2017,1.565643313420198
137,2018,0.45408505369840796
137,2019,1.3754690625833692
137,2020,1.7924383194235036
137,2021,1.4830654544595614
137,2022,1.0267146420499194
137,2023,1.9356388018385577
137,2024,2.1242193355857206
138,2024,0.0806343395418683
139,2017,0.0
139,2018,0.0
139,2019,0.0
139,2020,0.0
139,2021,0.0
139,2022,0.0
139,2023,0.0
139,2024,0.0
140,2023,-0.6106097246691865
140,2024,0.09322878587364397
141,2021,3.520767865147066
141,2022,3.8577288591421692
141,2023,2.232247793054156
141,2024,3.3422576306569027
142,2016,1.0415800213046142
142,2017,0.9707110743808456
142,2018,0.22258350937293298
142,2019,0.3762211744363577
142,2020,-0.2719049558698956
142,2021,0.07576042599959795
142,2022,0.35827531040575955
142,2023,-0.08741329082374805
142,2024,0.5187365659192835
143,2021,0.4988058036531927
143,2022,0.14878522140663047
143,2023,1.0404103747789826
143,2024,0.3091844769759861
144,2014,-1.8475937855945928
144,2015,-3.59632020587102
144,2016,-2.1228653270730837
144,2017,-3.057264297077642
144,2018,-0.4573560981439804
144,2019,-0.8813803802273951
144,2020,-1.568866326499963
144,2021,0.11652281886923388
144,2022,-1.0315074034542264
144,2023,-1.4003853116507905
144,2024,-1.3434608970471285
145,2023,0.5863424354342899
145,2024,0.48801432760683644
146,2023,-0.2692471809348425
146,2024,-0.2143674156588488
147,2017,-1.1562525588795125
147,2018,0.5411313754648039
147,2019,-0.12301320694922695
147,2020,0.09434665075733367
147,2021,-0.5254069587109956
147,2022,-1.115412784575021
147,2023,-2.3310710839204702
147,2024,-2.261609950651829
148,2016,0.21593071747335874
148,2017,0.5458371984207381
148,2018,0.3575852141864619
148,2019,1.0553227262502212
148,2020,-0.3124513865268172
148,2021,-0.15603730752769818
148,2022,0.6427786335988164
148,2023,0.18306555241679598
148,2024,0.37575682522136133
149,2014,0.0
149,2015,0.0
149,2016,0.0
149,2017,0.0
149,2018,0.0
149,2019,0.0
149,2020,0.0
149,2021,0.0
149,2022,0.0
149,2023,0.0
149,2024,0.0
150,2018,1.306804265328218
150,2019,1.1017611782123449
150,2020,1.7869778412069997
150,2021,1.9329782798694808
150,2022,1.1654274388040822
150,2023,1.0585511634397238
150,2024,1.2685621505708289
151,2024,0.0
152,2014,0.0
152,2015,0.0
152,2016,0.0
152,2017,0.0
152,2018,0.0
152,2019,0.0
152,2020,0.0
152,2021,0.0
152,2022,0.0
152,2023,0.0
152,2024,0.0
153,2014,0.06523258920515981
153,2015,-0.2552150575650093
153,2016,0.34920570227666725
153,2017,-0.8280196333582145
153,2018,-1.2802549203284215
153,2019,-1.2235084024571585
153,2020,1.1734178055743334
153,2021,-0.30639645434281276
153,2022,-0.6236384118929672
153,2023,-0.7924704109914308
153,2024,-0.3653573595106266
154,2014,-0.09202855621398558
154,2015,-0.19819623756107824
154,2016,0.7460308058953157
154,2017,-0.764609547903551
154,2018,-0.8370290779584508
154,2019,-1.531052149677164
154,2020,1.9561523743921319
154,2021,0.7398439888988062
154,2022,-0.9967896238519032
154,2023,0.03304879070250175
154,2024,-0.8928973813716564
155,2021,1.6415477397129272
155,2022,13.01505921363163
155,2023,11.634166703550067
155,2024,11.979964964374117
156,2024,0.06270599483968875
157,2014,7.455460148058178
157,2015,7.479868607195163
157,2016,8.812780666913316
157,2017,9.638687449311137
157,2018,5.004329124164599
157,2019,6.0577980629301384
157,2020,5.91148671624916
157,2021,6.425567528664934
157,2022,5.797341807123573
157,2023,6.910647220041572
157,2024,6.7110472872409135
158,2014,3.056109145015369
158,2015,1.4440490130437151
158,2016,1.6916004873009107
158,2017,1.2181446661819273
158,2018,4.06946285931396
158,2019,1.8741860347385217
158,2020,2.056665250016568
158,2021,4.562490436868995
158,2022,2.2620225008013337
158,2023,2.466942432068634
158,2024,1.7708989818832714
159,2021,5.207620930499107
159,2022,4.167710839114955
159,2023,6.7902973955906125
159,2024,4.529064866324195
160,2016,2.4485192908190365
160,2017,1.8664958795960191
160,2018,3.0953542598914643
160,2019,1.7214013799929706
160,2020,3.3916769775103264
160,2021,2.010658609585454
160,2022,3.200719945320849
160,2023,1.303565952004839
160,2024,2.9577174032347555
161,2021,0.8668847712520701
161,2022,0.8157870737866689
161,2023,1.0166322752033554
161,2024,0.8837261562385854
162,2017,-0.7507439537939811
162,2018,0.7539158758147886
162,2019,0.32210115568029474
162,2020,0.009469074188619786
162,2021,0.12303577496324866
162,2022,0.5793610842566443
162,2023,-0.08615565674474478
162,2024,0.6447821567578245
163,2014,1.149724352211318
163,2015,0.9345997107245685
163,2016,1.1425974978927853
163,2017,1.127661056703591
163,2018,1.1133015066423966
163,2019,0.72780067397608
163,2020,0.918388369601808
163,2021,1.5546239824917687
163,2022,1.5510287763723734
163,2023,0.6461871196154095
163,2024,0.9093410250525075
164,2017,-0.014036996072972551
164,2018,0.13809085368707094
164,2019,-0.1593076839921007
164,2020,0.14735182830401147
164,2021,-0.10101438749855685
164,2022,0.07520428727283723
164,2023,-0.1755149856507696
164,2024,-0.14124212909271577
165,2014,1.2511890371517973
165,2015,1.7420260350288586
165,2016,1.8344560818758529
165,2017,2.3112496918283068
165,2018,1.6910951839932402
165,2019,1.1207349771485222
165,2020,1.6780364796670424
165,2021,0.3869036356156884
165,2022,2.321467874104527
165,2023,1.1134003434289075
165,2024,1.7884963423101874
166,2022,0.642489607676683
166,2023,0.7209682490844744
166,2024,0.6038972448130681
167,2023,0.0
167,2024,0.0
168,2014,-0.8694293533343455
168,2015,-0.7189545462463569
168,2016,-1.1638172015778439
168,2017,-0.7760071948363327
168,2018,-0.3674629884163433
168,2019,-0.39067714265040604
168,2020,-0.34603637029369266
168,2021,-0.6437769892323647
168,2022,-0.6350117268198127
168,2023,-1.1632476943496375
168,2024,-1.0239667034499491
169,2014,-0.17715573606525503
169,2015,0.8050176793332219
169,2016,0.36168401899766495
169,2017,0.31071422896900347
169,2018,0.18092952338710777
169,2019,0.2888171251104219
169,2020,-0.1270295573998555
169,2021,0.5601743486107468
169,2022,1.605439902286197
169,2023,0.1434251291989437
169,2024,0.36076977595470666
170,2020,0.09377533813803021
170,2021,0.18798242229173756
170,2022,-0.048677233182819725
170,2023,-0.22067338396771521
170,2024,-0.09655356107730936
