farm_id,year,n_turbines_total,new_turbines,is_new_farm,is_expansion,expansion_direction_deg,centroid_lon,centroid_lat
0,2014,8,8,True,False,,121.4547,32.7488
0,2015,8,0,False,False,,121.4547,32.7488
0,2016,47,39,False,True,272.0994460331189,121.2883,32.7549
0,2017,170,123,False,True,265.88855880192284,121.241,32.7515
0,2018,227,57,False,True,19.13364320590398,121.2478,32.7711
0,2019,436,209,False,True,29.64048582271073,121.3084,32.8776
0,2020,635,199,False,True,124.30778784472557,121.3339,32.8602
0,2021,928,293,False,True,100.45043746378724,121.4239,32.8436
0,2022,928,0,False,False,,121.4239,32.8436
0,2023,928,0,False,False,,121.4239,32.8436
0,2024,928,0,False,False,,121.4239,32.8436
1,2014,1,1,False,False,,,
1,2015,1,1,False,False,,,
1,2016,2,2,False,False,,121.1275,33.4729
1,2017,78,78,True,False,,121.1432,33.3152
1,2018,238,160,False,True,17.506173689096443,121.1655,33.3859
1,2019,325,87,False,True,77.42755499576486,121.1794,33.389
1,2020,455,130,False,True,334.81572929308294,121.1486,33.4545
1,2021,588,133,False,True,78.5713199664404,121.1857,33.462
1,2022,588,0,False,False,,121.1857,33.462
1,2023,588,0,False,False,,121.1857,33.462
1,2024,588,0,False,False,,121.1857,33.462
2,2014,183,183,True,False,,2.8862,51.6149
2,2015,183,0,False,False,,2.8862,51.6149
2,2016,204,21,False,True,312.87890360334956,2.8792,51.6214
2,2017,233,29,False,True,295.90650799950856,2.8722,51.6248
2,2018,274,41,False,True,114.64166199956873,2.8831,51.6198
2,2019,321,47,False,True,125.69962133900242,2.8998,51.6078
2,2020,572,251,False,True,24.292100878348094,2.9165,51.6448
2,2021,572,0,False,False,,2.9165,51.6448
2,2022,572,0,False,False,,2.9165,51.6448
2,2023,572,0,False,False,,2.9165,51.6448
2,2024,572,0,False,False,,2.9165,51.6448
3,2014,1,1,False,False,,,
3,2015,1,1,False,False,,,
3,2016,1,1,False,False,,,
3,2017,1,1,False,False,,,
3,2018,1,1,False,False,,,
3,2019,2,2,False,False,,121.6193,32.6529
3,2020,54,54,True,False,,121.7789,32.6944
3,2021,440,386,False,True,113.89991625152408,121.8044,32.6831
3,2022,440,0,False,False,,121.8044,32.6831
3,2023,440,0,False,False,,121.8044,32.6831
3,2024,441,1,False,True,101.30993247433338,121.8049,32.683
4,2014,0,0,False,False,,,
4,2015,0,0,False,False,,,
4,2016,0,0,False,False,,,
4,2017,0,0,False,False,,,
4,2018,0,0,False,False,,,
4,2019,6,6,True,False,,111.5307,21.2524
4,2020,51,45,False,True,268.28653468262917,111.5073,21.2517
4,2021,361,310,False,True,50.962850873724335,111.5644,21.298
4,2022,361,0,False,False,,111.5644,21.298
4,2023,362,1,False,True,206.5650511778922,111.5643,21.2978
4,2024,364,2,False,True,251.56505117768864,111.564,21.2977
5,2014,0,0,False,False,,,
5,2015,0,0,False,False,,,
5,2016,0,0,False,False,,,
5,2017,0,0,False,False,,,
5,2018,3,3,True,False,,1.93,53.8752
5,2019,174,171,False,True,307.2079219217892,1.9192,53.8834
5,2020,174,0,False,False,,1.9192,53.8834
5,2021,334,160,False,True,282.563725905819,1.7976,53.9105
5,2022,339,5,False,True,263.01894259318647,1.7927,53.9099
5,2023,339,0,False,False,,1.7927,53.9099
5,2024,339,0,False,False,,1.7927,53.9099
6,2014,0,0,False,False,,,
6,2015,0,0,False,False,,,
6,2016,0,0,False,False,,,
6,2017,0,0,False,False,,,
6,2018,0,0,False,False,,,
6,2019,0,0,False,False,,,
6,2020,1,1,False,False,,,
6,2021,116,116,True,False,,121.4459,36.4205
6,2022,116,0,False,False,,121.4459,36.4205
6,2023,239,123,False,True,64.92245202078885,121.5286,36.4592
6,2024,292,53,False,True,56.50922133820853,121.5419,36.468
7,2014,130,130,True,False,,6.5294,53.9958
7,2015,130,0,False,False,,6.5294,53.9958
7,2016,130,0,False,False,,6.5294,53.9958
7,2017,132,2,False,True,296.5650511770271,6.529,53.996
7,2018,253,121,False,True,349.8753283446097,6.5285,53.9988
7,2019,269,16,False,True,340.0168934780889,6.5269,54.0032
7,2020,284,15,False,True,288.434948822916,6.5218,54.0049
7,2021,284,0,False,False,,6.5218,54.0049
7,2022,284,0,False,False,,6.5218,54.0049
7,2023,284,0,False,False,,6.5218,54.0049
7,2024,284,0,False,False,,6.5218,54.0049
8,2014,0,0,False,False,,,
8,2015,0,0,False,False,,,
8,2016,0,0,False,False,,,
8,2017,0,0,False,False,,,
8,2018,0,0,False,False,,,
8,2019,0,0,False,False,,,
8,2020,0,0,False,False,,,
8,2021,22,22,True,False,,111.616,20.9775
8,2022,67,45,False,True,230.2738959573262,111.6089,20.9716
8,2023,204,137,False,True,353.86777750231835,111.6063,20.9958
8,2024,278,74,False,True,268.67218988825647,111.5761,20.9951
9,2014,240,240,True,False,,-3.4995,54.0304
9,2015,240,0,False,False,,-3.4995,54.0304
9,2016,240,0,False,False,,-3.4995,54.0304
9,2017,240,0,False,False,,-3.4995,54.0304
9,2018,267,27,False,True,270.511555866604,-3.5107,54.0305
9,2019,267,0,False,False,,-3.5107,54.0305
9,2020,267,0,False,False,,-3.5107,54.0305
9,2021,267,0,False,False,,-3.5107,54.0305
9,2022,267,0,False,False,,-3.5107,54.0305
9,2023,267,0,False,False,,-3.5107,54.0305
9,2024,267,0,False,False,,-3.5107,54.0305
10,2014,2,2,False,False,,-3.0778,58.0984
10,2015,2,2,False,False,,-3.0778,58.0984
10,2016,2,2,False,False,,-3.0778,58.0984
10,2017,2,2,False,False,,-3.0778,58.0984
10,2018,46,46,True,False,,-2.9214,58.2281
10,2019,88,42,False,True,57.042575142883265,-2.885,58.2517
10,2020,88,0,False,False,,-2.885,58.2517
10,2021,186,98,False,True,112.94532406612177,-2.8002,58.2158
10,2022,186,0,False,False,,-2.8002,58.2158
10,2023,187,1,False,True,240.94539590081004,-2.8011,58.2153
10,2024,246,59,False,True,240.8048361595623,-2.8564,58.1844
11,2014,208,208,True,False,,7.6974,54.454
11,2015,208,0,False,False,,7.6974,54.454
11,2016,208,0,False,False,,7.6974,54.454
11,2017,208,0,False,False,,7.6974,54.454
11,2018,208,0,False,False,,7.6974,54.454
11,2019,208,0,False,False,,7.6974,54.454
11,2020,208,0,False,False,,7.6974,54.454
11,2021,208,0,False,False,,7.6974,54.454
11,2022,246,38,False,True,349.5085229876681,7.6964,54.4594
11,2023,246,0,False,False,,7.6964,54.4594
11,2024,246,0,False,False,,7.6964,54.4594
12,2014,0,0,False,False,,,
12,2015,0,0,False,False,,,
12,2016,0,0,False,False,,,
12,2017,0,0,False,False,,,
12,2018,0,0,False,False,,,
12,2019,0,0,False,False,,,
12,2020,0,0,False,False,,,
12,2021,53,53,True,False,,116.2571,22.6514
12,2022,239,186,False,True,243.89981310118247,116.2175,22.632
12,2023,244,5,False,True,73.17859010999848,116.2218,22.6333
12,2024,244,0,False,False,,116.2218,22.6333
13,2014,215,215,True,False,,-3.5741,53.4442
13,2015,215,0,False,False,,-3.5741,53.4442
13,2016,215,0,False,False,,-3.5741,53.4442
13,2017,215,0,False,False,,-3.5741,53.4442
13,2018,215,0,False,False,,-3.5741,53.4442
13,2019,215,0,False,False,,-3.5741,53.4442
13,2020,215,0,False,False,,-3.5741,53.4442
13,2021,215,0,False,False,,-3.5741,53.4442
13,2022,215,0,False,False,,-3.5741,53.4442
13,2023,215,0,False,False,,-3.5741,53.4442
13,2024,215,0,False,False,,-3.5741,53.4442
14,2014,0,0,False,False,,,
14,2015,0,0,False,False,,,
14,2016,0,0,False,False,,,
14,2017,3,3,True,False,,123.3274,39.5258
14,2018,37,34,False,True,107.25679552798061,123.3509,39.5185
14,2019,66,29,False,True,173.34557495390868,123.3516,39.5125
14,2020,73,7,False,True,221.53177074109402,123.3485,39.509
14,2021,142,69,False,True,142.6900995321962,123.3706,39.48
14,2022,142,0,False,False,,123.3706,39.48
14,2023,142,0,False,False,,123.3706,39.48
14,2024,181,39,False,True,102.8287828714353,123.3807,39.4777
15,2014,44,44,True,False,,4.1601,52.4024
15,2015,44,0,False,False,,4.1601,52.4024
15,2016,44,0,False,False,,4.1601,52.4024
15,2017,44,0,False,False,,4.1601,52.4024
15,2018,44,0,False,False,,4.1601,52.4024
15,2019,44,0,False,False,,4.1601,52.4024
15,2020,44,0,False,False,,4.1601,52.4024
15,2021,44,0,False,False,,4.1601,52.4024
15,2022,133,89,False,True,237.6580311426581,4.0854,52.3551
15,2023,182,49,False,True,200.6047040439914,4.0757,52.3293
15,2024,182,0,False,False,,4.0757,52.3293
16,2014,80,80,True,False,,5.9824,54.3573
16,2015,80,0,False,False,,5.9824,54.3573
16,2016,81,1,False,True,240.945395900822,5.9815,54.3568
16,2017,147,66,False,True,250.53504583903793,5.9334,54.3398
16,2018,147,0,False,False,,5.9334,54.3398
16,2019,178,31,False,True,256.34034308715377,5.9083,54.3337
16,2020,178,0,False,False,,5.9083,54.3337
16,2021,178,0,False,False,,5.9083,54.3337
16,2022,178,0,False,False,,5.9083,54.3337
16,2023,178,0,False,False,,5.9083,54.3337
16,2024,178,0,False,False,,5.9083,54.3337
17,2014,175,175,True,False,,1.4972,51.6283
17,2015,175,0,False,False,,1.4972,51.6283
17,2016,175,0,False,False,,1.4972,51.6283
17,2017,175,0,False,False,,1.4972,51.6283
17,2018,175,0,False,False,,1.4972,51.6283
17,2019,175,0,False,False,,1.4972,51.6283
17,2020,175,0,False,False,,1.4972,51.6283
17,2021,175,0,False,False,,1.4972,51.6283
17,2022,175,0,False,False,,1.4972,51.6283
17,2023,175,0,False,False,,1.4972,51.6283
17,2024,175,0,False,False,,1.4972,51.6283
18,2014,77,77,True,False,,6.995,54.0528
18,2015,77,0,False,False,,6.995,54.0528
18,2016,101,24,False,True,207.53607310816196,6.9889,54.0411
18,2017,151,50,False,True,251.1871545088413,6.9299,54.021
18,2018,151,0,False,False,,6.9299,54.021
18,2019,151,0,False,False,,6.9299,54.021
18,2020,151,0,False,False,,6.9299,54.021
18,2021,151,0,False,False,,6.9299,54.021
18,2022,151,0,False,False,,6.9299,54.021
18,2023,151,0,False,False,,6.9299,54.021
18,2024,174,23,False,True,82.84445846512205,6.953,54.0239
19,2014,1,1,False,False,,,
19,2015,1,1,False,False,,,
19,2016,1,1,False,False,,,
19,2017,1,1,False,False,,,
19,2018,13,13,True,False,,120.5575,34.2452
19,2019,96,83,False,True,53.70019079914135,120.5737,34.2571
19,2020,163,67,False,True,67.86261442215596,120.6177,34.275
19,2021,171,8,False,True,75.14138555208802,120.6226,34.2763
19,2022,171,0,False,False,,120.6226,34.2763
19,2023,171,0,False,False,,120.6226,34.2763
19,2024,171,0,False,False,,120.6226,34.2763
20,2014,80,80,True,False,,6.3649,54.5089
20,2015,80,0,False,False,,6.3649,54.5089
20,2016,80,0,False,False,,6.3649,54.5089
20,2017,80,0,False,False,,6.3649,54.5089
20,2018,80,0,False,False,,6.3649,54.5089
20,2019,167,87,False,True,218.65980825409522,6.3397,54.4774
20,2020,167,0,False,False,,6.3397,54.4774
20,2021,167,0,False,False,,6.3397,54.4774
20,2022,167,0,False,False,,6.3397,54.4774
20,2023,167,0,False,False,,6.3397,54.4774
20,2024,167,0,False,False,,6.3397,54.4774
21,2014,1,1,False,False,,,
21,2015,1,1,False,False,,,
21,2016,1,1,False,False,,,
21,2017,1,1,False,False,,,
21,2018,1,1,False,False,,,
21,2019,1,1,False,False,,,
21,2020,1,1,False,False,,,
21,2021,3,3,True,False,,120.9509,27.2551
21,2022,126,123,False,True,352.9320132734364,120.9463,27.2922
21,2023,162,36,False,True,255.85420450589334,120.9217,27.286
21,2024,162,0,False,False,,120.9217,27.286
22,2014,108,108,True,False,,11.6177,54.5527
22,2015,108,0,False,False,,11.6177,54.5527
22,2016,161,53,False,True,80.53767779200189,11.6189,54.5529
22,2017,161,0,False,False,,11.6189,54.5529
22,2018,161,0,False,False,,11.6189,54.5529
22,2019,161,0,False,False,,11.6189,54.5529
22,2020,161,0,False,False,,11.6189,54.5529
22,2021,161,0,False,False,,11.6189,54.5529
22,2022,161,0,False,False,,11.6189,54.5529
22,2023,161,0,False,False,,11.6189,54.5529
22,2024,161,0,False,False,,11.6189,54.5529
23,2014,22,22,True,False,,6.0269,54.0511
23,2015,22,0,False,False,,6.0269,54.0511
23,2016,75,53,False,True,130.14888390469832,6.0416,54.0387
23,2017,75,0,False,False,,6.0416,54.0387
23,2018,75,0,False,False,,6.0416,54.0387
23,2019,75,0,False,False,,6.0416,54.0387
23,2020,75,0,False,False,,6.0416,54.0387
23,2021,75,0,False,False,,6.0416,54.0387
23,2022,75,0,False,False,,6.0416,54.0387
23,2023,75,0,False,False,,6.0416,54.0387
23,2024,156,81,False,True,86.79250794307586,6.1219,54.0432
24,2014,147,147,True,False,,121.2317,32.5332
24,2015,147,0,False,False,,121.2317,32.5332
24,2016,156,9,False,True,45.0,121.232,32.5335
24,2017,156,0,False,False,,121.232,32.5335
24,2018,156,0,False,False,,121.232,32.5335
24,2019,156,0,False,False,,121.232,32.5335
24,2020,156,0,False,False,,121.232,32.5335
24,2021,156,0,False,False,,121.232,32.5335
24,2022,156,0,False,False,,121.232,32.5335
24,2023,156,0,False,False,,121.232,32.5335
24,2024,156,0,False,False,,121.232,32.5335
25,2014,79,79,True,False,,13.1627,54.9829
25,2015,79,0,False,False,,13.1627,54.9829
25,2016,80,1,False,True,0.0,13.1627,54.9829
25,2017,80,0,False,False,,13.1627,54.9829
25,2018,80,0,False,False,,13.1627,54.9829
25,2019,80,0,False,False,,13.1627,54.9829
25,2020,80,0,False,False,,13.1627,54.9829
25,2021,152,72,False,True,281.9994657769537,13.0559,55.0056
25,2022,152,0,False,False,,13.0559,55.0056
25,2023,152,0,False,False,,13.0559,55.0056
25,2024,152,0,False,False,,13.0559,55.0056
26,2014,102,102,True,False,,1.9307,51.9169
26,2015,102,0,False,False,,1.9307,51.9169
26,2016,102,0,False,False,,1.9307,51.9169
26,2017,140,38,False,True,71.78290480216822,1.9623,51.9273
26,2018,140,0,False,False,,1.9623,51.9273
26,2019,140,0,False,False,,1.9623,51.9273
26,2020,140,0,False,False,,1.9623,51.9273
26,2021,140,0,False,False,,1.9623,51.9273
26,2022,140,0,False,False,,1.9623,51.9273
26,2023,140,0,False,False,,1.9623,51.9273
26,2024,140,0,False,False,,1.9623,51.9273
27,2014,81,81,True,False,,7.5842,55.6002
27,2015,81,0,False,False,,7.5842,55.6002
27,2016,89,8,False,True,146.30993247433338,7.5844,55.5999
27,2017,89,0,False,False,,7.5844,55.5999
27,2018,133,44,False,True,38.7741709355717,7.6089,55.6304
27,2019,138,5,False,True,15.25511870307082,7.6098,55.6337
27,2020,138,0,False,False,,7.6098,55.6337
27,2021,138,0,False,False,,7.6098,55.6337
27,2022,138,0,False,False,,7.6098,55.6337
27,2023,138,0,False,False,,7.6098,55.6337
27,2024,138,0,False,False,,7.6098,55.6337
28,2014,0,0,False,False,,,
28,2015,0,0,False,False,,,
28,2016,0,0,False,False,,,
28,2017,0,0,False,False,,,
28,2018,0,0,False,False,,,
28,2019,0,0,False,False,,,
28,2020,1,1,False,False,,,
28,2021,134,134,True,False,,122.1411,32.1239
28,2022,134,0,False,False,,122.1411,32.1239
28,2023,134,0,False,False,,122.1411,32.1239
28,2024,134,0,False,False,,122.1411,32.1239
29,2014,1,1,False,False,,,
29,2015,1,1,False,False,,,
29,2016,1,1,False,False,,,
29,2017,71,71,True,False,,14.0692,54.8358
29,2018,131,60,False,True,135.8234965895873,14.0932,54.8111
29,2019,131,0,False,False,,14.0932,54.8111
29,2020,131,0,False,False,,14.0932,54.8111
29,2021,131,0,False,False,,14.0932,54.8111
29,2022,131,0,False,False,,14.0932,54.8111
29,2023,131,0,False,False,,14.0932,54.8111
29,2024,131,0,False,False,,14.0932,54.8111
30,2014,129,129,True,False,,0.4738,53.1798
30,2015,129,0,False,False,,0.4738,53.1798
30,2016,129,0,False,False,,0.4738,53.1798
30,2017,129,0,False,False,,0.4738,53.1798
30,2018,129,0,False,False,,0.4738,53.1798
30,2019,129,0,False,False,,0.4738,53.1798
30,2020,129,0,False,False,,0.4738,53.1798
30,2021,129,0,False,False,,0.4738,53.1798
30,2022,129,0,False,False,,0.4738,53.1798
30,2023,129,0,False,False,,0.4738,53.1798
30,2024,129,0,False,False,,0.4738,53.1798
31,2014,49,49,True,False,,4.2241,52.5885
31,2015,49,0,False,False,,4.2241,52.5885
31,2016,59,10,False,True,213.69006752566662,4.2239,52.5882
31,2017,59,0,False,False,,4.2239,52.5882
31,2018,60,1,False,True,161.5650511772816,4.224,52.5879
31,2019,60,0,False,False,,4.224,52.5879
31,2020,60,0,False,False,,4.224,52.5879
31,2021,60,0,False,False,,4.224,52.5879
31,2022,60,0,False,False,,4.224,52.5879
31,2023,129,69,False,True,15.678095014878068,4.2423,52.6531
31,2024,129,0,False,False,,4.2423,52.6531
32,2014,0,0,False,False,,,
32,2015,0,0,False,False,,,
32,2016,0,0,False,False,,,
32,2017,0,0,False,False,,,
32,2018,0,0,False,False,,,
32,2019,7,7,True,False,,112.2651,21.4886
32,2020,92,85,False,True,228.2852764747455,112.2301,21.4574
32,2021,128,36,False,True,203.16641995018924,112.2209,21.4359
32,2022,128,0,False,False,,112.2209,21.4359
32,2023,128,0,False,False,,112.2209,21.4359
32,2024,128,0,False,False,,112.2209,21.4359
33,2014,0,0,False,False,,,
33,2015,0,0,False,False,,,
33,2016,0,0,False,False,,,
33,2017,0,0,False,False,,,
33,2018,0,0,False,False,,,
33,2019,0,0,False,False,,,
33,2020,0,0,False,False,,,
33,2021,0,0,False,False,,,
33,2022,0,0,False,False,,,
33,2023,0,0,False,False,,,
33,2024,109,109,True,False,,109.1899,20.1449
34,2014,5,5,True,False,,119.3805,25.1426
34,2015,5,0,False,False,,119.3805,25.1426
34,2016,11,6,False,True,28.465162142698205,119.385,25.1509
34,2017,11,0,False,False,,119.385,25.1509
34,2018,11,0,False,False,,119.385,25.1509
34,2019,19,8,False,True,80.86481164058756,119.4049,25.1541
34,2020,47,28,False,True,221.63353933659826,119.4001,25.1487
34,2021,110,63,False,True,201.73229518990635,119.3944,25.1344
34,2022,125,15,False,True,209.8989018386853,119.3921,25.1304
34,2023,125,0,False,False,,119.3921,25.1304
34,2024,125,0,False,False,,119.3921,25.1304
35,2014,0,0,False,False,,,
35,2015,0,0,False,False,,,
35,2016,0,0,False,False,,,
35,2017,0,0,False,False,,,
35,2018,0,0,False,False,,,
35,2019,0,0,False,False,,,
35,2020,1,1,False,False,,,
35,2021,95,95,True,False,,110.7621,20.5855
35,2022,95,0,False,False,,110.7621,20.5855
35,2023,97,2,False,True,321.3401917460092,110.7613,20.5865
35,2024,120,23,False,True,325.05433559995305,110.7555,20.5948
36,2014,0,0,False,False,,,
36,2015,0,0,False,False,,,
36,2016,0,0,False,False,,,
36,2017,116,116,True,False,,-0.2783,50.6701
36,2018,116,0,False,False,,-0.2783,50.6701
36,2019,116,0,False,False,,-0.2783,50.6701
36,2020,116,0,False,False,,-0.2783,50.6701
36,2021,116,0,False,False,,-0.2783,50.6701
36,2022,116,0,False,False,,-0.2783,50.6701
36,2023,116,0,False,False,,-0.2783,50.6701
36,2024,116,0,False,False,,-0.2783,50.6701
37,2014,0,0,False,False,,,
37,2015,0,0,False,False,,,
37,2016,0,0,False,False,,,
37,2017,0,0,False,False,,,
37,2018,0,0,False,False,,,
37,2019,0,0,False,False,,,
37,2020,1,1,False,False,,,
37,2021,113,113,True,False,,121.5712,30.6258
37,2022,113,0,False,False,,121.5712,30.6258
37,2023,113,0,False,False,,121.5712,30.6258
37,2024,114,1,False,True,224.99999999974557,121.5708,30.6254
38,2014,63,63,True,False,,121.9638,30.7722
38,2015,63,0,False,False,,121.9638,30.7722
38,2016,63,0,False,False,,121.9638,30.7722
38,2017,63,0,False,False,,121.9638,30.7722
38,2018,63,0,False,False,,121.9638,30.7722
38,2019,63,0,False,False,,121.9638,30.7722
38,2020,71,8,False,True,139.8738964222254,121.9697,30.7652
38,2021,115,44,False,True,141.6325146151363,121.983,30.7484
38,2022,115,0,False,False,,121.983,30.7484
38,2023,115,0,False,False,,121.983,30.7484
38,2024,115,0,False,False,,121.983,30.7484
39,2014,0,0,False,False,,,
39,2015,0,0,False,False,,,
39,2016,0,0,False,False,,,
39,2017,0,0,False,False,,,
39,2018,0,0,False,False,,,
39,2019,0,0,False,False,,,
39,2020,3,3,True,False,,120.2282,23.9722
39,2021,21,18,False,True,44.38394009160953,120.242,23.9863
39,2022,26,5,False,True,300.49983323344856,120.2274,23.9949
39,2023,73,47,False,True,270.0969470809362,120.1683,23.995
39,2024,114,41,False,True,202.88612282581033,120.158,23.9706
40,2014,0,0,False,False,,,
40,2015,0,0,False,False,,,
40,2016,0,0,False,False,,,
40,2017,0,0,False,False,,,
40,2018,0,0,False,False,,,
40,2019,0,0,False,False,,,
40,2020,0,0,False,False,,,
40,2021,5,5,True,False,,-1.7018,56.6277
40,2022,73,68,False,True,194.42077312751306,-1.7081,56.6032
40,2023,114,41,False,True,132.4266405368167,-1.6988,56.5947
40,2024,114,0,False,False,,-1.6988,56.5947
41,2014,0,0,False,False,,,
41,2015,0,0,False,False,,,
41,2016,0,0,False,False,,,
41,2017,0,0,False,False,,,
41,2018,0,0,False,False,,,
41,2019,0,0,False,False,,,
41,2020,0,0,False,False,,,
41,2021,35,35,True,False,,117.048,23.2775
41,2022,35,0,False,False,,117.048,23.2775
41,2023,88,53,False,True,216.09828396711413,117.02,23.2391
41,2024,102,14,False,True,55.30484646878642,117.0226,23.2409
42,2014,0,0,False,False,,,
42,2015,0,0,False,False,,,
42,2016,0,0,False,False,,,
42,2017,0,0,False,False,,,
42,2018,0,0,False,False,,,
42,2019,0,0,False,False,,,
42,2020,0,0,False,False,,,
42,2021,0,0,False,False,,,
42,2022,80,80,True,False,,119.9077,24.1711
42,2023,107,27,False,True,150.25511870310999,119.9125,24.1627
42,2024,111,4,False,True,216.02737338501558,119.9117,24.1616
43,2014,111,111,True,False,,11.2166,56.6015
43,2015,111,0,False,False,,11.2166,56.6015
43,2016,111,0,False,False,,11.2166,56.6015
43,2017,111,0,False,False,,11.2166,56.6015
43,2018,111,0,False,False,,11.2166,56.6015
43,2019,111,0,False,False,,11.2166,56.6015
43,2020,111,0,False,False,,11.2166,56.6015
43,2021,111,0,False,False,,11.2166,56.6015
43,2022,111,0,False,False,,11.2166,56.6015
43,2023,111,0,False,False,,11.2166,56.6015
43,2024,111,0,False,False,,11.2166,56.6015
44,2014,1,1,False,False,,,
44,2015,1,1,False,False,,,
44,2016,1,1,False,False,,,
44,2017,1,1,False,False,,,
44,2018,1,1,False,False,,,
44,2019,1,1,False,False,,,
44,2020,1,1,False,False,,,
44,2021,1,1,False,False,,,
44,2022,49,49,True,False,,118.8577,38.2805
44,2023,108,59,False,True,94.20635113329377,118.942,38.2743
44,2024,108,0,False,False,,118.942,38.2743
45,2014,8,8,True,False,,119.556,25.2493
45,2015,8,0,False,False,,119.556,25.2493
45,2016,8,0,False,False,,119.556,25.2493
45,2017,17,9,False,True,215.2563587129669,119.5478,25.2377
45,2018,45,28,False,True,289.6120937089086,119.5304,25.2439
45,2019,55,10,False,True,304.99202019854044,119.5274,25.246
45,2020,66,11,False,True,32.471192290632985,119.5281,25.2471
45,2021,96,30,False,True,73.00917670802244,119.5425,25.2515
45,2022,103,7,False,True,57.52880770906768,119.5436,25.2522
45,2023,105,2,False,True,56.3099324740985,119.5442,25.2526
45,2024,106,1,False,True,206.5650511778922,119.5441,25.2524
46,2014,2,2,False,False,,119.9617,25.7761
46,2015,2,2,False,False,,119.9617,25.7761
46,2016,2,2,False,False,,119.9617,25.7761
46,2017,2,2,False,False,,119.9617,25.7761
46,2018,2,2,False,False,,119.9617,25.7761
46,2019,2,2,False,False,,119.9617,25.7761
46,2020,2,2,False,False,,119.9617,25.7761
46,2021,57,57,True,False,,119.9897,25.8003
46,2022,98,41,False,True,26.56505117706729,119.9973,25.8155
46,2023,105,7,False,True,193.57043438506312,119.9959,25.8097
46,2024,105,0,False,False,,119.9959,25.8097
47,2014,0,0,False,False,,,
47,2015,0,0,False,False,,,
47,2016,0,0,False,False,,,
47,2017,0,0,False,False,,,
47,2018,0,0,False,False,,,
47,2019,0,0,False,False,,,
47,2020,0,0,False,False,,,
47,2021,40,40,True,False,,114.997,22.3095
47,2022,40,0,False,False,,114.997,22.3095
47,2023,104,64,False,True,265.8653286262654,114.9472,22.3059
47,2024,104,0,False,False,,114.9472,22.3059
48,2014,0,0,False,False,,,
48,2015,0,0,False,False,,,
48,2016,0,0,False,False,,,
48,2017,0,0,False,False,,,
48,2018,0,0,False,False,,,
48,2019,59,59,True,False,,2.5036,52.2474
48,2020,102,43,False,True,181.04162667601025,2.5034,52.2364
48,2021,102,0,False,False,,2.5034,52.2364
48,2022,102,0,False,False,,2.5034,52.2364
48,2023,102,0,False,False,,2.5034,52.2364
48,2024,102,0,False,False,,2.5034,52.2364
49,2014,101,101,True,False,,1.632,51.4309
49,2015,101,0,False,False,,1.632,51.4309
49,2016,101,0,False,False,,1.632,51.4309
49,2017,101,0,False,False,,1.632,51.4309
49,2018,101,0,False,False,,1.632,51.4309
49,2019,101,0,False,False,,1.632,51.4309
49,2020,101,0,False,False,,1.632,51.4309
49,2021,101,0,False,False,,1.632,51.4309
49,2022,101,0,False,False,,1.632,51.4309
49,2023,101,0,False,False,,1.632,51.4309
49,2024,101,0,False,False,,1.632,51.4309
50,2014,0,0,False,False,,,
50,2015,0,0,False,False,,,
50,2016,0,0,False,False,,,
50,2017,47,47,True,False,,120.3535,34.4867
50,2018,99,52,False,True,25.439296467491886,120.3623,34.5052
50,2019,100,1,False,True,0.0,120.3623,34.5055
50,2020,100,0,False,False,,120.3623,34.5055
50,2021,100,0,False,False,,120.3623,34.5055
50,2022,100,0,False,False,,120.3623,34.5055
50,2023,100,0,False,False,,120.3623,34.5055
50,2024,100,0,False,False,,120.3623,34.5055
51,2014,0,0,False,False,,,
51,2015,0,0,False,False,,,
51,2016,0,0,False,False,,,
51,2017,91,91,True,False,,0.842,53.2762
51,2018,91,0,False,False,,0.842,53.2762
51,2019,91,0,False,False,,0.842,53.2762
51,2020,91,0,False,False,,0.842,53.2762
51,2021,91,0,False,False,,0.842,53.2762
51,2022,91,0,False,False,,0.842,53.2762
51,2023,91,0,False,False,,0.842,53.2762
51,2024,91,0,False,False,,0.842,53.2762
52,2014,1,1,False,False,,,
52,2015,1,1,False,False,,,
52,2016,1,1,False,False,,,
52,2017,1,1,False,False,,,
52,2018,1,1,False,False,,,
52,2019,6,6,True,False,,119.7792,25.6772
52,2020,13,7,False,True,340.26731050028314,119.7759,25.6864
52,2021,59,46,False,True,256.8462918055263,119.7391,25.6778
52,2022,76,17,False,True,113.88649992161879,119.7531,25.6716
52,2023,80,4,False,True,114.30454926591739,119.7562,25.6702
52,2024,90,10,False,True,122.84505830281535,119.7641,25.6651
53,2014,0,0,False,False,,,
53,2015,0,0,False,False,,,
53,2016,0,0,False,False,,,
53,2017,0,0,False,False,,,
53,2018,0,0,False,False,,,
53,2019,0,0,False,False,,,
53,2020,0,0,False,False,,,
53,2021,90,90,True,False,,0.8387,53.4775
53,2022,90,0,False,False,,0.8387,53.4775
53,2023,90,0,False,False,,0.8387,53.4775
53,2024,90,0,False,False,,0.8387,53.4775
54,2014,0,0,False,False,,,
54,2015,0,0,False,False,,,
54,2016,0,0,False,False,,,
54,2017,0,0,False,False,,,
54,2018,0,0,False,False,,,
54,2019,0,0,False,False,,,
54,2020,0,0,False,False,,,
54,2021,89,89,True,False,,5.2635,53.0019
54,2022,89,0,False,False,,5.2635,53.0019
54,2023,89,0,False,False,,5.2635,53.0019
54,2024,89,0,False,False,,5.2635,53.0019
55,2014,88,88,True,False,,1.1474,53.1359
55,2015,88,0,False,False,,1.1474,53.1359
55,2016,88,0,False,False,,1.1474,53.1359
55,2017,88,0,False,False,,1.1474,53.1359
55,2018,88,0,False,False,,1.1474,53.1359
55,2019,88,0,False,False,,1.1474,53.1359
55,2020,88,0,False,False,,1.1474,53.1359
55,2021,88,0,False,False,,1.1474,53.1359
55,2022,88,0,False,False,,1.1474,53.1359
55,2023,88,0,False,False,,1.1474,53.1359
55,2024,88,0,False,False,,1.1474,53.1359
56,2014,0,0,False,False,,,
56,2015,0,0,False,False,,,
56,2016,0,0,False,False,,,
56,2017,0,0,False,False,,,
56,2018,0,0,False,False,,,
56,2019,0,0,False,False,,,
56,2020,0,0,False,False,,,
56,2021,0,0,False,False,,,
56,2022,0,0,False,False,,,
56,2023,9,9,True,False,,108.1948,21.3639
56,2024,83,74,False,True,146.52634609834342,108.211,21.3394
57,2014,48,48,True,False,,105.8064,9.2247
57,2015,48,0,False,False,,105.8064,9.2247
57,2016,62,14,False,True,235.9540626433672,105.8027,9.2222
57,2017,62,0,False,False,,105.8027,9.2222
57,2018,63,1,False,True,0.0,105.8027,9.2224
57,2019,68,5,False,True,132.87890360327162,105.8041,9.2211
57,2020,68,0,False,False,,105.8041,9.2211
57,2021,76,8,False,True,73.73979529164899,105.8089,9.2225
57,2022,76,0,False,False,,105.8089,9.2225
57,2023,79,3,False,True,158.7494944926102,105.8096,9.2207
57,2024,80,1,False,True,120.96375653204359,105.8101,9.2204
58,2014,0,0,False,False,,,
58,2015,0,0,False,False,,,
58,2016,0,0,False,False,,,
58,2017,1,1,False,False,,,
58,2018,2,2,False,False,,-2.5717,47.1718
58,2019,2,2,False,False,,-2.5717,47.1718
58,2020,2,2,False,False,,-2.5717,47.1718
58,2021,2,2,False,False,,-2.5717,47.1718
58,2022,81,81,True,False,,-2.6062,47.1594
58,2023,81,0,False,False,,-2.6062,47.1594
58,2024,81,0,False,False,,-2.6062,47.1594
59,2014,73,73,True,False,,7.8398,55.4868
59,2015,73,0,False,False,,7.8398,55.4868
59,2016,80,7,False,True,110.55604521976471,7.8406,55.4865
59,2017,80,0,False,False,,7.8406,55.4865
59,2018,80,0,False,False,,7.8406,55.4865
59,2019,80,0,False,False,,7.8406,55.4865
59,2020,80,0,False,False,,7.8406,55.4865
59,2021,80,0,False,False,,7.8406,55.4865
59,2022,80,0,False,False,,7.8406,55.4865
59,2023,80,0,False,False,,7.8406,55.4865
59,2024,80,0,False,False,,7.8406,55.4865
60,2014,80,80,True,False,,7.1997,55.141
60,2015,80,0,False,False,,7.1997,55.141
60,2016,80,0,False,False,,7.1997,55.141
60,2017,80,0,False,False,,7.1997,55.141
60,2018,80,0,False,False,,7.1997,55.141
60,2019,80,0,False,False,,7.1997,55.141
60,2020,80,0,False,False,,7.1997,55.141
60,2021,80,0,False,False,,7.1997,55.141
60,2022,80,0,False,False,,7.1997,55.141
60,2023,80,0,False,False,,7.1997,55.141
60,2024,80,0,False,False,,7.1997,55.141
61,2014,80,80,True,False,,7.7741,55.0168
61,2015,80,0,False,False,,7.7741,55.0168
61,2016,80,0,False,False,,7.7741,55.0168
61,2017,80,0,False,False,,7.7741,55.0168
61,2018,80,0,False,False,,7.7741,55.0168
61,2019,80,0,False,False,,7.7741,55.0168
61,2020,80,0,False,False,,7.7741,55.0168
61,2021,80,0,False,False,,7.7741,55.0168
61,2022,80,0,False,False,,7.7741,55.0168
61,2023,80,0,False,False,,7.7741,55.0168
61,2024,80,0,False,False,,7.7741,55.0168
62,2014,0,0,False,False,,,
62,2015,0,0,False,False,,,
62,2016,0,0,False,False,,,
62,2017,0,0,False,False,,,
62,2018,0,0,False,False,,,
62,2019,1,1,False,False,,,
62,2020,1,1,False,False,,,
62,2021,11,11,True,False,,120.0294,23.5745
62,2022,16,5,False,True,247.38013505194994,120.0234,23.572
62,2023,35,19,False,True,42.709389957452515,120.0258,23.5746
62,2024,79,44,False,True,7.165308732922995,120.028,23.5921
63,2014,1,1,False,False,,,
63,2015,1,1,False,False,,,
63,2016,2,2,False,False,,118.7738,38.9817
63,2017,10,10,True,False,,118.7856,38.988
63,2018,40,30,False,True,70.73645097924538,118.8145,38.9981
63,2019,65,25,False,True,294.702430227774,118.8045,39.0027
63,2020,75,10,False,True,181.39718102734477,118.8044,38.9986
63,2021,75,0,False,False,,118.8044,38.9986
63,2022,75,0,False,False,,118.8044,38.9986
63,2023,75,0,False,False,,118.8044,38.9986
63,2024,75,0,False,False,,118.8044,38.9986
64,2014,0,0,False,False,,,
64,2015,0,0,False,False,,,
64,2016,0,0,False,False,,,
64,2017,0,0,False,False,,,
64,2018,0,0,False,False,,,
64,2019,0,0,False,False,,,
64,2020,1,1,False,False,,,
64,2021,49,49,True,False,,106.8328,10.1456
64,2022,74,25,False,True,45.39788096183014,106.8473,10.1599
64,2023,75,1,False,True,206.5650511770271,106.8469,10.1591
64,2024,75,0,False,False,,106.8469,10.1591
65,2014,1,1,False,False,,,
65,2015,1,1,False,False,,,
65,2016,75,75,True,False,,5.8848,54.0341
65,2017,75,0,False,False,,5.8848,54.0341
65,2018,75,0,False,False,,5.8848,54.0341
65,2019,75,0,False,False,,5.8848,54.0341
65,2020,75,0,False,False,,5.8848,54.0341
65,2021,75,0,False,False,,5.8848,54.0341
65,2022,75,0,False,False,,5.8848,54.0341
65,2023,75,0,False,False,,5.8848,54.0341
65,2024,75,0,False,False,,5.8848,54.0341
66,2014,0,0,False,False,,,
66,2015,0,0,False,False,,,
66,2016,0,0,False,False,,,
66,2017,0,0,False,False,,,
66,2018,0,0,False,False,,,
66,2019,0,0,False,False,,,
66,2020,3,3,True,False,,121.4552,30.4982
66,2021,74,71,False,True,146.01872390399967,121.4796,30.462
66,2022,74,0,False,False,,121.4796,30.462
66,2023,74,0,False,False,,121.4796,30.462
66,2024,74,0,False,False,,121.4796,30.462
67,2014,73,73,True,False,,0.2928,53.6443
67,2015,73,0,False,False,,0.2928,53.6443
67,2016,73,0,False,False,,0.2928,53.6443
67,2017,73,0,False,False,,0.2928,53.6443
67,2018,73,0,False,False,,0.2928,53.6443
67,2019,73,0,False,False,,0.2928,53.6443
67,2020,73,0,False,False,,0.2928,53.6443
67,2021,73,0,False,False,,0.2928,53.6443
67,2022,73,0,False,False,,0.2928,53.6443
67,2023,73,0,False,False,,0.2928,53.6443
67,2024,73,0,False,False,,0.2928,53.6443
68,2014,37,37,True,False,,6.8441,55.2024
68,2015,37,0,False,False,,6.8441,55.2024
68,2016,71,34,False,True,86.98721249577028,6.8517,55.2028
68,2017,72,1,False,True,155.55604521961482,6.8522,55.2017
68,2018,72,0,False,False,,6.8522,55.2017
68,2019,72,0,False,False,,6.8522,55.2017
68,2020,72,0,False,False,,6.8522,55.2017
68,2021,72,0,False,False,,6.8522,55.2017
68,2022,72,0,False,False,,6.8522,55.2017
68,2023,72,0,False,False,,6.8522,55.2017
68,2024,72,0,False,False,,6.8522,55.2017
69,2014,0,0,False,False,,,
69,2015,0,0,False,False,,,
69,2016,0,0,False,False,,,
69,2017,0,0,False,False,,,
69,2018,0,0,False,False,,,
69,2019,0,0,False,False,,,
69,2020,0,0,False,False,,,
69,2021,0,0,False,False,,,
69,2022,0,0,False,False,,,
69,2023,43,43,True,False,,0.2256,49.8863
69,2024,71,28,False,True,42.214833577879006,0.2344,49.896
70,2014,0,0,False,False,,,
70,2015,0,0,False,False,,,
70,2016,0,0,False,False,,,
70,2017,0,0,False,False,,,
70,2018,0,0,False,False,,,
70,2019,0,0,False,False,,,
70,2020,0,0,False,False,,,
70,2021,0,0,False,False,,,
70,2022,70,70,True,False,,121.2355,36.427
70,2023,70,0,False,False,,121.2355,36.427
70,2024,70,0,False,False,,121.2355,36.427
71,2014,0,0,False,False,,,
71,2015,0,0,False,False,,,
71,2016,3,3,True,False,,120.8155,24.6957
71,2017,3,0,False,False,,120.8155,24.6957
71,2018,3,0,False,False,,120.8155,24.6957
71,2019,22,19,False,True,355.2755483028067,120.8145,24.7078
71,2020,22,0,False,False,,120.8145,24.7078
71,2021,22,0,False,False,,120.8145,24.7078
71,2022,66,44,False,True,268.35488154826623,120.7762,24.7067
71,2023,69,3,False,True,32.905242922848856,120.7773,24.7084
71,2024,69,0,False,False,,120.7773,24.7084
72,2014,0,0,False,False,,,
72,2015,0,0,False,False,,,
72,2016,0,0,False,False,,,
72,2017,0,0,False,False,,,
72,2018,3,3,True,False,,110.5923,20.5875
72,2019,36,33,False,True,117.90929028386142,110.6142,20.5759
72,2020,36,0,False,False,,110.6142,20.5759
72,2021,68,32,False,True,77.7086512371377,110.6321,20.5798
72,2022,68,0,False,False,,110.6321,20.5798
72,2023,68,0,False,False,,110.6321,20.5798
72,2024,68,0,False,False,,110.6321,20.5798
73,2014,0,0,False,False,,,
73,2015,0,0,False,False,,,
73,2016,0,0,False,False,,,
73,2017,67,67,True,False,,1.3778,53.2671
73,2018,67,0,False,False,,1.3778,53.2671
73,2019,67,0,False,False,,1.3778,53.2671
73,2020,67,0,False,False,,1.3778,53.2671
73,2021,67,0,False,False,,1.3778,53.2671
73,2022,67,0,False,False,,1.3778,53.2671
73,2023,67,0,False,False,,1.3778,53.2671
73,2024,67,0,False,False,,1.3778,53.2671
74,2014,1,1,False,False,,,
74,2015,1,1,False,False,,,
74,2016,1,1,False,False,,,
74,2017,10,10,True,False,,122.1895,29.5822
74,2018,52,42,False,True,95.31454566994506,122.2196,29.5794
74,2019,62,10,False,True,77.4711922908557,122.2286,29.5814
74,2020,62,0,False,False,,122.2286,29.5814
74,2021,62,0,False,False,,122.2286,29.5814
74,2022,62,0,False,False,,122.2286,29.5814
74,2023,62,0,False,False,,122.2286,29.5814
74,2024,62,0,False,False,,122.2286,29.5814
75,2014,0,0,False,False,,,
75,2015,0,0,False,False,,,
75,2016,0,0,False,False,,,
75,2017,0,0,False,False,,,
75,2018,0,0,False,False,,,
75,2019,0,0,False,False,,,
75,2020,0,0,False,False,,,
75,2021,0,0,False,False,,,
75,2022,0,0,False,False,,,
75,2023,62,62,True,False,,-2.542,48.857
75,2024,62,0,False,False,,-2.542,48.857
76,2014,1,1,False,False,,,
76,2015,1,1,False,False,,,
76,2016,1,1,False,False,,,
76,2017,1,1,False,False,,,
76,2018,1,1,False,False,,,
76,2019,1,1,False,False,,,
76,2020,1,1,False,False,,,
76,2021,1,1,False,False,,,
76,2022,61,61,True,False,,118.5609,38.3074
76,2023,61,0,False,False,,118.5609,38.3074
76,2024,61,0,False,False,,118.5609,38.3074
77,2014,0,0,False,False,,,
77,2015,0,0,False,False,,,
77,2016,0,0,False,False,,,
77,2017,0,0,False,False,,,
77,2018,0,0,False,False,,,
77,2019,0,0,False,False,,,
77,2020,0,0,False,False,,,
77,2021,0,0,False,False,,,
77,2022,0,0,False,False,,,
77,2023,0,0,False,False,,,
77,2024,60,60,True,False,,109.4278,20.1438
78,2014,0,0,False,False,,,
78,2015,0,0,False,False,,,
78,2016,0,0,False,False,,,
78,2017,0,0,False,False,,,
78,2018,0,0,False,False,,,
78,2019,1,1,False,False,,,
78,2020,24,24,True,False,,123.1993,39.4678
78,2021,59,35,False,True,22.954086537649516,123.2029,39.4763
78,2022,60,1,False,True,341.5650511764673,123.2027,39.4769
78,2023,60,0,False,False,,123.2027,39.4769
78,2024,60,0,False,False,,123.2027,39.4769
79,2014,0,0,False,False,,,
79,2015,0,0,False,False,,,
79,2016,0,0,False,False,,,
79,2017,0,0,False,False,,,
79,2018,0,0,False,False,,,
79,2019,0,0,False,False,,,
79,2020,0,0,False,False,,,
79,2021,0,0,False,False,,,
79,2022,0,0,False,False,,,
79,2023,41,41,True,False,,120.3264,37.8518
79,2024,60,19,False,True,222.11962244715946,120.3113,37.8351
80,2014,0,0,False,False,,,
80,2015,0,0,False,False,,,
80,2016,0,0,False,False,,,
80,2017,40,40,True,False,,-3.8524,54.128
80,2018,60,20,False,True,107.76764046708888,-3.8162,54.1164
80,2019,60,0,False,False,,-3.8162,54.1164
80,2020,60,0,False,False,,-3.8162,54.1164
80,2021,60,0,False,False,,-3.8162,54.1164
80,2022,60,0,False,False,,-3.8162,54.1164
80,2023,60,0,False,False,,-3.8162,54.1164
80,2024,60,0,False,False,,-3.8162,54.1164
81,2014,0,0,False,False,,,
81,2015,0,0,False,False,,,
81,2016,0,0,False,False,,,
81,2017,6,6,True,False,,119.4523,25.3822
81,2018,14,8,False,True,50.59933933661978,119.4551,25.3845
81,2019,21,7,False,True,282.15836602064206,119.4305,25.3898
81,2020,52,31,False,True,296.4845796295541,119.402,25.404
81,2021,59,7,False,True,306.8698976458983,119.3996,25.4058
81,2022,59,0,False,False,,119.3996,25.4058
81,2023,59,0,False,False,,119.3996,25.4058
81,2024,59,0,False,False,,119.3996,25.4058
82,2014,0,0,False,False,,,
82,2015,0,0,False,False,,,
82,2016,0,0,False,False,,,
82,2017,0,0,False,False,,,
82,2018,0,0,False,False,,,
82,2019,0,0,False,False,,,
82,2020,0,0,False,False,,,
82,2021,58,58,True,False,,121.5926,33.3213
82,2022,58,0,False,False,,121.5926,33.3213
82,2023,58,0,False,False,,121.5926,33.3213
82,2024,58,0,False,False,,121.5926,33.3213
83,2014,58,58,True,False,,-3.713,54.7534
83,2015,58,0,False,False,,-3.713,54.7534
83,2016,58,0,False,False,,-3.713,54.7534
83,2017,58,0,False,False,,-3.713,54.7534
83,2018,58,0,False,False,,-3.713,54.7534
83,2019,58,0,False,False,,-3.713,54.7534
83,2020,58,0,False,False,,-3.713,54.7534
83,2021,58,0,False,False,,-3.713,54.7534
83,2022,58,0,False,False,,-3.713,54.7534
83,2023,58,0,False,False,,-3.713,54.7534
83,2024,58,0,False,False,,-3.713,54.7534
84,2014,25,25,True,False,,-3.1904,53.4886
84,2015,25,0,False,False,,-3.1904,53.4886
84,2016,57,32,False,True,267.5820369360195,-3.2425,53.4864
84,2017,57,0,False,False,,-3.2425,53.4864
84,2018,57,0,False,False,,-3.2425,53.4864
84,2019,57,0,False,False,,-3.2425,53.4864
84,2020,57,0,False,False,,-3.2425,53.4864
84,2021,57,0,False,False,,-3.2425,53.4864
84,2022,57,0,False,False,,-3.2425,53.4864
84,2023,57,0,False,False,,-3.2425,53.4864
84,2024,57,0,False,False,,-3.2425,53.4864
85,2014,0,0,False,False,,,
85,2015,0,0,False,False,,,
85,2016,0,0,False,False,,,
85,2017,0,0,False,False,,,
85,2018,0,0,False,False,,,
85,2019,0,0,False,False,,,
85,2020,0,0,False,False,,,
85,2021,0,0,False,False,,,
85,2022,0,0,False,False,,,
85,2023,54,54,True,False,,121.9991,28.9282
85,2024,56,2,False,True,192.26477372794017,121.9986,28.9259
86,2014,0,0,False,False,,,
86,2015,0,0,False,False,,,
86,2016,0,0,False,False,,,
86,2017,0,0,False,False,,,
86,2018,0,0,False,False,,,
86,2019,0,0,False,False,,,
86,2020,0,0,False,False,,,
86,2021,19,19,True,False,,105.4224,8.9754
86,2022,56,37,False,True,204.16091512332525,105.3984,8.9219
86,2023,56,0,False,False,,105.3984,8.9219
86,2024,56,0,False,False,,105.3984,8.9219
87,2014,38,38,True,False,,1.9669,51.7719
87,2015,38,0,False,False,,1.9669,51.7719
87,2016,38,0,False,False,,1.9669,51.7719
87,2017,56,18,False,True,82.36342778452865,1.9848,51.7743
87,2018,56,0,False,False,,1.9848,51.7743
87,2019,56,0,False,False,,1.9848,51.7743
87,2020,56,0,False,False,,1.9848,51.7743
87,2021,56,0,False,False,,1.9848,51.7743
87,2022,56,0,False,False,,1.9848,51.7743
87,2023,56,0,False,False,,1.9848,51.7743
87,2024,56,0,False,False,,1.9848,51.7743
88,2014,19,19,True,False,,120.0391,34.512
88,2015,19,0,False,False,,120.0391,34.512
88,2016,46,27,False,True,129.19327309450955,120.0456,34.5067
88,2017,55,9,False,True,117.16498505730851,120.0532,34.5028
88,2018,55,0,False,False,,120.0532,34.5028
88,2019,55,0,False,False,,120.0532,34.5028
88,2020,55,0,False,False,,120.0532,34.5028
88,2021,55,0,False,False,,120.0532,34.5028
88,2022,55,0,False,False,,120.0532,34.5028
88,2023,55,0,False,False,,120.0532,34.5028
88,2024,55,0,False,False,,120.0532,34.5028
89,2014,2,2,False,False,,122.1269,30.9213
89,2015,2,2,False,False,,122.1269,30.9213
89,2016,29,29,True,False,,122.1343,30.9525
89,2017,29,0,False,False,,122.1343,30.9525
89,2018,52,23,False,True,206.67154878584594,122.1235,30.931
89,2019,55,3,False,True,142.12501634915236,122.1242,30.9301
89,2020,55,0,False,False,,122.1242,30.9301
89,2021,55,0,False,False,,122.1242,30.9301
89,2022,55,0,False,False,,122.1242,30.9301
89,2023,55,0,False,False,,122.1242,30.9301
89,2024,55,0,False,False,,122.1242,30.9301
90,2014,1,1,False,False,,,
90,2015,1,1,False,False,,,
90,2016,1,1,False,False,,,
90,2017,1,1,False,False,,,
90,2018,1,1,False,False,,,
90,2019,1,1,False,False,,,
90,2020,1,1,False,False,,,
90,2021,55,55,True,False,,116.1203,22.7327
90,2022,55,0,False,False,,116.1203,22.7327
90,2023,55,0,False,False,,116.1203,22.7327
90,2024,55,0,False,False,,116.1203,22.7327
91,2014,0,0,False,False,,,
91,2015,0,0,False,False,,,
91,2016,0,0,False,False,,,
91,2017,0,0,False,False,,,
91,2018,0,0,False,False,,,
91,2019,0,0,False,False,,,
91,2020,34,34,True,False,,113.439,21.9058
91,2021,55,21,False,True,162.64597536365898,113.4405,21.901
91,2022,55,0,False,False,,113.4405,21.901
91,2023,55,0,False,False,,113.4405,21.901
91,2024,55,0,False,False,,113.4405,21.901
92,2014,0,0,False,False,,,
92,2015,0,0,False,False,,,
92,2016,0,0,False,False,,,
92,2017,0,0,False,False,,,
92,2018,0,0,False,False,,,
92,2019,6,6,True,False,,121.8791,30.4465
92,2020,54,48,False,True,79.27803094061437,121.896,30.4497
92,2021,54,0,False,False,,121.896,30.4497
92,2022,54,0,False,False,,121.896,30.4497
92,2023,54,0,False,False,,121.896,30.4497
92,2024,54,0,False,False,,121.896,30.4497
93,2014,0,0,False,False,,,
93,2015,0,0,False,False,,,
93,2016,0,0,False,False,,,
93,2017,0,0,False,False,,,
93,2018,0,0,False,False,,,
93,2019,0,0,False,False,,,
93,2020,0,0,False,False,,,
93,2021,2,2,False,False,,-2.2186,56.2523
93,2022,2,2,False,False,,-2.2186,56.2523
93,2023,32,32,True,False,,-2.2513,56.2676
93,2024,39,7,False,True,219.47245984834748,-2.2527,56.2659
94,2014,0,0,False,False,,,
94,2015,0,0,False,False,,,
94,2016,0,0,False,False,,,
94,2017,0,0,False,False,,,
94,2018,0,0,False,False,,,
94,2019,0,0,False,False,,,
94,2020,0,0,False,False,,,
94,2021,0,0,False,False,,,
94,2022,50,50,True,False,,119.4511,37.2621
94,2023,50,0,False,False,,119.4511,37.2621
94,2024,50,0,False,False,,119.4511,37.2621
95,2014,0,0,False,False,,,
95,2015,0,0,False,False,,,
95,2016,0,0,False,False,,,
95,2017,0,0,False,False,,,
95,2018,0,0,False,False,,,
95,2019,0,0,False,False,,,
95,2020,0,0,False,False,,,
95,2021,0,0,False,False,,,
95,2022,0,0,False,False,,,
95,2023,3,3,True,False,,13.8999,54.8323
95,2024,50,47,False,True,267.5283352383724,13.8582,54.8305
96,2014,50,50,True,False,,1.2299,51.7298
96,2015,50,0,False,False,,1.2299,51.7298
96,2016,50,0,False,False,,1.2299,51.7298
96,2017,50,0,False,False,,1.2299,51.7298
96,2018,50,0,False,False,,1.2299,51.7298
96,2019,50,0,False,False,,1.2299,51.7298
96,2020,50,0,False,False,,1.2299,51.7298
96,2021,50,0,False,False,,1.2299,51.7298
96,2022,50,0,False,False,,1.2299,51.7298
96,2023,50,0,False,False,,1.2299,51.7298
96,2024,50,0,False,False,,1.2299,51.7298
97,2014,5,5,True,False,,113.7278,22.1367
97,2015,5,0,False,False,,113.7278,22.1367
97,2016,6,1,False,True,149.8586144478835,113.7296,22.1336
97,2017,18,12,False,True,166.75948008484613,113.7312,22.1268
97,2018,32,14,False,True,315.0000000000509,113.7292,22.1288
97,2019,32,0,False,False,,113.7292,22.1288
97,2020,33,1,False,True,150.94539590144132,113.7297,22.1279
97,2021,47,14,False,True,160.34617594186375,113.7322,22.1209
97,2022,47,0,False,False,,113.7322,22.1209
97,2023,47,0,False,False,,113.7322,22.1209
97,2024,49,2,False,True,142.1250163490427,113.7329,22.12
98,2014,1,1,False,False,,,
98,2015,1,1,False,False,,,
98,2016,1,1,False,False,,,
98,2017,1,1,False,False,,,
98,2018,2,2,False,False,,119.8102,34.5864
98,2019,7,7,True,False,,119.7753,34.5909
98,2020,27,20,False,True,4.197668357151372,119.7761,34.6018
98,2021,48,21,False,True,82.28432643643208,119.7916,34.6039
98,2022,48,0,False,False,,119.7916,34.6039
98,2023,48,0,False,False,,119.7916,34.6039
98,2024,48,0,False,False,,119.7916,34.6039
99,2014,15,15,True,False,,12.7806,55.5122
99,2015,15,0,False,False,,12.7806,55.5122
99,2016,48,33,False,True,18.434948822922024,12.7808,55.5128
99,2017,48,0,False,False,,12.7808,55.5128
99,2018,48,0,False,False,,12.7808,55.5128
99,2019,48,0,False,False,,12.7808,55.5128
99,2020,48,0,False,False,,12.7808,55.5128
99,2021,48,0,False,False,,12.7808,55.5128
99,2022,48,0,False,False,,12.7808,55.5128
99,2023,48,0,False,False,,12.7808,55.5128
99,2024,48,0,False,False,,12.7808,55.5128
100,2014,48,48,True,False,,5.5908,52.747
100,2015,48,0,False,False,,5.5908,52.747
100,2016,48,0,False,False,,5.5908,52.747
100,2017,48,0,False,False,,5.5908,52.747
100,2018,48,0,False,False,,5.5908,52.747
100,2019,48,0,False,False,,5.5908,52.747
100,2020,48,0,False,False,,5.5908,52.747
100,2021,48,0,False,False,,5.5908,52.747
100,2022,48,0,False,False,,5.5908,52.747
100,2023,48,0,False,False,,5.5908,52.747
100,2024,48,0,False,False,,5.5908,52.747
101,2014,2,2,False,False,,119.5956,25.5932
101,2015,2,2,False,False,,119.5956,25.5932
101,2016,3,3,True,False,,119.6042,25.5841
101,2017,3,0,False,False,,119.6042,25.5841
101,2018,3,0,False,False,,119.6042,25.5841
101,2019,3,0,False,False,,119.6042,25.5841
101,2020,15,12,False,True,329.67091395801475,119.5956,25.5988
101,2021,47,32,False,True,150.18300322256084,119.6054,25.5817
101,2022,47,0,False,False,,119.6054,25.5817
101,2023,47,0,False,False,,119.6054,25.5817
101,2024,47,0,False,False,,119.6054,25.5817
102,2014,45,45,True,False,,1.0879,51.458
102,2015,45,0,False,False,,1.0879,51.458
102,2016,45,0,False,False,,1.0879,51.458
102,2017,45,0,False,False,,1.0879,51.458
102,2018,45,0,False,False,,1.0879,51.458
102,2019,45,0,False,False,,1.0879,51.458
102,2020,45,0,False,False,,1.0879,51.458
102,2021,45,0,False,False,,1.0879,51.458
102,2022,45,0,False,False,,1.0879,51.458
102,2023,45,0,False,False,,1.0879,51.458
102,2024,45,0,False,False,,1.0879,51.458
103,2014,0,0,False,False,,,
103,2015,0,0,False,False,,,
103,2016,0,0,False,False,,,
103,2017,0,0,False,False,,,
103,2018,0,0,False,False,,,
103,2019,0,0,False,False,,,
103,2020,0,0,False,False,,,
103,2021,38,38,True,False,,122.0282,29.0642
103,2022,41,3,False,True,15.945395900884478,122.0286,29.0656
103,2023,41,0,False,False,,122.0286,29.0656
103,2024,41,0,False,False,,122.0286,29.0656
104,2014,0,0,False,False,,,
104,2015,0,0,False,False,,,
104,2016,0,0,False,False,,,
104,2017,0,0,False,False,,,
104,2018,0,0,False,False,,,
104,2019,0,0,False,False,,,
104,2020,0,0,False,False,,,
104,2021,0,0,False,False,,,
104,2022,0,0,False,False,,,
104,2023,24,24,True,False,,121.6816,30.3894
104,2024,39,15,False,True,135.0,121.6841,30.3869
105,2014,1,1,False,False,,,
105,2015,1,1,False,False,,,
105,2016,1,1,False,False,,,
105,2017,1,1,False,False,,,
105,2018,1,1,False,False,,,
105,2019,1,1,False,False,,,
105,2020,1,1,False,False,,,
105,2021,1,1,False,False,,,
105,2022,1,1,False,False,,,
105,2023,40,40,True,False,,121.8575,28.8353
105,2024,40,0,False,False,,121.8575,28.8353
106,2014,0,0,False,False,,,
106,2015,0,0,False,False,,,
106,2016,0,0,False,False,,,
106,2017,0,0,False,False,,,
106,2018,0,0,False,False,,,
106,2019,0,0,False,False,,,
106,2020,0,0,False,False,,,
106,2021,0,0,False,False,,,
106,2022,0,0,False,False,,,
106,2023,0,0,False,False,,,
106,2024,37,37,True,False,,119.2658,38.0243
107,2014,0,0,False,False,,,
107,2015,0,0,False,False,,,
107,2016,0,0,False,False,,,
107,2017,0,0,False,False,,,
107,2018,0,0,False,False,,,
107,2019,0,0,False,False,,,
107,2020,11,11,True,False,,105.5684,9.0798
107,2021,39,28,False,True,81.9642892894708,105.5854,9.0822
107,2022,39,0,False,False,,105.5854,9.0822
107,2023,39,0,False,False,,105.5854,9.0822
107,2024,39,0,False,False,,105.5854,9.0822
108,2014,0,0,False,False,,,
108,2015,0,0,False,False,,,
108,2016,0,0,False,False,,,
108,2017,0,0,False,False,,,
108,2018,0,0,False,False,,,
108,2019,0,0,False,False,,,
108,2020,1,1,False,False,,,
108,2021,1,1,False,False,,,
108,2022,38,38,True,False,,119.6233,37.2428
108,2023,38,0,False,False,,119.6233,37.2428
108,2024,38,0,False,False,,119.6233,37.2428
109,2014,19,19,True,False,,121.6732,32.3755
109,2015,19,0,False,False,,121.6732,32.3755
109,2016,38,19,False,True,113.6293777306492,121.6844,32.3706
109,2017,38,0,False,False,,121.6844,32.3706
109,2018,38,0,False,False,,121.6844,32.3706
109,2019,38,0,False,False,,121.6844,32.3706
109,2020,38,0,False,False,,121.6844,32.3706
109,2021,38,0,False,False,,121.6844,32.3706
109,2022,38,0,False,False,,121.6844,32.3706
109,2023,38,0,False,False,,121.6844,32.3706
109,2024,38,0,False,False,,121.6844,32.3706
110,2014,0,0,False,False,,,
110,2015,0,0,False,False,,,
110,2016,0,0,False,False,,,
110,2017,0,0,False,False,,,
110,2018,0,0,False,False,,,
110,2019,0,0,False,False,,,
110,2020,0,0,False,False,,,
110,2021,0,0,False,False,,,
110,2022,2,2,False,False,,122.0372,29.5332
110,2023,38,38,True,False,,122.0568,29.531
110,2024,38,0,False,False,,122.0568,29.531
111,2014,0,0,False,False,,,
111,2015,0,0,False,False,,,
111,2016,0,0,False,False,,,
111,2017,0,0,False,False,,,
111,2018,0,0,False,False,,,
111,2019,0,0,False,False,,,
111,2020,3,3,True,False,,115.9225,22.6864
111,2021,35,32,False,True,119.24882633654079,115.9375,22.678
111,2022,36,1,False,True,265.23635830927384,115.9363,22.6779
111,2023,36,0,False,False,,115.9363,22.6779
111,2024,36,0,False,False,,115.9363,22.6779
112,2014,0,0,False,False,,,
112,2015,0,0,False,False,,,
112,2016,0,0,False,False,,,
112,2017,0,0,False,False,,,
112,2018,0,0,False,False,,,
112,2019,0,0,False,False,,,
112,2020,2,2,False,False,,106.5609,9.6014
112,2021,36,36,True,False,,106.579,9.6266
112,2022,36,0,False,False,,106.579,9.6266
112,2023,36,0,False,False,,106.579,9.6266
112,2024,36,0,False,False,,106.579,9.6266
113,2014,36,36,True,False,,4.4203,52.607
113,2015,36,0,False,False,,4.4203,52.607
113,2016,36,0,False,False,,4.4203,52.607
113,2017,36,0,False,False,,4.4203,52.607
113,2018,36,0,False,False,,4.4203,52.607
113,2019,36,0,False,False,,4.4203,52.607
113,2020,36,0,False,False,,4.4203,52.607
113,2021,36,0,False,False,,4.4203,52.607
113,2022,36,0,False,False,,4.4203,52.607
113,2023,36,0,False,False,,4.4203,52.607
113,2024,36,0,False,False,,4.4203,52.607
114,2014,0,0,False,False,,,
114,2015,0,0,False,False,,,
114,2016,0,0,False,False,,,
114,2017,0,0,False,False,,,
114,2018,0,0,False,False,,,
114,2019,0,0,False,False,,,
114,2020,0,0,False,False,,,
114,2021,0,0,False,False,,,
114,2022,0,0,False,False,,,
114,2023,34,34,True,False,,121.8836,37.9144
114,2024,34,0,False,False,,121.8836,37.9144
115,2014,0,0,False,False,,,
115,2015,0,0,False,False,,,
115,2016,0,0,False,False,,,
115,2017,0,0,False,False,,,
115,2018,0,0,False,False,,,
115,2019,1,1,False,False,,,
115,2020,3,3,True,False,,106.6804,9.934
115,2021,21,18,False,True,80.96051719663672,106.6892,9.9354
115,2022,35,14,False,True,128.88449643372746,106.6985,9.9279
115,2023,35,0,False,False,,106.6985,9.9279
115,2024,35,0,False,False,,106.6985,9.9279
116,2014,35,35,True,False,,0.1494,53.8058
116,2015,35,0,False,False,,0.1494,53.8058
116,2016,35,0,False,False,,0.1494,53.8058
116,2017,35,0,False,False,,0.1494,53.8058
116,2018,35,0,False,False,,0.1494,53.8058
116,2019,35,0,False,False,,0.1494,53.8058
116,2020,35,0,False,False,,0.1494,53.8058
116,2021,35,0,False,False,,0.1494,53.8058
116,2022,35,0,False,False,,0.1494,53.8058
116,2023,35,0,False,False,,0.1494,53.8058
116,2024,35,0,False,False,,0.1494,53.8058
117,2014,0,0,False,False,,,
117,2015,0,0,False,False,,,
117,2016,0,0,False,False,,,
117,2017,0,0,False,False,,,
117,2018,0,0,False,False,,,
117,2019,0,0,False,False,,,
117,2020,0,0,False,False,,,
117,2021,0,0,False,False,,,
117,2022,0,0,False,False,,,
117,2023,7,7,True,False,,-70.4453,41.0206
117,2024,32,25,False,True,19.521730275926757,-70.4336,41.0536
118,2014,0,0,False,False,,,
118,2015,0,0,False,False,,,
118,2016,0,0,False,False,,,
118,2017,0,0,False,False,,,
118,2018,0,0,False,False,,,
118,2019,0,0,False,False,,,
118,2020,0,0,False,False,,,
118,2021,32,32,True,False,,121.7988,30.7438
118,2022,32,0,False,False,,121.7988,30.7438
118,2023,32,0,False,False,,121.7988,30.7438
118,2024,32,0,False,False,,121.7988,30.7438
119,2014,0,0,False,False,,,
119,2015,0,0,False,False,,,
119,2016,0,0,False,False,,,
119,2017,0,0,False,False,,,
119,2018,0,0,False,False,,,
119,2019,0,0,False,False,,,
119,2020,0,0,False,False,,,
119,2021,22,22,True,False,,121.5007,28.1931
119,2022,22,0,False,False,,121.5007,28.1931
119,2023,22,0,False,False,,121.5007,28.1931
119,2024,32,10,False,True,182.92072152093084,121.5002,28.1833
120,2014,0,0,False,False,,,
120,2015,0,0,False,False,,,
120,2016,0,0,False,False,,,
120,2017,0,0,False,False,,,
120,2018,0,0,False,False,,,
120,2019,0,0,False,False,,,
120,2020,0,0,False,False,,,
120,2021,32,32,True,False,,110.5573,20.7161
120,2022,32,0,False,False,,110.5573,20.7161
120,2023,32,0,False,False,,110.5573,20.7161
120,2024,32,0,False,False,,110.5573,20.7161
121,2014,30,30,True,False,,6.4755,53.6928
121,2015,30,0,False,False,,6.4755,53.6928
121,2016,30,0,False,False,,6.4755,53.6928
121,2017,30,0,False,False,,6.4755,53.6928
121,2018,30,0,False,False,,6.4755,53.6928
121,2019,30,0,False,False,,6.4755,53.6928
121,2020,30,0,False,False,,6.4755,53.6928
121,2021,30,0,False,False,,6.4755,53.6928
121,2022,30,0,False,False,,6.4755,53.6928
121,2023,30,0,False,False,,6.4755,53.6928
121,2024,30,0,False,False,,6.4755,53.6928
122,2014,30,30,True,False,,1.7875,52.6458
122,2015,30,0,False,False,,1.7875,52.6458
122,2016,30,0,False,False,,1.7875,52.6458
122,2017,30,0,False,False,,1.7875,52.6458
122,2018,30,0,False,False,,1.7875,52.6458
122,2019,30,0,False,False,,1.7875,52.6458
122,2020,30,0,False,False,,1.7875,52.6458
122,2021,30,0,False,False,,1.7875,52.6458
122,2022,30,0,False,False,,1.7875,52.6458
122,2023,30,0,False,False,,1.7875,52.6458
122,2024,30,0,False,False,,1.7875,52.6458
123,2014,30,30,True,False,,-3.2982,53.9928
123,2015,30,0,False,False,,-3.2982,53.9928
123,2016,30,0,False,False,,-3.2982,53.9928
123,2017,30,0,False,False,,-3.2982,53.9928
123,2018,30,0,False,False,,-3.2982,53.9928
123,2019,30,0,False,False,,-3.2982,53.9928
123,2020,30,0,False,False,,-3.2982,53.9928
123,2021,30,0,False,False,,-3.2982,53.9928
123,2022,30,0,False,False,,-3.2982,53.9928
123,2023,30,0,False,False,,-3.2982,53.9928
123,2024,30,0,False,False,,-3.2982,53.9928
124,2014,1,1,False,False,,,
124,2015,1,1,False,False,,,
124,2016,2,2,False,False,,119.3637,25.2948
124,2017,2,2,False,False,,119.3637,25.2948
124,2018,2,2,False,False,,119.3637,25.2948
124,2019,2,2,False,False,,119.3637,25.2948
124,2020,17,17,True,False,,119.3758,25.2938
124,2021,29,12,False,True,320.0424510691281,119.3727,25.2975
124,2022,29,0,False,False,,119.3727,25.2975
124,2023,29,0,False,False,,119.3727,25.2975
124,2024,29,0,False,False,,119.3727,25.2975
125,2014,0,0,False,False,,,
125,2015,0,0,False,False,,,
125,2016,0,0,False,False,,,
125,2017,0,0,False,False,,,
125,2018,0,0,False,False,,,
125,2019,0,0,False,False,,,
125,2020,0,0,False,False,,,
125,2021,0,0,False,False,,,
125,2022,0,0,False,False,,,
125,2023,23,23,True,False,,118.2157,23.9194
125,2024,28,5,False,True,316.33221985391367,118.2136,23.9216
126,2014,0,0,False,False,,,
126,2015,0,0,False,False,,,
126,2016,0,0,False,False,,,
126,2017,0,0,False,False,,,
126,2018,0,0,False,False,,,
126,2019,0,0,False,False,,,
126,2020,0,0,False,False,,,
126,2021,25,25,True,False,,106.4511,9.5221
126,2022,25,0,False,False,,106.4511,9.5221
126,2023,26,1,False,True,71.56505117709497,106.4529,9.5227
126,2024,27,1,False,True,64.79887635452206,106.4546,9.5235
127,2014,0,0,False,False,,,
127,2015,0,0,False,False,,,
127,2016,0,0,False,False,,,
127,2017,0,0,False,False,,,
127,2018,0,0,False,False,,,
127,2019,0,0,False,False,,,
127,2020,0,0,False,False,,,
127,2021,0,0,False,False,,,
127,2022,9,9,True,False,,13.6289,54.8376
127,2023,27,18,False,True,124.2045464122703,13.657,54.8185
127,2024,27,0,False,False,,13.657,54.8185
128,2014,24,24,True,False,,-1.0943,54.6454
128,2015,24,0,False,False,,-1.0943,54.6454
128,2016,27,3,False,True,45.00000000006361,-1.0941,54.6456
128,2017,27,0,False,False,,-1.0941,54.6456
128,2018,27,0,False,False,,-1.0941,54.6456
128,2019,27,0,False,False,,-1.0941,54.6456
128,2020,27,0,False,False,,-1.0941,54.6456
128,2021,27,0,False,False,,-1.0941,54.6456
128,2022,27,0,False,False,,-1.0941,54.6456
128,2023,27,0,False,False,,-1.0941,54.6456
128,2024,27,0,False,False,,-1.0941,54.6456
129,2014,0,0,False,False,,,
129,2015,0,0,False,False,,,
129,2016,0,0,False,False,,,
129,2017,0,0,False,False,,,
129,2018,0,0,False,False,,,
129,2019,0,0,False,False,,,
129,2020,0,0,False,False,,,
129,2021,0,0,False,False,,,
129,2022,0,0,False,False,,,
129,2023,5,5,True,False,,1.7214,54.7318
129,2024,22,17,False,True,90.57970142750253,1.7807,54.7312
130,2014,0,0,False,False,,,
130,2015,0,0,False,False,,,
130,2016,0,0,False,False,,,
130,2017,0,0,False,False,,,
130,2018,0,0,False,False,,,
130,2019,1,1,False,False,,,
130,2020,2,2,False,False,,105.6919,9.1479
130,2021,26,26,True,False,,105.7125,9.1406
130,2022,26,0,False,False,,105.7125,9.1406
130,2023,26,0,False,False,,105.7125,9.1406
130,2024,26,0,False,False,,105.7125,9.1406
131,2014,10,10,True,False,,120.1824,34.4059
131,2015,10,0,False,False,,120.1824,34.4059
131,2016,17,7,False,True,111.89367314173148,120.1931,34.4016
131,2017,25,8,False,True,54.8658069431404,120.1958,34.4035
131,2018,25,0,False,False,,120.1958,34.4035
131,2019,25,0,False,False,,120.1958,34.4035
131,2020,25,0,False,False,,120.1958,34.4035
131,2021,25,0,False,False,,120.1958,34.4035
131,2022,25,0,False,False,,120.1958,34.4035
131,2023,25,0,False,False,,120.1958,34.4035
131,2024,25,0,False,False,,120.1958,34.4035
132,2014,0,0,False,False,,,
132,2015,0,0,False,False,,,
132,2016,0,0,False,False,,,
132,2017,0,0,False,False,,,
132,2018,0,0,False,False,,,
132,2019,0,0,False,False,,,
132,2020,0,0,False,False,,,
132,2021,0,0,False,False,,,
132,2022,0,0,False,False,,,
132,2023,0,0,False,False,,,
132,2024,24,24,True,False,,118.0399,38.6684
133,2014,0,0,False,False,,,
133,2015,0,0,False,False,,,
133,2016,0,0,False,False,,,
133,2017,0,0,False,False,,,
133,2018,0,0,False,False,,,
133,2019,0,0,False,False,,,
133,2020,0,0,False,False,,,
133,2021,12,12,True,False,,105.156,8.6774
133,2022,17,5,False,True,86.6335393365772,105.1594,8.6776
133,2023,20,3,False,True,226.78991060833442,105.1561,8.6745
133,2024,24,4,False,True,210.5297058998383,105.1538,8.6706
134,2014,1,1,False,False,,,
134,2015,1,1,False,False,,,
134,2016,1,1,False,False,,,
134,2017,1,1,False,False,,,
134,2018,1,1,False,False,,,
134,2019,1,1,False,False,,,
134,2020,1,1,False,False,,,
134,2021,1,1,False,False,,,
134,2022,1,1,False,False,,,
134,2023,19,19,True,False,,5.5731,52.6047
134,2024,24,5,False,True,115.20112364542894,5.5748,52.6039
135,2014,0,0,False,False,,,
135,2015,0,0,False,False,,,
135,2016,3,3,True,False,,139.981,40.2069
135,2017,3,0,False,False,,139.981,40.2069
135,2018,3,0,False,False,,139.981,40.2069
135,2019,3,0,False,False,,139.981,40.2069
135,2020,3,0,False,False,,139.981,40.2069
135,2021,3,0,False,False,,139.981,40.2069
135,2022,23,20,False,True,206.92767785100136,139.9778,40.2006
135,2023,23,0,False,False,,139.9778,40.2006
135,2024,23,0,False,False,,139.9778,40.2006
136,2014,0,0,False,False,,,
136,2015,0,0,False,False,,,
136,2016,0,0,False,False,,,
136,2017,0,0,False,False,,,
136,2018,0,0,False,False,,,
136,2019,0,0,False,False,,,
136,2020,0,0,False,False,,,
136,2021,0,0,False,False,,,
136,2022,0,0,False,False,,,
136,2023,21,21,True,False,,8.0257,56.5932
136,2024,21,0,False,False,,8.0257,56.5932
137,2014,20,20,True,False,,12.6498,54.6091
137,2015,20,0,False,False,,12.6498,54.6091
137,2016,21,1,False,True,52.12501634881568,12.6507,54.6098
137,2017,21,0,False,False,,12.6507,54.6098
137,2018,21,0,False,False,,12.6507,54.6098
137,2019,21,0,False,False,,12.6507,54.6098
137,2020,21,0,False,False,,12.6507,54.6098
137,2021,21,0,False,False,,12.6507,54.6098
137,2022,21,0,False,False,,12.6507,54.6098
137,2023,21,0,False,False,,12.6507,54.6098
137,2024,21,0,False,False,,12.6507,54.6098
138,2014,0,0,False,False,,,
138,2015,0,0,False,False,,,
138,2016,0,0,False,False,,,
138,2017,0,0,False,False,,,
138,2018,0,0,False,False,,,
138,2019,0,0,False,False,,,
138,2020,0,0,False,False,,,
138,2021,0,0,False,False,,,
138,2022,0,0,False,False,,,
138,2023,0,0,False,False,,,
138,2024,10,10,True,False,,-70.9953,41.1325
139,2014,0,0,False,False,,,
139,2015,0,0,False,False,,,
139,2016,0,0,False,False,,,
139,2017,3,3,True,False,,126.3281,35.4822
139,2018,13,10,False,True,301.2184027643095,126.3215,35.4862
139,2019,20,7,False,True,221.55261314816659,126.3176,35.4818
139,2020,20,0,False,False,,126.3176,35.4818
139,2021,20,0,False,False,,126.3176,35.4818
139,2022,20,0,False,False,,126.3176,35.4818
139,2023,20,0,False,False,,126.3176,35.4818
139,2024,20,0,False,False,,126.3176,35.4818
140,2014,0,0,False,False,,,
140,2015,0,0,False,False,,,
140,2016,0,0,False,False,,,
140,2017,0,0,False,False,,,
140,2018,0,0,False,False,,,
140,2019,0,0,False,False,,,
140,2020,0,0,False,False,,,
140,2021,0,0,False,False,,,
140,2022,0,0,False,False,,,
140,2023,20,20,True,False,,7.9536,56.0791
140,2024,20,0,False,False,,7.9536,56.0791
141,2014,0,0,False,False,,,
141,2015,0,0,False,False,,,
141,2016,0,0,False,False,,,
141,2017,0,0,False,False,,,
141,2018,0,0,False,False,,,
141,2019,0,0,False,False,,,
141,2020,0,0,False,False,,,
141,2021,18,18,True,False,,106.585,9.7455
141,2022,18,0,False,False,,106.585,9.7455
141,2023,18,0,False,False,,106.585,9.7455
141,2024,18,0,False,False,,106.585,9.7455
142,2014,0,0,False,False,,,
142,2015,0,0,False,False,,,
142,2016,18,18,True,False,,8.1683,53.8357
142,2017,18,0,False,False,,8.1683,53.8357
142,2018,18,0,False,False,,8.1683,53.8357
142,2019,18,0,False,False,,8.1683,53.8357
142,2020,18,0,False,False,,8.1683,53.8357
142,2021,18,0,False,False,,8.1683,53.8357
142,2022,18,0,False,False,,8.1683,53.8357
142,2023,18,0,False,False,,8.1683,53.8357
142,2024,18,0,False,False,,8.1683,53.8357
143,2014,0,0,False,False,,,
143,2015,0,0,False,False,,,
143,2016,0,0,False,False,,,
143,2017,0,0,False,False,,,
143,2018,0,0,False,False,,,
143,2019,0,0,False,False,,,
143,2020,0,0,False,False,,,
143,2021,4,4,True,False,,104.9308,8.5691
143,2022,8,4,False,True,180.0,104.9308,8.5638
143,2023,13,5,False,True,180.0,104.9308,8.5537
143,2024,16,3,False,True,180.0,104.9308,8.5498
144,2014,16,16,True,False,,17.0187,56.9863
144,2015,16,0,False,False,,17.0187,56.9863
144,2016,16,0,False,False,,17.0187,56.9863
144,2017,16,0,False,False,,17.0187,56.9863
144,2018,16,0,False,False,,17.0187,56.9863
144,2019,16,0,False,False,,17.0187,56.9863
144,2020,16,0,False,False,,17.0187,56.9863
144,2021,16,0,False,False,,17.0187,56.9863
144,2022,16,0,False,False,,17.0187,56.9863
144,2023,16,0,False,False,,17.0187,56.9863
144,2024,16,0,False,False,,17.0187,56.9863
145,2014,0,0,False,False,,,
145,2015,0,0,False,False,,,
145,2016,0,0,False,False,,,
145,2017,0,0,False,False,,,
145,2018,0,0,False,False,,,
145,2019,0,0,False,False,,,
145,2020,0,0,False,False,,,
145,2021,0,0,False,False,,,
145,2022,0,0,False,False,,,
145,2023,14,14,True,False,,141.2564,43.2114
145,2024,14,0,False,False,,141.2564,43.2114
146,2014,1,1,False,False,,,
146,2015,1,1,False,False,,,
146,2016,1,1,False,False,,,
146,2017,1,1,False,False,,,
146,2018,1,1,False,False,,,
146,2019,1,1,False,False,,,
146,2020,1,1,False,False,,,
146,2021,1,1,False,False,,,
146,2022,1,1,False,False,,,
146,2023,10,10,True,False,,-71.1526,41.0928
146,2024,12,2,False,True,87.61405596953358,-71.1478,41.093
147,2014,1,1,False,False,,,
147,2015,1,1,False,False,,,
147,2016,1,1,False,False,,,
147,2017,4,4,True,False,,117.6537,38.665
147,2018,12,8,False,True,275.64054943216945,117.6375,38.6666
147,2019,12,0,False,False,,117.6375,38.6666
147,2020,12,0,False,False,,117.6375,38.6666
147,2021,12,0,False,False,,117.6375,38.6666
147,2022,12,0,False,False,,117.6375,38.6666
147,2023,12,0,False,False,,117.6375,38.6666
147,2024,12,0,False,False,,117.6375,38.6666
148,2014,1,1,False,False,,,
148,2015,1,1,False,False,,,
148,2016,2,2,False,False,,21.3579,61.6269
148,2017,11,11,True,False,,21.3546,61.6279
148,2018,11,0,False,False,,21.3546,61.6279
148,2019,11,0,False,False,,21.3546,61.6279
148,2020,11,0,False,False,,21.3546,61.6279
148,2021,11,0,False,False,,21.3546,61.6279
148,2022,11,0,False,False,,21.3546,61.6279
148,2023,11,0,False,False,,21.3546,61.6279
148,2024,11,0,False,False,,21.3546,61.6279
149,2014,9,9,True,False,,12.6699,55.6961
149,2015,9,0,False,False,,12.6699,55.6961
149,2016,11,2,False,True,183.5763343749815,12.6698,55.6945
149,2017,11,0,False,False,,12.6698,55.6945
149,2018,11,0,False,False,,12.6698,55.6945
149,2019,11,0,False,False,,12.6698,55.6945
149,2020,11,0,False,False,,12.6698,55.6945
149,2021,11,0,False,False,,12.6698,55.6945
149,2022,11,0,False,False,,12.6698,55.6945
149,2023,11,0,False,False,,12.6698,55.6945
149,2024,11,0,False,False,,12.6698,55.6945
150,2014,0,0,False,False,,,
150,2015,0,0,False,False,,,
150,2016,0,0,False,False,,,
150,2017,0,0,False,False,,,
150,2018,11,11,True,False,,-1.9953,57.2233
150,2019,11,0,False,False,,-1.9953,57.2233
150,2020,11,0,False,False,,-1.9953,57.2233
150,2021,11,0,False,False,,-1.9953,57.2233
150,2022,11,0,False,False,,-1.9953,57.2233
150,2023,11,0,False,False,,-1.9953,57.2233
150,2024,11,0,False,False,,-1.9953,57.2233
151,2014,0,0,False,False,,,
151,2015,0,0,False,False,,,
151,2016,0,0,False,False,,,
151,2017,0,0,False,False,,,
151,2018,0,0,False,False,,,
151,2019,0,0,False,False,,,
151,2020,0,0,False,False,,,
151,2021,0,0,False,False,,,
151,2022,0,0,False,False,,,
151,2023,0,0,False,False,,,
151,2024,10,10,True,False,,125.9495,34.9712
152,2014,6,6,True,False,,8.2216,56.6605
152,2015,6,0,False,False,,8.2216,56.6605
152,2016,6,0,False,False,,8.2216,56.6605
152,2017,9,3,False,True,61.504361381764966,8.2286,56.6643
152,2018,10,1,False,True,79.50852298761578,8.2313,56.6648
152,2019,10,0,False,False,,8.2313,56.6648
152,2020,10,0,False,False,,8.2313,56.6648
152,2021,10,0,False,False,,8.2313,56.6648
152,2022,10,0,False,False,,8.2313,56.6648
152,2023,10,0,False,False,,8.2313,56.6648
152,2024,10,0,False,False,,8.2313,56.6648
153,2014,10,10,True,False,,10.3553,55.9692
153,2015,10,0,False,False,,10.3553,55.9692
153,2016,10,0,False,False,,10.3553,55.9692
153,2017,10,0,False,False,,10.3553,55.9692
153,2018,10,0,False,False,,10.3553,55.9692
153,2019,10,0,False,False,,10.3553,55.9692
153,2020,10,0,False,False,,10.3553,55.9692
153,2021,10,0,False,False,,10.3553,55.9692
153,2022,10,0,False,False,,10.3553,55.9692
153,2023,10,0,False,False,,10.3553,55.9692
153,2024,10,0,False,False,,10.3553,55.9692
154,2014,8,8,True,False,,10.5834,55.7201
154,2015,8,0,False,False,,10.5834,55.7201
154,2016,10,2,False,True,356.6335393365772,10.5833,55.7218
154,2017,10,0,False,False,,10.5833,55.7218
154,2018,10,0,False,False,,10.5833,55.7218
154,2019,10,0,False,False,,10.5833,55.7218
154,2020,10,0,False,False,,10.5833,55.7218
154,2021,10,0,False,False,,10.5833,55.7218
154,2022,10,0,False,False,,10.5833,55.7218
154,2023,10,0,False,False,,10.5833,55.7218
154,2024,10,0,False,False,,10.5833,55.7218
155,2014,0,0,False,False,,,
155,2015,0,0,False,False,,,
155,2016,1,1,False,False,,,
155,2017,1,1,False,False,,,
155,2018,1,1,False,False,,,
155,2019,1,1,False,False,,,
155,2020,1,1,False,False,,,
155,2021,2,2,False,False,,17.1433,40.491
155,2022,9,9,True,False,,17.1398,40.4919
155,2023,9,0,False,False,,17.1398,40.4919
155,2024,9,0,False,False,,17.1398,40.4919
156,2014,0,0,False,False,,,
156,2015,0,0,False,False,,,
156,2016,0,0,False,False,,,
156,2017,0,0,False,False,,,
156,2018,0,0,False,False,,,
156,2019,0,0,False,False,,,
156,2020,0,0,False,False,,,
156,2021,0,0,False,False,,,
156,2022,0,0,False,False,,,
156,2023,0,0,False,False,,,
156,2024,6,6,True,False,,-71.164,41.1957
157,2014,7,7,True,False,,10.9604,55.3441
157,2015,7,0,False,False,,10.9604,55.3441
157,2016,7,0,False,False,,10.9604,55.3441
157,2017,7,0,False,False,,10.9604,55.3441
157,2018,7,0,False,False,,10.9604,55.3441
157,2019,7,0,False,False,,10.9604,55.3441
157,2020,7,0,False,False,,10.9604,55.3441
157,2021,7,0,False,False,,10.9604,55.3441
157,2022,7,0,False,False,,10.9604,55.3441
157,2023,7,0,False,False,,10.9604,55.3441
157,2024,7,0,False,False,,10.9604,55.3441
158,2014,7,7,True,False,,-5.9468,52.7915
158,2015,7,0,False,False,,-5.9468,52.7915
158,2016,7,0,False,False,,-5.9468,52.7915
158,2017,7,0,False,False,,-5.9468,52.7915
158,2018,7,0,False,False,,-5.9468,52.7915
158,2019,7,0,False,False,,-5.9468,52.7915
158,2020,7,0,False,False,,-5.9468,52.7915
158,2021,7,0,False,False,,-5.9468,52.7915
158,2022,7,0,False,False,,-5.9468,52.7915
158,2023,7,0,False,False,,-5.9468,52.7915
158,2024,7,0,False,False,,-5.9468,52.7915
159,2014,0,0,False,False,,,
159,2015,0,0,False,False,,,
159,2016,0,0,False,False,,,
159,2017,0,0,False,False,,,
159,2018,0,0,False,False,,,
159,2019,0,0,False,False,,,
159,2020,0,0,False,False,,,
159,2021,7,7,True,False,,106.1245,9.2966
159,2022,7,0,False,False,,106.1245,9.2966
159,2023,7,0,False,False,,106.1245,9.2966
159,2024,7,0,False,False,,106.1245,9.2966
160,2014,0,0,False,False,,,
160,2015,0,0,False,False,,,
160,2016,5,5,True,False,,-71.5218,41.1157
160,2017,5,0,False,False,,-71.5218,41.1157
160,2018,5,0,False,False,,-71.5218,41.1157
160,2019,5,0,False,False,,-71.5218,41.1157
160,2020,5,0,False,False,,-71.5218,41.1157
160,2021,5,0,False,False,,-71.5218,41.1157
160,2022,5,0,False,False,,-71.5218,41.1157
160,2023,5,0,False,False,,-71.5218,41.1157
160,2024,5,0,False,False,,-71.5218,41.1157
161,2014,0,0,False,False,,,
161,2015,0,0,False,False,,,
161,2016,0,0,False,False,,,
161,2017,0,0,False,False,,,
161,2018,1,1,False,False,,,
161,2019,1,1,False,False,,,
161,2020,1,1,False,False,,,
161,2021,5,5,True,False,,-1.8649,57.0045
161,2022,5,0,False,False,,-1.8649,57.0045
161,2023,5,0,False,False,,-1.8649,57.0045
161,2024,5,0,False,False,,-1.8649,57.0045
162,2014,0,0,False,False,,,
162,2015,0,0,False,False,,,
162,2016,0,0,False,False,,,
162,2017,5,5,True,False,,-1.4019,55.1313
162,2018,5,0,False,False,,-1.4019,55.1313
162,2019,5,0,False,False,,-1.4019,55.1313
162,2020,5,0,False,False,,-1.4019,55.1313
162,2021,5,0,False,False,,-1.4019,55.1313
162,2022,5,0,False,False,,-1.4019,55.1313
162,2023,5,0,False,False,,-1.4019,55.1313
162,2024,5,0,False,False,,-1.4019,55.1313
163,2014,5,5,True,False,,18.1467,57.0371
163,2015,5,0,False,False,,18.1467,57.0371
163,2016,5,0,False,False,,18.1467,57.0371
163,2017,5,0,False,False,,18.1467,57.0371
163,2018,5,0,False,False,,18.1467,57.0371
163,2019,5,0,False,False,,18.1467,57.0371
163,2020,5,0,False,False,,18.1467,57.0371
163,2021,5,0,False,False,,18.1467,57.0371
163,2022,5,0,False,False,,18.1467,57.0371
163,2023,5,0,False,False,,18.1467,57.0371
163,2024,5,0,False,False,,18.1467,57.0371
164,2014,0,0,False,False,,,
164,2015,0,0,False,False,,,
164,2016,0,0,False,False,,,
164,2017,5,5,True,False,,-1.3561,57.4875
164,2018,5,0,False,False,,-1.3561,57.4875
164,2019,5,0,False,False,,-1.3561,57.4875
164,2020,5,0,False,False,,-1.3561,57.4875
164,2021,5,0,False,False,,-1.3561,57.4875
164,2022,5,0,False,False,,-1.3561,57.4875
164,2023,5,0,False,False,,-1.3561,57.4875
164,2024,5,0,False,False,,-1.3561,57.4875
165,2014,4,4,True,False,,118.4427,38.0457
165,2015,4,0,False,False,,118.4427,38.0457
165,2016,4,0,False,False,,118.4427,38.0457
165,2017,4,0,False,False,,118.4427,38.0457
165,2018,4,0,False,False,,118.4427,38.0457
165,2019,4,0,False,False,,118.4427,38.0457
165,2020,4,0,False,False,,118.4427,38.0457
165,2021,4,0,False,False,,118.4427,38.0457
165,2022,4,0,False,False,,118.4427,38.0457
165,2023,4,0,False,False,,118.4427,38.0457
165,2024,4,0,False,False,,118.4427,38.0457
166,2014,0,0,False,False,,,
166,2015,0,0,False,False,,,
166,2016,0,0,False,False,,,
166,2017,0,0,False,False,,,
166,2018,0,0,False,False,,,
166,2019,0,0,False,False,,,
166,2020,0,0,False,False,,,
166,2021,0,0,False,False,,,
166,2022,4,4,True,False,,140.0107,39.7726
166,2023,4,0,False,False,,140.0107,39.7726
166,2024,4,0,False,False,,140.0107,39.7726
167,2014,0,0,False,False,,,
167,2015,0,0,False,False,,,
167,2016,0,0,False,False,,,
167,2017,0,0,False,False,,,
167,2018,0,0,False,False,,,
167,2019,0,0,False,False,,,
167,2020,0,0,False,False,,,
167,2021,0,0,False,False,,,
167,2022,0,0,False,False,,,
167,2023,3,3,True,False,,4.794,43.1903
167,2024,3,0,False,False,,4.794,43.1903
168,2014,3,3,True,False,,117.5806,38.6193
168,2015,3,0,False,False,,117.5806,38.6193
168,2016,3,0,False,False,,117.5806,38.6193
168,2017,3,0,False,False,,117.5806,38.6193
168,2018,3,0,False,False,,117.5806,38.6193
168,2019,3,0,False,False,,117.5806,38.6193
168,2020,3,0,False,False,,117.5806,38.6193
168,2021,3,0,False,False,,117.5806,38.6193
168,2022,3,0,False,False,,117.5806,38.6193
168,2023,3,0,False,False,,117.5806,38.6193
168,2024,3,0,False,False,,117.5806,38.6193
169,2014,3,3,True,False,,119.888,34.4617
169,2015,3,0,False,False,,119.888,34.4617
169,2016,3,0,False,False,,119.888,34.4617
169,2017,3,0,False,False,,119.888,34.4617
169,2018,3,0,False,False,,119.888,34.4617
169,2019,3,0,False,False,,119.888,34.4617
169,2020,3,0,False,False,,119.888,34.4617
169,2021,3,0,False,False,,119.888,34.4617
169,2022,3,0,False,False,,119.888,34.4617
169,2023,3,0,False,False,,119.888,34.4617
169,2024,3,0,False,False,,119.888,34.4617
170,2014,0,0,False,False,,,
170,2015,0,0,False,False,,,
170,2016,0,0,False,False,,,
170,2017,0,0,False,False,,,
170,2018,0,0,False,False,,,
170,2019,1,1,False,False,,,
170,2020,3,3,True,False,,-9.0573,41.6868
170,2021,3,0,False,False,,-9.0573,41.6868
170,2022,3,0,False,False,,-9.0573,41.6868
170,2023,3,0,False,False,,-9.0573,41.6868
170,2024,3,0,False,False,,-9.0573,41.6868
