farm_id,year,AEP_real_kWh,AEP_baseWD_kWh,Delta_AEP_WD_kWh,WakeLoss_real,WakeLoss_baseWD,Delta_WakeLoss_WD
0,2018,7767160304.2,7832910947.5,-65750643.3,0.0901,0.0824,0.0077
1,2018,7624759938.5,7709167155.4,-84407216.9,0.1240,0.1143,0.0097
14,2018,1020614868.8,1009370361.0,11244507.8,0.1090,0.1189,-0.0098
19,2018,391549523.5,384747531.1,6801992.4,0.0457,0.0623,-0.0166
24,2018,3941074840.2,3973588657.4,-32513817.2,0.2052,0.1986,0.0066
34,2018,547804789.1,537861442.6,9943346.5,0.0464,0.0637,-0.0173
38,2018,2136541394.6,2159050683.5,-22509288.9,0.1326,0.1234,0.0091
45,2018,2213286085.7,2221506391.3,-8220305.5,0.0582,0.0547,0.0035
46,2018,108786461.4,108787003.8,-542.5,0.0009,0.0009,0.0000
50,2018,2653051897.6,2688795320.6,-35743423.0,0.1275,0.1158,0.0118
57,2018,628965944.2,669671539.5,-40705595.3,0.4859,0.4526,0.0333
63,2018,1112931453.3,1137659305.9,-24727852.6,0.1146,0.0949,0.0197
71,2018,106785006.1,105699910.8,1085095.3,0.0268,0.0367,-0.0099
72,2018,97050133.8,96692402.8,357731.1,0.0127,0.0163,-0.0036
74,2018,1866059385.6,1822764889.7,43294495.9,0.0695,0.0911,-0.0216
81,2018,618107329.0,609547749.1,8559580.0,0.0646,0.0775,-0.0130
88,2018,1367703213.4,1333464931.9,34238281.4,0.1173,0.1394,-0.0221
89,2018,1736715655.8,1754991355.3,-18275699.4,0.1280,0.1188,0.0092
97,2018,693652257.3,715454110.5,-21801853.2,0.1872,0.1616,0.0255
98,2018,44946944.4,44917151.5,29792.9,0.0014,0.0021,-0.0007
101,2018,141584414.4,141583925.3,489.1,0.0001,0.0001,-0.0000
109,2018,1231177559.1,1221014238.1,10163321.0,0.0917,0.0991,-0.0075
124,2018,89867935.7,89862019.0,5916.7,0.0001,0.0002,-0.0001
131,2018,679859219.7,695027449.9,-15168230.1,0.1146,0.0949,0.0198
135,2018,64417435.4,64529295.1,-111859.7,0.0165,0.0148,0.0017
139,2018,329419606.1,327092937.7,2326668.3,0.0878,0.0942,-0.0064
147,2018,298871199.9,303482366.9,-4611167.1,0.0436,0.0289,0.0148
165,2018,89938693.9,89372053.6,566640.4,0.0607,0.0666,-0.0059
168,2018,60424643.1,60580870.6,-156227.6,0.0381,0.0356,0.0025
169,2018,81564415.8,81218399.2,346016.6,0.0349,0.0390,-0.0041
0,2019,11567224096.3,11646091339.8,-78867243.5,0.1245,0.1185,0.0060
1,2019,8376419005.1,8484295358.3,-107876353.2,0.1563,0.1455,0.0109
3,2019,61484448.8,61439445.2,45003.6,0.0007,0.0014,-0.0007
4,2019,187837316.3,188232726.8,-395410.6,0.0235,0.0215,0.0021
14,2019,1765431626.4,1764850924.4,580702.0,0.1440,0.1443,-0.0003
19,2019,2138021622.7,2080517708.4,57503914.3,0.1630,0.1855,-0.0225
24,2019,3025344294.0,3063372426.3,-38028132.3,0.2317,0.2221,0.0097
32,2019,186934263.0,189492130.5,-2557867.6,0.0441,0.0311,0.0131
34,2019,1021641383.3,1007876815.3,13764568.0,0.0387,0.0517,-0.0130
38,2019,1659323575.9,1668715865.2,-9392289.4,0.1517,0.1469,0.0048
45,2019,2893887447.2,2898979548.4,-5092101.2,0.0593,0.0577,0.0017
46,2019,114675648.9,114603720.3,71928.5,0.0003,0.0010,-0.0006
50,2019,2275747391.9,2303955272.7,-28207880.8,0.1349,0.1241,0.0107
52,2019,308321293.5,306916938.3,1404355.2,0.0121,0.0166,-0.0045
57,2019,771699971.3,798860328.2,-27160356.9,0.4510,0.4316,0.0193
63,2019,1640627676.5,1688580562.3,-47952885.8,0.1554,0.1307,0.0247
71,2019,858068622.9,864076420.3,-6007797.5,0.0879,0.0815,0.0064
72,2019,1086682554.1,1102924807.3,-16242253.2,0.1138,0.1006,0.0132
74,2019,1891787131.4,1864769370.0,27017761.4,0.0892,0.1022,-0.0130
81,2019,1003342889.3,996652072.6,6690816.7,0.0455,0.0519,-0.0064
88,2019,1172193275.5,1144075175.0,28118100.5,0.1234,0.1444,-0.0210
89,2019,1397974150.1,1410198485.7,-12224335.6,0.1554,0.1480,0.0074
92,2019,183014618.5,185515668.3,-2501049.8,0.0426,0.0295,0.0131
97,2019,673953609.0,694680018.3,-20726409.3,0.1955,0.1708,0.0247
98,2019,132162745.8,131363251.0,799494.8,0.0308,0.0367,-0.0059
101,2019,150154057.2,150152594.0,1463.2,0.0001,0.0001,-0.0000
109,2019,944361730.7,936640725.3,7721005.3,0.1099,0.1172,-0.0073
124,2019,95959928.6,95958293.0,1635.7,0.0002,0.0002,-0.0000
131,2019,575765906.5,590682553.3,-14916646.8,0.1245,0.1018,0.0227
135,2019,65104476.5,65464164.8,-359688.3,0.0194,0.0139,0.0054
139,2019,447873783.6,443143144.8,4730638.8,0.1162,0.1256,-0.0093
147,2019,291978211.4,298860663.7,-6882452.3,0.0510,0.0287,0.0224
165,2019,82313412.3,81521397.7,792014.6,0.0595,0.0686,-0.0090
168,2019,59230077.0,59735760.0,-505683.0,0.0436,0.0355,0.0082
169,2019,70228518.3,69970102.5,258415.8,0.0371,0.0406,-0.0035
0,2020,17453953628.2,17601064650.5,-147111022.3,0.1294,0.1221,0.0073
1,2020,11948741598.3,12034794029.0,-86052430.7,0.1443,0.1382,0.0062
3,2020,1630980411.9,1638620583.0,-7640171.1,0.0616,0.0572,0.0044
4,2020,1670316625.5,1740751261.5,-70434636.0,0.1346,0.0981,0.0365
14,2020,1911189504.6,1918261651.1,-7072146.6,0.1509,0.1477,0.0031
19,2020,3634019175.9,3601699778.1,32319397.8,0.1666,0.1740,-0.0074
24,2020,3191055781.8,3223465090.4,-32409308.6,0.2286,0.2207,0.0078
32,2020,2703867489.9,2713941845.6,-10074355.7,0.1150,0.1117,0.0033
34,2020,2574336299.4,2544945599.7,29390699.7,0.0453,0.0562,-0.0109
38,2020,2191717461.3,2188435195.3,3282266.0,0.1309,0.1322,-0.0013
39,2020,114462199.2,117035493.3,-2573294.1,0.0305,0.0087,0.0218
45,2020,3541666133.0,3547358897.8,-5692764.8,0.0647,0.0632,0.0015
46,2020,120298041.3,120226887.1,71154.2,0.0004,0.0009,-0.0006
50,2020,2263117757.0,2295171900.5,-32054143.4,0.1363,0.1240,0.0122
52,2020,701416616.4,699810783.2,1605833.2,0.0308,0.0330,-0.0022
57,2020,671472221.3,707192064.9,-35719843.6,0.4428,0.4131,0.0296
63,2020,1718831889.6,1776104860.1,-57272970.5,0.1799,0.1526,0.0273
66,2020,85947695.6,88249005.8,-2301310.2,0.0529,0.0276,0.0254
71,2020,855993738.5,861380438.9,-5386700.4,0.0878,0.0821,0.0057
72,2020,1286999348.8,1302029018.2,-15029669.4,0.1013,0.0908,0.0105
74,2020,2257513358.2,2203868233.5,53645124.7,0.0805,0.1023,-0.0219
78,2020,626721334.9,636381788.1,-9660453.2,0.0894,0.0753,0.0140
81,2020,2542302693.2,2523733289.6,18569403.6,0.0762,0.0830,-0.0067
88,2020,1153918258.3,1135838935.7,18079322.6,0.1277,0.1414,-0.0137
89,2020,1610789294.2,1624397453.8,-13608159.6,0.1475,0.1403,0.0072
91,2020,901963221.9,861918569.5,40044652.5,0.1078,0.1474,-0.0396
92,2020,1727347956.0,1750348747.1,-23000791.0,0.1223,0.1106,0.0117
97,2020,807218441.5,832750744.5,-25532303.0,0.1841,0.1582,0.0258
98,2020,446536833.6,443847170.1,2689663.5,0.1307,0.1359,-0.0052
101,2020,771614927.0,769457203.6,2157723.5,0.0281,0.0308,-0.0027
107,2020,206442296.4,206146624.5,295671.9,0.0494,0.0507,-0.0014
109,2020,1019833383.0,1011886360.3,7947022.6,0.1054,0.1124,-0.0070
111,2020,88780536.5,87333177.3,1447359.2,0.0090,0.0252,-0.0162
112,2020,40696547.4,40519773.6,176773.8,0.0035,0.0079,-0.0043
115,2020,65777462.3,65578164.9,199297.4,0.0051,0.0081,-0.0030
124,2020,812674881.8,807160380.9,5514500.9,0.0508,0.0572,-0.0064
130,2020,35183029.8,35031373.4,151656.4,0.0073,0.0116,-0.0043
131,2020,575928667.9,588128979.8,-12200312.0,0.1208,0.1022,0.0186
135,2020,61692527.2,62078914.2,-386387.0,0.0206,0.0145,0.0061
139,2020,529014076.3,527092288.5,1921787.7,0.1095,0.1128,-0.0032
147,2020,271705638.3,276342398.3,-4636760.0,0.0477,0.0314,0.0163
165,2020,78676672.2,78216232.3,460439.8,0.0667,0.0722,-0.0055
168,2020,55122011.0,55194133.8,-72122.8,0.0393,0.0381,0.0013
169,2020,69669523.4,69229494.0,440029.3,0.0345,0.0406,-0.0061
0,2021,29413253640.9,29689188532.4,-275934891.5,0.1303,0.1222,0.0082
1,2021,18807439341.3,19068811293.9,-261371952.6,0.1308,0.1187,0.0121
3,2021,13861891230.4,14015467190.7,-153575960.3,0.1500,0.1406,0.0094
4,2021,9274026519.1,9407823628.5,-133797109.4,0.2142,0.2028,0.0113
6,2021,3049779199.0,3111329374.4,-61550175.4,0.1204,0.1027,0.0178
8,2021,731380917.9,747994966.1,-16614048.2,0.0747,0.0537,0.0210
12,2021,1621929918.3,1626115087.5,-4185169.2,0.1231,0.1209,0.0023
14,2021,3935145890.4,3941576554.2,-6430663.8,0.1172,0.1157,0.0014
19,2021,4722728375.0,4745829919.7,-23101544.7,0.1640,0.1599,0.0041
21,2021,122208912.4,122165186.2,43726.2,0.0040,0.0044,-0.0004
24,2021,3751680204.7,3821025221.0,-69345016.3,0.2134,0.1989,0.0145
28,2021,4429548144.8,4532059452.0,-102511307.3,0.1197,0.0993,0.0204
32,2021,3226771327.1,3236470534.1,-9699207.0,0.1374,0.1348,0.0026
34,2021,5583412112.9,5493190087.9,90222025.0,0.0749,0.0898,-0.0149
35,2021,2744992668.5,2804016510.9,-59023842.4,0.1458,0.1274,0.0184
37,2021,2528648935.3,2565602942.7,-36954007.4,0.1349,0.1223,0.0126
38,2021,3388430625.5,3425426597.1,-36995971.7,0.1553,0.1461,0.0092
39,2021,687642270.2,683357923.8,4284346.4,0.0928,0.0984,-0.0057
41,2021,1169950726.9,1173418114.9,-3467388.0,0.0904,0.0877,0.0027
45,2021,4807978632.0,4810769136.1,-2790504.1,0.0872,0.0867,0.0005
46,2021,3190347407.8,3184885543.7,5461864.1,0.0286,0.0302,-0.0017
47,2021,1184272907.3,1177969372.8,6303534.5,0.0958,0.1006,-0.0048
50,2021,2900304532.0,2939836998.9,-39532467.0,0.1219,0.1099,0.0120
52,2021,2866745260.6,2863617059.1,3128201.6,0.0791,0.0801,-0.0010
57,2021,691399533.2,735559562.2,-44160029.0,0.4674,0.4333,0.0340
62,2021,363214946.3,361714011.7,1500934.6,0.0309,0.0349,-0.0040
63,2021,1938021480.8,2019389338.3,-81367857.5,0.1664,0.1315,0.0350
64,2021,641530147.1,617329593.7,24200553.4,0.0700,0.1051,-0.0351
66,2021,1846333076.1,1891520601.6,-45187525.4,0.1583,0.1377,0.0206
71,2021,762054291.9,766651727.2,-4597435.3,0.0928,0.0874,0.0055
72,2021,1981280288.9,1987815751.4,-6535462.4,0.1386,0.1358,0.0028
74,2021,1998323842.6,1973041592.9,25282249.7,0.0913,0.1028,-0.0115
78,2021,1504985749.6,1522354983.6,-17369234.0,0.1334,0.1233,0.0100
81,2021,2693334775.0,2669385589.6,23949185.4,0.0935,0.1016,-0.0081
82,2021,1938833404.2,1981190818.1,-42357413.9,0.1019,0.0823,0.0196
86,2021,357288690.2,351430080.8,5858609.4,0.0081,0.0244,-0.0163
88,2021,1463801701.8,1465355697.2,-1553995.4,0.1306,0.1297,0.0009
89,2021,1621325790.1,1629763003.3,-8437213.1,0.1371,0.1326,0.0045
90,2021,1304181147.1,1308197263.5,-4016116.4,0.1477,0.1451,0.0026
91,2021,1218580063.1,1169431237.2,49148825.9,0.1617,0.1955,-0.0338
92,2021,1703395519.0,1707202187.1,-3806668.1,0.1091,0.1071,0.0020
97,2021,1018908868.3,1040487126.9,-21578258.5,0.1975,0.1805,0.0170
98,2021,1012765937.3,1010626540.2,2139397.1,0.1485,0.1503,-0.0018
101,2021,2259444830.1,2243418860.3,16025969.8,0.0454,0.0522,-0.0068
103,2021,1071432686.2,1082185912.0,-10753225.8,0.1222,0.1134,0.0088
107,2021,658406800.5,659657207.5,-1250407.0,0.1095,0.1079,0.0017
109,2021,1151650457.1,1150706857.9,943599.1,0.1011,0.1019,-0.0007
111,2021,853900889.6,859145261.6,-5244372.1,0.1231,0.1177,0.0054
112,2021,705653452.6,690113469.5,15539983.2,0.0338,0.0551,-0.0213
115,2021,432261673.6,426225817.2,6035856.4,0.0567,0.0699,-0.0132
118,2021,918549394.1,907506502.8,11042891.2,0.0882,0.0992,-0.0110
119,2021,521792087.9,527696224.2,-5904136.3,0.1317,0.1219,0.0098
120,2021,750379158.2,751044478.4,-665320.1,0.1225,0.1218,0.0008
124,2021,1279827553.4,1288486448.8,-8658895.4,0.0783,0.0721,0.0062
126,2021,624360603.0,627058921.2,-2698318.3,0.1166,0.1128,0.0038
130,2021,404472198.3,401157855.4,3314342.8,0.0892,0.0966,-0.0075
131,2021,728453225.9,749869966.7,-21416740.8,0.1178,0.0918,0.0259
133,2021,230334174.6,228272864.7,2061309.9,0.0362,0.0448,-0.0086
135,2021,65403588.6,65517311.9,-113723.3,0.0158,0.0141,0.0017
139,2021,484337675.1,483405214.2,932460.9,0.1118,0.1135,-0.0017
141,2021,351392586.4,337776821.7,13615764.7,0.0377,0.0750,-0.0373
143,2021,94711034.8,94424366.9,286667.9,0.0030,0.0060,-0.0030
147,2021,303909560.3,309878620.9,-5969060.6,0.0456,0.0269,0.0187
159,2021,152223150.5,150284562.3,1938588.2,0.0410,0.0532,-0.0122
165,2021,92640613.3,91629688.7,1010924.6,0.0544,0.0647,-0.0103
168,2021,62495596.0,62920183.5,-424587.4,0.0417,0.0352,0.0065
169,2021,88931690.0,88493178.4,438511.6,0.0316,0.0364,-0.0048
0,2022,26973456266.7,27142587280.3,-169131013.5,0.1379,0.1325,0.0054
1,2022,16950214524.5,17043370016.9,-93155492.5,0.1325,0.1277,0.0048
3,2022,12958545617.9,12949629214.2,8916403.7,0.1512,0.1517,-0.0006
4,2022,10444490862.6,10503438789.7,-58947927.1,0.2006,0.1961,0.0045
6,2022,2942100180.3,2982294375.2,-40194195.0,0.1171,0.1050,0.0121
8,2022,2296605801.3,2337177479.4,-40571678.1,0.1315,0.1161,0.0153
12,2022,8464071391.0,8482062960.1,-17991569.1,0.1339,0.1321,0.0018
14,2022,3981855961.4,3977436457.5,4419503.9,0.1177,0.1186,-0.0010
19,2022,4189216240.2,4117829040.8,71387199.5,0.1564,0.1707,-0.0144
21,2022,5433847289.7,5430340492.1,3506797.6,0.0687,0.0693,-0.0006
24,2022,3454771553.8,3478418471.0,-23646917.2,0.2148,0.2094,0.0054
28,2022,4393824522.7,4413750921.3,-19926398.6,0.1091,0.1050,0.0040
32,2022,3653503403.6,3676105342.0,-22601938.3,0.1340,0.1287,0.0054
34,2022,6633894041.0,6560502456.2,73391584.8,0.0738,0.0840,-0.0102
35,2022,2925740390.1,2985048450.9,-59308060.8,0.1470,0.1297,0.0173
37,2022,2605737995.7,2624926698.6,-19188703.0,0.1313,0.1249,0.0064
38,2022,3695756764.9,3683923176.5,11833588.4,0.1410,0.1437,-0.0028
39,2022,1031901602.2,1026098871.0,5802731.3,0.0599,0.0652,-0.0053
41,2022,1363197617.7,1360376825.7,2820792.0,0.0726,0.0745,-0.0019
42,2022,4107092520.7,4108758495.1,-1665974.3,0.0141,0.0137,0.0004
44,2022,1413264676.0,1404325802.9,8938873.1,0.0786,0.0845,-0.0058
45,2022,5425884147.6,5423519183.2,2364964.4,0.0806,0.0810,-0.0004
46,2022,5602061726.5,5586345089.0,15716637.5,0.0408,0.0435,-0.0027
47,2022,1387368839.6,1384929305.3,2439534.4,0.0914,0.0930,-0.0016
50,2022,2502772407.1,2523042120.7,-20269713.7,0.1242,0.1171,0.0071
52,2022,3897087593.2,3884381811.8,12705781.4,0.0713,0.0743,-0.0030
57,2022,674004308.8,711835087.3,-37830778.5,0.4525,0.4217,0.0307
62,2022,632636530.4,627368653.3,5267877.1,0.0333,0.0414,-0.0080
63,2022,1852246273.8,1912425789.2,-60179515.4,0.1697,0.1427,0.0270
64,2022,868703752.4,847142534.6,21561217.8,0.1034,0.1257,-0.0223
66,2022,1889822482.4,1995961706.3,-106139223.9,0.1816,0.1356,0.0460
70,2022,1568771226.0,1587840462.8,-19069236.8,0.1558,0.1456,0.0103
71,2022,2696481091.2,2705785079.5,-9303988.3,0.0704,0.0672,0.0032
72,2022,2098202858.1,2115056950.6,-16854092.5,0.1454,0.1385,0.0069
74,2022,2361123940.1,2303713884.6,57410055.5,0.0732,0.0958,-0.0225
76,2022,1538882383.3,1541513461.1,-2631077.8,0.0679,0.0663,0.0016
78,2022,1529139454.7,1550127910.9,-20988456.2,0.1396,0.1278,0.0118
81,2022,2874432097.0,2856432262.6,17999834.4,0.0814,0.0871,-0.0058
82,2022,1774464336.5,1790667304.2,-16202967.8,0.0982,0.0900,0.0082
86,2022,957217656.8,949818391.7,7399265.0,0.0478,0.0552,-0.0074
88,2022,1276450783.0,1248221892.3,28228890.6,0.1195,0.1390,-0.0195
89,2022,1712065848.8,1734919266.8,-22853418.0,0.1408,0.1293,0.0115
90,2022,1550088697.4,1546643016.1,3445681.3,0.1378,0.1397,-0.0019
91,2022,1445244314.0,1372364694.9,72879619.0,0.1441,0.1873,-0.0432
92,2022,1819130760.5,1851472719.9,-32341959.5,0.1204,0.1048,0.0156
94,2022,1234853229.5,1237120311.1,-2267081.6,0.1140,0.1124,0.0016
97,2022,1196789271.0,1221455738.9,-24666467.9,0.1867,0.1700,0.0168
98,2022,851265783.6,843960777.8,7305005.9,0.1523,0.1596,-0.0073
101,2022,2393858254.1,2378870063.0,14988191.0,0.0396,0.0457,-0.0060
103,2022,1420081440.1,1434007018.1,-13925577.9,0.1181,0.1095,0.0086
107,2022,625822306.4,628982166.7,-3159860.3,0.1061,0.1016,0.0045
108,2022,982967959.0,982717939.6,250019.4,0.0720,0.0722,-0.0002
109,2022,1116504818.4,1091669352.2,24835466.2,0.0879,0.1081,-0.0203
110,2022,62699527.9,62647235.5,52292.4,0.0020,0.0028,-0.0008
111,2022,1036897744.5,1042012704.5,-5114960.1,0.1189,0.1145,0.0043
112,2022,654995602.9,643925317.5,11070285.4,0.0340,0.0503,-0.0163
115,2022,608659906.8,606438817.0,2221089.8,0.1351,0.1383,-0.0032
118,2022,970215955.9,959646800.7,10569155.2,0.0876,0.0976,-0.0099
119,2022,669002259.9,672676128.0,-3673868.2,0.1134,0.1085,0.0049
120,2022,793300438.7,786031552.9,7268885.8,0.1152,0.1233,-0.0081
124,2022,1374285513.6,1380574474.0,-6288960.4,0.0660,0.0617,0.0043
126,2022,564856676.7,565501787.9,-645111.2,0.1133,0.1123,0.0010
130,2022,383737457.2,382024835.1,1712622.1,0.0888,0.0929,-0.0041
131,2022,633068563.1,644397495.7,-11328932.6,0.1139,0.0980,0.0159
133,2022,295434909.0,293030636.3,2404272.6,0.0765,0.0840,-0.0075
135,2022,424441089.1,421619553.5,2821535.7,0.1397,0.1454,-0.0057
139,2022,535029028.6,531904972.1,3124056.5,0.1051,0.1103,-0.0052
141,2022,324770167.5,313570814.0,11199353.6,0.0420,0.0751,-0.0330
143,2022,180494123.2,179707550.9,786572.3,0.0053,0.0097,-0.0043
147,2022,285801191.7,290347735.7,-4546544.0,0.0445,0.0293,0.0152
159,2022,141267368.2,139730285.9,1537082.3,0.0374,0.0478,-0.0105
165,2022,84898183.7,84694921.9,203261.8,0.0635,0.0657,-0.0022
166,2022,118501801.7,118408858.3,92943.4,0.0236,0.0243,-0.0008
168,2022,58965796.3,59543069.1,-577272.8,0.0432,0.0338,0.0094
169,2022,76073103.3,75932257.7,140845.6,0.0380,0.0397,-0.0018
0,2023,27020104275.3,27286422160.6,-266317885.3,0.1319,0.1234,0.0086
1,2023,17486466064.7,17676803300.9,-190337236.2,0.1275,0.1180,0.0095
3,2023,12912420847.2,12914918121.3,-2497274.1,0.1441,0.1440,0.0002
4,2023,9666971697.1,9781665527.6,-114693830.5,0.2057,0.1962,0.0094
6,2023,6481047385.7,6472683910.7,8363475.0,0.1048,0.1060,-0.0012
8,2023,6524192585.4,6553126798.2,-28934212.9,0.1325,0.1287,0.0038
12,2023,7195127075.8,7230523115.2,-35396039.4,0.1466,0.1424,0.0042
14,2023,4068373246.1,4061208929.9,7164316.2,0.1129,0.1145,-0.0016
19,2023,4446440597.8,4421756614.0,24683983.7,0.1475,0.1523,-0.0047
21,2023,5795241014.5,5814563473.0,-19322458.5,0.0815,0.0785,0.0031
24,2023,3518618563.4,3547932433.0,-29313869.6,0.2026,0.1960,0.0066
28,2023,4325964346.4,4366377645.9,-40413299.6,0.1110,0.1027,0.0083
32,2023,3240120853.5,3261441553.8,-21320700.3,0.1448,0.1392,0.0056
34,2023,5990816623.3,5897615000.0,93201623.3,0.0818,0.0961,-0.0143
35,2023,2939478125.9,2994728163.6,-55250037.7,0.1355,0.1193,0.0162
37,2023,2535393571.6,2552234142.0,-16840570.4,0.1291,0.1233,0.0058
38,2023,3589571133.8,3594147156.8,-4576023.0,0.1426,0.1415,0.0011
39,2023,2437412177.1,2374229754.2,63182422.9,0.0708,0.0949,-0.0241
41,2023,2930724810.9,2943081495.5,-12356684.6,0.0890,0.0851,0.0038
42,2023,4935954188.1,4939016489.4,-3062301.3,0.0283,0.0277,0.0006
44,2023,3167864220.0,3120868964.0,46995256.0,0.0938,0.1072,-0.0134
45,2023,4961204524.2,4965615067.8,-4410543.6,0.0948,0.0940,0.0008
46,2023,5313762477.6,5303337986.9,10424490.7,0.0537,0.0555,-0.0019
47,2023,3005084673.7,3003622324.5,1462349.3,0.1155,0.1159,-0.0004
50,2023,2708725471.0,2736484378.9,-27758907.9,0.1137,0.1046,0.0091
52,2023,3549063091.3,3532463037.0,16600054.3,0.0853,0.0896,-0.0043
56,2023,232920523.1,239537140.9,-6616617.8,0.0687,0.0423,0.0265
57,2023,815971960.2,875848142.1,-59876181.9,0.4587,0.4189,0.0397
62,2023,1144230929.6,1129300007.9,14930921.7,0.0609,0.0732,-0.0123
63,2023,1939235812.3,1995191846.3,-55956034.0,0.1609,0.1367,0.0242
64,2023,1001764998.8,972891484.1,28873514.7,0.1055,0.1313,-0.0258
66,2023,1833956804.6,1897978552.4,-64021747.8,0.1653,0.1361,0.0291
70,2023,1697901841.4,1716867346.9,-18965505.5,0.1443,0.1348,0.0096
71,2023,2440721087.7,2444576453.9,-3855366.2,0.0759,0.0745,0.0015
72,2023,2069167593.6,2078103439.7,-8935846.1,0.1319,0.1282,0.0037
74,2023,2154169527.2,2106416098.1,47753429.1,0.0728,0.0934,-0.0206
76,2023,1625741145.0,1624822444.8,918700.2,0.0641,0.0647,-0.0005
78,2023,1566806578.9,1584853741.0,-18047162.1,0.1348,0.1248,0.0100
79,2023,1164311644.4,1170485748.0,-6174103.6,0.0765,0.0716,0.0049
81,2023,2517135222.6,2495822381.3,21312841.2,0.0919,0.0996,-0.0077
82,2023,1800237040.2,1828525822.4,-28288782.2,0.0986,0.0845,0.0142
85,2023,1644099734.5,1632522096.6,11577637.9,0.1154,0.1216,-0.0062
86,2023,1106317070.9,1113329613.6,-7012542.7,0.0657,0.0598,0.0059
88,2023,1408213941.7,1378569528.1,29644413.6,0.1076,0.1264,-0.0188
89,2023,1678209158.6,1699155788.6,-20946630.0,0.1402,0.1295,0.0107
90,2023,1290821946.3,1294569622.7,-3747676.4,0.1457,0.1432,0.0025
91,2023,1195202504.4,1171747092.0,23455412.4,0.1875,0.2034,-0.0159
92,2023,1764390466.1,1779853592.3,-15463126.1,0.1119,0.1042,0.0078
94,2023,1312918533.7,1318060805.9,-5142272.2,0.1123,0.1089,0.0035
97,2023,1018670767.7,1042583950.8,-23913183.1,0.2056,0.1869,0.0186
98,2023,958585545.2,956062276.5,2523268.7,0.1453,0.1476,-0.0022
101,2023,2108797979.0,2093351214.0,15446765.0,0.0450,0.0520,-0.0070
103,2023,1251825152.3,1258672742.5,-6847590.2,0.1129,0.1080,0.0049
104,2023,747986618.4,746489427.5,1497190.9,0.0917,0.0935,-0.0018
105,2023,958436956.1,964584564.7,-6147608.6,0.1423,0.1368,0.0055
107,2023,727849728.2,738177715.6,-10327987.4,0.1174,0.1049,0.0125
108,2023,1044554914.1,1044873041.3,-318127.3,0.0707,0.0705,0.0003
109,2023,1090757589.1,1078085061.7,12672527.4,0.0917,0.1023,-0.0106
110,2023,998719565.9,1004135179.2,-5415613.3,0.0990,0.0941,0.0049
111,2023,865086367.5,873381135.6,-8294768.1,0.1253,0.1169,0.0084
112,2023,777975582.1,768571151.3,9404430.8,0.0401,0.0517,-0.0116
114,2023,1148112281.7,1147401922.1,710359.5,0.0836,0.0841,-0.0006
115,2023,726051366.3,719177003.0,6874363.3,0.1268,0.1351,-0.0083
118,2023,945680540.6,931944113.6,13736426.9,0.0828,0.0961,-0.0133
119,2023,558853977.8,563404116.5,-4550138.7,0.1190,0.1118,0.0072
120,2023,791039972.2,793839314.0,-2799341.8,0.1229,0.1198,0.0031
124,2023,1216512666.2,1223308803.7,-6796137.5,0.0744,0.0692,0.0052
125,2023,1045841865.1,1047446130.6,-1604265.5,0.0473,0.0459,0.0015
126,2023,716626101.5,720139930.6,-3513829.1,0.1191,0.1148,0.0043
130,2023,449271464.1,449049379.5,222084.6,0.0944,0.0948,-0.0004
131,2023,681169450.8,696609951.6,-15440500.8,0.1085,0.0883,0.0202
133,2023,396849802.4,398979924.9,-2130122.4,0.1048,0.1000,0.0048
135,2023,412163722.2,411994005.5,169716.7,0.1507,0.1510,-0.0003
139,2023,500693608.1,498170118.7,2523489.4,0.1076,0.1121,-0.0045
141,2023,392903610.0,376400781.8,16502828.2,0.0304,0.0712,-0.0407
143,2023,336291693.8,336137986.5,153707.3,0.0087,0.0092,-0.0005
145,2023,459132269.1,464179053.6,-5046784.5,0.0727,0.0625,0.0102
147,2023,307433124.0,308752050.8,-1318926.7,0.0328,0.0287,0.0041
159,2023,168102694.8,167182327.5,920367.3,0.0503,0.0555,-0.0052
165,2023,91166821.0,90150374.0,1016446.9,0.0526,0.0631,-0.0106
166,2023,112776469.0,112592297.3,184171.7,0.0246,0.0262,-0.0016
168,2023,62510306.8,62705098.2,-194791.4,0.0381,0.0351,0.0030
169,2023,83495052.6,83027467.3,467585.3,0.0299,0.0354,-0.0054
0,2024,28901865926.4,29087265713.2,-185399786.8,0.1293,0.1238,0.0056
1,2024,17686934893.0,17883043752.2,-196108859.1,0.1325,0.1229,0.0096
3,2024,13755838383.7,13775081836.4,-19243452.8,0.1441,0.1429,0.0012
4,2024,10618054836.6,10704380717.2,-86325880.6,0.2027,0.1963,0.0065
6,2024,7607323083.8,7581687157.1,25635926.7,0.1330,0.1359,-0.0029
8,2024,9808335233.8,9779887562.6,28447671.2,0.1224,0.1250,-0.0025
12,2024,7490928909.0,7503420299.9,-12491391.0,0.1487,0.1473,0.0014
14,2024,5157517651.5,5162262583.2,-4744931.7,0.1181,0.1172,0.0008
19,2024,4456671917.8,4422720931.1,33950986.7,0.1544,0.1608,-0.0064
21,2024,6454035126.8,6463476453.8,-9441327.0,0.0730,0.0717,0.0014
24,2024,3768453020.8,3805590779.7,-37137758.9,0.2049,0.1970,0.0078
28,2024,4494095750.0,4569142554.8,-75046804.8,0.1165,0.1017,0.0148
32,2024,3576532701.9,3615033793.8,-38501091.9,0.1452,0.1360,0.0092
33,2024,3041844710.8,3017010259.5,24834451.3,0.0907,0.0982,-0.0074
34,2024,6314487518.7,6234695090.0,79792428.7,0.0810,0.0926,-0.0116
35,2024,3827122303.1,3893043931.8,-65921628.6,0.1498,0.1351,0.0146
37,2024,2747465488.6,2787900305.5,-40434816.8,0.1357,0.1230,0.0127
38,2024,3752221502.0,3767532629.7,-15311127.7,0.1433,0.1398,0.0035
39,2024,3924938611.5,3831976159.9,92962451.6,0.0707,0.0927,-0.0220
41,2024,3381675272.4,3401650936.3,-19975663.9,0.1095,0.1042,0.0053
42,2024,5065492106.6,5065327668.4,164438.2,0.0287,0.0287,-0.0000
44,2024,3323203129.4,3279330887.2,43872242.2,0.0962,0.1081,-0.0119
45,2024,5289534372.4,5288319523.2,1214849.3,0.0922,0.0924,-0.0002
46,2024,5733304585.4,5721060743.8,12243841.6,0.0489,0.0509,-0.0020
47,2024,3137335680.9,3137550000.7,-214319.8,0.1174,0.1174,0.0001
50,2024,2698464436.5,2727633581.2,-29169144.7,0.1205,0.1110,0.0095
52,2024,4365652774.2,4343344964.6,22307809.5,0.0767,0.0814,-0.0047
56,2024,2251827167.1,2251329722.1,497445.1,0.1233,0.1235,-0.0002
57,2024,924016237.0,970514463.3,-46498226.3,0.4250,0.3961,0.0289
62,2024,2580080374.5,2526247956.4,53832418.2,0.0964,0.1152,-0.0189
63,2024,1968542599.4,2034791113.5,-66248514.2,0.1676,0.1396,0.0280
64,2024,1173039929.4,1141358240.4,31681689.1,0.0970,0.1214,-0.0244
66,2024,2000213103.7,2112079898.4,-111866794.7,0.1763,0.1302,0.0461
70,2024,1628567264.6,1654113353.6,-25546089.0,0.1620,0.1489,0.0131
71,2024,2502597407.3,2507709166.2,-5111758.9,0.0773,0.0754,0.0019
72,2024,2230183304.1,2228272142.3,1911161.8,0.1257,0.1264,-0.0007
74,2024,2312279431.1,2274686014.4,37593416.7,0.0749,0.0900,-0.0150
76,2024,1649821563.7,1644643027.9,5178535.7,0.0636,0.0666,-0.0029
77,2024,1477790078.8,1476830798.5,959280.3,0.1190,0.1196,-0.0006
78,2024,1551021718.9,1572968825.1,-21947106.2,0.1382,0.1260,0.0122
79,2024,1739070293.9,1757314476.8,-18244182.9,0.0959,0.0864,0.0095
81,2024,2718310338.7,2695945681.5,22364657.2,0.0875,0.0950,-0.0075
82,2024,1854733015.6,1879576899.1,-24843883.5,0.0981,0.0861,0.0121
85,2024,1862456192.0,1858395439.7,4060752.3,0.1121,0.1140,-0.0019
86,2024,1171373675.3,1167331268.1,4042407.2,0.0482,0.0515,-0.0033
88,2024,1386055473.4,1363429891.5,22625581.9,0.1194,0.1338,-0.0144
89,2024,1757803357.4,1774428868.4,-16625511.1,0.1350,0.1268,0.0082
90,2024,1359010051.0,1354793705.7,4216345.3,0.1434,0.1460,-0.0027
91,2024,1405933700.5,1326486921.2,79446779.3,0.1488,0.1969,-0.0481
92,2024,1884582984.2,1892713251.5,-8130267.3,0.1052,0.1013,0.0039
94,2024,1344591964.8,1350553984.8,-5962020.0,0.1142,0.1103,0.0039
97,2024,1166823397.6,1196204606.3,-29381208.7,0.2044,0.1843,0.0200
98,2024,946005591.0,938735324.3,7270266.7,0.1461,0.1527,-0.0066
101,2024,2272551105.6,2258146662.4,14404443.2,0.0424,0.0484,-0.0061
103,2024,1367817023.3,1379559676.4,-11742653.1,0.1093,0.1017,0.0076
104,2024,1295976168.5,1293521568.3,2454600.2,0.1042,0.1059,-0.0017
105,2024,1052781930.8,1061270737.1,-8488806.3,0.1388,0.1318,0.0069
106,2024,1197504775.1,1179694867.7,17809907.4,0.0679,0.0818,-0.0139
107,2024,769660155.9,774920793.7,-5260637.8,0.1020,0.0959,0.0061
108,2024,1071558794.7,1071831794.1,-272999.4,0.0712,0.0709,0.0002
109,2024,1167872542.9,1156414158.0,11458384.9,0.0925,0.1014,-0.0089
110,2024,1074763012.4,1083515618.8,-8752606.4,0.0986,0.0913,0.0073
111,2024,913772421.2,914502610.4,-730189.3,0.1200,0.1193,0.0007
112,2024,810567183.6,800501610.2,10065573.4,0.0346,0.0466,-0.0120
114,2024,1154713739.5,1154111571.1,602168.3,0.0857,0.0861,-0.0005
115,2024,764648314.6,760762652.5,3885662.1,0.1183,0.1228,-0.0045
118,2024,1005909821.8,989786701.9,16123119.9,0.0821,0.0968,-0.0147
119,2024,846481675.0,857855276.1,-11373601.1,0.1539,0.1425,0.0114
120,2024,830897393.9,829997259.3,900134.6,0.1176,0.1185,-0.0010
124,2024,1298125976.5,1303997272.3,-5871295.8,0.0705,0.0663,0.0042
125,2024,1239331492.8,1236511116.2,2820376.6,0.0552,0.0574,-0.0022
126,2024,724271724.6,728819375.9,-4547651.3,0.1116,0.1061,0.0056
130,2024,476212645.9,477477393.2,-1264747.2,0.0882,0.0858,0.0024
131,2024,687000470.9,696117478.8,-9117008.0,0.1043,0.0924,0.0119
132,2024,624254778.3,618746265.0,5508513.3,0.1017,0.1096,-0.0079
133,2024,497937089.1,497439754.3,497334.8,0.0902,0.0911,-0.0009
135,2024,382357658.3,382521354.7,-163696.4,0.1572,0.1568,0.0004
139,2024,458057782.6,457415375.2,642407.4,0.1143,0.1155,-0.0012
141,2024,404051107.1,390854598.8,13196508.3,0.0376,0.0690,-0.0314
143,2024,421785048.1,420289373.2,1495674.9,0.0061,0.0096,-0.0035
145,2024,444686308.6,448597125.5,-3910816.9,0.0713,0.0632,0.0082
147,2024,299365458.4,302318544.9,-2953086.4,0.0387,0.0292,0.0095
151,2024,293362573.4,297162188.7,-3799615.3,0.0341,0.0216,0.0125
159,2024,171237219.3,169539080.5,1698138.8,0.0367,0.0463,-0.0096
165,2024,89191563.0,88496570.2,694992.8,0.0608,0.0682,-0.0073
166,2024,106219481.8,106343763.9,-124282.2,0.0275,0.0264,0.0011
168,2024,59525856.3,59904991.0,-379134.7,0.0421,0.0360,0.0061
169,2024,83051144.3,82675898.3,375246.0,0.0326,0.0370,-0.0044
2,2018,10246922765.6,10253160250.2,-6237484.6,0.1929,0.1924,0.0005
5,2018,150408995.3,150524556.4,-115561.2,0.0011,0.0003,0.0008
7,2018,10932498221.4,11252415527.6,-319917306.2,0.1400,0.1149,0.0252
9,2018,10409860090.9,10514940709.9,-105080619.0,0.1413,0.1326,0.0087
10,2018,2063781840.0,2070526401.2,-6744561.2,0.0618,0.0588,0.0031
11,2018,9102043445.7,9214648460.2,-112605014.4,0.1370,0.1263,0.0107
13,2018,6963031637.6,6940166642.5,22864995.1,0.2030,0.2056,-0.0026
15,2018,1697883652.8,1705025800.2,-7142147.5,0.1450,0.1414,0.0036
16,2018,6851198656.4,6865281459.9,-14082803.5,0.0838,0.0819,0.0019
17,2018,6230275777.2,6312498064.6,-82222287.5,0.1743,0.1634,0.0109
18,2018,6799840844.9,6881660613.2,-81819768.3,0.1092,0.0985,0.0107
20,2018,3616743162.3,3642331303.6,-25588141.3,0.1160,0.1098,0.0063
22,2018,5516876447.8,5540806257.3,-23929809.5,0.2069,0.2035,0.0034
23,2018,3296802750.4,3326777355.6,-29974605.1,0.1265,0.1185,0.0079
25,2018,3102864687.8,3026423127.6,76441560.2,0.1645,0.1851,-0.0206
26,2018,5714538313.3,5813017273.1,-98478959.8,0.1059,0.0904,0.0154
27,2018,6078516364.3,6064959339.2,13557025.2,0.1072,0.1092,-0.0020
29,2018,5076149127.2,5034700695.9,41448431.3,0.1463,0.1532,-0.0070
30,2018,4834266674.0,4927132200.3,-92865526.2,0.1677,0.1517,0.0160
31,2018,2299610870.9,2261073940.1,38536930.8,0.1954,0.2088,-0.0135
36,2018,4008940536.8,4051888476.4,-42947939.6,0.1744,0.1655,0.0088
43,2018,4604714774.8,4635905853.7,-31191079.0,0.0946,0.0884,0.0061
49,2018,3499783884.0,3596976955.5,-97193071.5,0.2167,0.1949,0.0218
51,2018,3789783384.7,3789108724.1,674660.6,0.1100,0.1101,-0.0002
55,2018,3606213108.8,3603997710.5,2215398.3,0.1467,0.1472,-0.0005
58,2018,66710044.5,66707271.9,2772.5,0.0003,0.0003,-0.0000
59,2018,3324447351.9,3424261982.4,-99814630.5,0.1771,0.1524,0.0247
60,2018,3830747596.5,3824536980.3,6210616.1,0.0687,0.0702,-0.0015
61,2018,3521683984.9,3511706869.2,9977115.7,0.1339,0.1363,-0.0025
65,2018,3267072003.5,3268362675.5,-1290672.1,0.1343,0.1340,0.0003
67,2018,2615326095.8,2557537583.9,57788511.9,0.2031,0.2207,-0.0176
68,2018,3484097568.0,3341855595.7,142241972.3,0.0648,0.1029,-0.0382
73,2018,2951680819.6,2948936997.1,2743822.5,0.0890,0.0899,-0.0008
80,2018,2639605778.0,2636006336.3,3599441.7,0.0645,0.0658,-0.0013
83,2018,1711730244.3,1856737820.4,-145007576.1,0.2545,0.1913,0.0632
84,2018,1936294916.6,1970344251.9,-34049335.3,0.1224,0.1070,0.0154
87,2018,2341360328.4,2366153012.5,-24792684.1,0.0904,0.0808,0.0096
96,2018,1660541544.3,1610480370.4,50061173.9,0.1678,0.1929,-0.0251
99,2018,1119675355.3,1144453223.2,-24777867.9,0.3457,0.3312,0.0145
100,2018,1558465650.5,1567957461.3,-9491810.8,0.1380,0.1328,0.0052
102,2018,1342924808.4,1327279500.0,15645308.3,0.1789,0.1885,-0.0096
113,2018,1363306679.7,1365347244.9,-2040565.1,0.1092,0.1078,0.0013
116,2018,1453113874.8,1416383797.8,36730077.0,0.0765,0.0999,-0.0233
121,2018,1260951142.4,1194741297.4,66209845.0,0.1445,0.1894,-0.0449
122,2018,1060653794.2,1069400511.3,-8746717.1,0.1901,0.1835,0.0067
123,2018,1076563325.0,1106906267.0,-30342942.0,0.1413,0.1171,0.0242
128,2018,914888876.4,893966048.4,20922828.0,0.1780,0.1968,-0.0188
137,2018,725673211.5,734044370.8,-8371159.3,0.1041,0.0938,0.0103
142,2018,644490213.4,639050669.7,5439543.7,0.1463,0.1535,-0.0072
144,2018,621535383.4,616904598.3,4630785.1,0.0583,0.0653,-0.0070
148,2018,365546946.7,366889458.3,-1342511.7,0.0827,0.0794,0.0034
149,2018,312004392.2,307415923.0,4588469.2,0.0637,0.0775,-0.0138
150,2018,420645860.9,419360819.9,1285041.0,0.0649,0.0677,-0.0029
152,2018,418084362.1,419321010.5,-1236648.4,0.0539,0.0511,0.0028
153,2018,305331845.0,298271455.8,7060389.1,0.1849,0.2038,-0.0188
154,2018,417418230.1,419058501.2,-1640271.1,0.0511,0.0474,0.0037
157,2018,263176951.6,256289956.8,6886994.8,0.0605,0.0851,-0.0246
158,2018,267634171.5,262939653.8,4694517.7,0.0468,0.0635,-0.0167
162,2018,192131943.0,191820713.3,311229.7,0.0190,0.0206,-0.0016
163,2018,176911896.2,176658031.2,253865.0,0.0848,0.0861,-0.0013
164,2018,243585145.4,243851434.2,-266288.7,0.0175,0.0164,0.0011
2,2019,12262224827.0,12278600990.5,-16376163.5,0.1848,0.1837,0.0011
5,2019,8404056229.2,8356317813.7,47738415.5,0.0537,0.0591,-0.0054
7,2019,11915778328.0,12277270001.4,-361491673.3,0.1437,0.1177,0.0260
9,2019,10725831382.5,10858405262.3,-132573879.8,0.1517,0.1412,0.0105
10,2019,4061016272.8,4071918972.8,-10902700.0,0.0778,0.0753,0.0025
11,2019,9555305395.4,9645766000.4,-90460605.0,0.1334,0.1252,0.0082
13,2019,7166567529.1,7135035903.8,31531625.4,0.2074,0.2108,-0.0035
15,2019,1737491446.8,1736322600.8,1168845.9,0.1360,0.1366,-0.0006
16,2019,8491031703.1,8514117149.4,-23085446.3,0.0967,0.0942,0.0025
17,2019,6264037986.1,6353951770.5,-89913784.3,0.1810,0.1692,0.0118
18,2019,7000104645.7,7076865053.5,-76760407.8,0.1061,0.0963,0.0098
20,2019,7769259112.9,7843925020.0,-74665907.1,0.1285,0.1201,0.0084
22,2019,6100490188.9,6150638717.9,-50148529.0,0.1968,0.1902,0.0066
23,2019,3397535025.7,3423040543.0,-25505517.4,0.1277,0.1212,0.0065
25,2019,3478193959.0,3396846278.8,81347680.1,0.1517,0.1715,-0.0198
26,2019,5756662533.1,5844834046.5,-88171513.4,0.1077,0.0940,0.0137
27,2019,6686954673.0,6670111440.9,16843232.1,0.1078,0.1101,-0.0022
29,2019,5780561906.8,5739909980.9,40651925.9,0.1373,0.1434,-0.0061
30,2019,4843324116.9,4932542561.1,-89218444.3,0.1743,0.1590,0.0152
31,2019,2324184107.2,2299142303.5,25041803.6,0.1988,0.2074,-0.0086
36,2019,4071578898.6,4114655661.9,-43076763.3,0.1678,0.1590,0.0088
43,2019,4863782209.4,4889498954.2,-25716744.8,0.0929,0.0881,0.0048
48,2019,2673273791.3,2672342973.9,930817.4,0.0586,0.0589,-0.0003
49,2019,3553528064.6,3632030697.4,-78502632.8,0.2166,0.1993,0.0173
51,2019,3798893071.5,3802298738.6,-3405667.1,0.1145,0.1137,0.0008
55,2019,3551678320.6,3583534035.5,-31855714.9,0.1597,0.1522,0.0075
58,2019,69984968.6,69984933.2,35.4,0.0003,0.0003,-0.0000
59,2019,3487890335.3,3604858401.0,-116968065.8,0.1849,0.1575,0.0273
60,2019,4039531582.9,4037428481.6,2103101.2,0.0714,0.0719,-0.0005
61,2019,3721264515.9,3713397431.2,7867084.6,0.1341,0.1359,-0.0018
65,2019,3352085801.4,3363148181.0,-11062379.6,0.1394,0.1365,0.0028
67,2019,2598305163.2,2576307139.2,21998024.0,0.2219,0.2285,-0.0066
68,2019,3659474969.9,3516514740.1,142960229.8,0.0693,0.1057,-0.0364
73,2019,2936242223.6,2934921369.1,1320854.6,0.0930,0.0934,-0.0004
80,2019,2734072869.1,2730526906.1,3545963.0,0.0683,0.0695,-0.0012
83,2019,1603099425.6,1759884807.1,-156785381.5,0.2714,0.2001,0.0713
84,2019,1987262295.6,2026705863.5,-39443567.9,0.1287,0.1115,0.0173
87,2019,2364358037.5,2385938846.6,-21580809.1,0.0921,0.0838,0.0083
96,2019,1656747974.9,1624425790.7,32322184.2,0.1820,0.1979,-0.0160
99,2019,1264064740.7,1294226792.8,-30162052.1,0.3361,0.3203,0.0158
100,2019,1623497688.8,1640129319.3,-16631630.5,0.1360,0.1272,0.0089
102,2019,1363496092.0,1344623855.0,18872236.9,0.1826,0.1939,-0.0113
113,2019,1390960013.3,1403516045.5,-12556032.2,0.1126,0.1046,0.0080
116,2019,1479481356.3,1435350964.4,44130391.9,0.0759,0.1035,-0.0276
121,2019,1313943956.5,1229692694.8,84251261.8,0.1294,0.1853,-0.0558
122,2019,1057547383.5,1056951163.2,596220.3,0.1956,0.1961,-0.0005
123,2019,1102561823.2,1127374781.5,-24812958.3,0.1469,0.1277,0.0192
128,2019,938365245.0,917275104.4,21090140.6,0.1882,0.2065,-0.0182
137,2019,809773330.6,821770625.2,-11997294.6,0.1013,0.0879,0.0133
142,2019,674182758.4,670268036.0,3914722.3,0.1418,0.1468,-0.0050
144,2019,689768115.1,692036681.2,-2268566.1,0.0628,0.0597,0.0031
148,2019,383886588.5,387062536.1,-3175947.6,0.0918,0.0843,0.0075
149,2019,356008433.8,345572481.3,10435952.6,0.0494,0.0772,-0.0279
150,2019,420815169.1,416880767.3,3934401.8,0.0698,0.0785,-0.0087
152,2019,440716053.2,439200506.3,1515546.9,0.0513,0.0546,-0.0033
153,2019,331549132.5,319588825.4,11960307.0,0.1742,0.2040,-0.0298
154,2019,452584285.1,449009517.0,3574768.1,0.0385,0.0461,-0.0076
157,2019,283933853.9,281046311.4,2887542.6,0.0648,0.0743,-0.0095
158,2019,274335623.7,266310229.3,8025394.4,0.0374,0.0656,-0.0282
162,2019,193674364.9,193877768.7,-203403.8,0.0220,0.0209,0.0010
163,2019,208227611.2,207459152.8,768458.4,0.0721,0.0755,-0.0034
164,2019,252042856.8,252244646.4,-201789.6,0.0179,0.0171,0.0008
2,2020,25119436462.3,25063116813.0,56319649.3,0.1295,0.1314,-0.0020
5,2020,8559455091.9,8514093550.7,45361541.2,0.0465,0.0515,-0.0051
7,2020,12728610435.0,13042793643.8,-314183208.8,0.1280,0.1065,0.0215
9,2020,11576796968.4,11624632173.8,-47835205.5,0.1244,0.1208,0.0036
10,2020,3993040162.3,3999038384.6,-5998222.2,0.0743,0.0729,0.0014
11,2020,9402047667.3,9514483770.0,-112436102.7,0.1257,0.1153,0.0105
13,2020,8063056559.9,8014101398.1,48955161.7,0.1765,0.1815,-0.0050
15,2020,1881471275.5,1888005075.2,-6533799.7,0.1142,0.1111,0.0031
16,2020,8450563622.6,8482146281.6,-31582659.0,0.0870,0.0836,0.0034
17,2020,7196145974.7,7244520842.9,-48374868.2,0.1441,0.1383,0.0058
18,2020,7033250092.4,7114140754.9,-80890662.5,0.0977,0.0873,0.0104
20,2020,7761167352.2,7804112164.6,-42944812.5,0.1126,0.1076,0.0049
22,2020,6127867890.5,6108894776.9,18973113.6,0.1817,0.1842,-0.0025
23,2020,3429255158.4,3438052428.9,-8797270.6,0.1105,0.1082,0.0023
25,2020,3351904788.5,3291649466.6,60255321.9,0.1498,0.1651,-0.0153
26,2020,6337323769.2,6416769695.4,-79445926.2,0.0881,0.0767,0.0114
27,2020,6468932541.4,6464233174.3,4699367.0,0.0999,0.1006,-0.0007
29,2020,5639706116.2,5611521655.8,28184460.4,0.1325,0.1368,-0.0043
30,2020,5338076922.8,5417173710.6,-79096787.9,0.1439,0.1313,0.0127
31,2020,2476630767.1,2440740987.1,35889780.0,0.1634,0.1755,-0.0121
36,2020,4738065020.6,4807243279.7,-69178259.1,0.1440,0.1315,0.0125
43,2020,5101935418.7,5126830963.9,-24895545.2,0.0798,0.0753,0.0045
48,2020,4848336430.1,4841084490.2,7251939.9,0.0640,0.0654,-0.0014
49,2020,4104704707.1,4144898825.4,-40194118.3,0.1698,0.1617,0.0081
51,2020,4094328489.0,4085768199.4,8560289.6,0.0948,0.0967,-0.0019
55,2020,3837137974.8,3852167985.3,-15030010.6,0.1344,0.1310,0.0034
58,2020,77684739.5,77687273.3,-2533.8,0.0003,0.0002,0.0000
59,2020,3395448110.1,3539350087.0,-143901976.9,0.1760,0.1410,0.0349
60,2020,3881244689.6,3883818769.5,-2574079.8,0.0658,0.0652,0.0006
61,2020,3638409496.2,3632008113.1,6401383.1,0.1207,0.1223,-0.0015
65,2020,3394732045.4,3390390752.7,4341292.7,0.1194,0.1205,-0.0011
67,2020,2866944567.8,2836494379.6,30450188.2,0.1857,0.1943,-0.0086
68,2020,3512592342.0,3392196912.1,120395429.9,0.0642,0.0962,-0.0321
73,2020,3129305185.2,3113234193.6,16070991.6,0.0749,0.0797,-0.0048
80,2020,2858158700.6,2863573639.0,-5414938.4,0.0612,0.0594,0.0018
83,2020,1913129339.3,2051802629.6,-138673290.4,0.2183,0.1616,0.0567
84,2020,2227845096.6,2256214210.4,-28369113.8,0.1070,0.0956,0.0114
87,2020,2613666450.0,2632603244.2,-18936794.1,0.0728,0.0661,0.0067
96,2020,1900219454.4,1885931891.6,14287562.8,0.1592,0.1655,-0.0063
99,2020,1331788673.3,1337806113.0,-6017439.6,0.3032,0.3001,0.0031
100,2020,1721127418.6,1749197431.4,-28070012.8,0.1254,0.1112,0.0143
102,2020,1618075221.7,1594999379.0,23075842.8,0.1475,0.1597,-0.0122
113,2020,1495210208.0,1504961075.1,-9750867.1,0.0913,0.0854,0.0059
116,2020,1579678122.1,1539359401.2,40318720.9,0.0642,0.0881,-0.0239
121,2020,1327347457.8,1263482936.8,63864521.1,0.1223,0.1645,-0.0422
122,2020,1174826813.2,1171208665.2,3618147.9,0.1624,0.1650,-0.0026
123,2020,1218442593.3,1237723995.6,-19281402.2,0.1209,0.1070,0.0139
128,2020,1024878889.3,996008664.3,28870224.9,0.1521,0.1760,-0.0239
137,2020,799808994.9,815820123.8,-16011128.9,0.1020,0.0840,0.0180
142,2020,687170424.7,679788195.5,7382229.2,0.1298,0.1392,-0.0093
144,2020,738321905.3,728418475.4,9903429.8,0.0436,0.0564,-0.0128
148,2020,436819945.9,438629378.4,-1809432.4,0.0741,0.0703,0.0038
149,2020,354414627.5,354737959.6,-323332.2,0.0757,0.0748,0.0008
150,2020,417664192.1,417617765.4,46426.6,0.0663,0.0664,-0.0001
152,2020,453070560.5,451184310.1,1886250.3,0.0434,0.0473,-0.0040
153,2020,334969482.5,331106723.5,3862759.0,0.1828,0.1922,-0.0094
154,2020,442049480.4,449539795.9,-7490315.4,0.0611,0.0452,0.0159
157,2020,285510206.3,282689510.3,2820696.1,0.0640,0.0733,-0.0092
158,2020,301457234.6,293683224.2,7774010.4,0.0336,0.0585,-0.0249
162,2020,209115480.2,207936278.3,1179201.9,0.0132,0.0188,-0.0056
163,2020,221105845.4,220741490.5,364354.9,0.0646,0.0661,-0.0015
164,2020,244148018.3,244367770.5,-219752.1,0.0171,0.0162,0.0009
170,2020,105958290.4,106071437.8,-113147.4,0.0072,0.0061,0.0011
2,2021,21691479738.1,21680779475.2,10700263.0,0.1683,0.1687,-0.0004
5,2021,14215420068.6,14120746204.0,94673864.6,0.0637,0.0700,-0.0062
7,2021,11317935593.5,11661936067.2,-344000473.7,0.1467,0.1207,0.0259
9,2021,8982533983.7,9081055123.9,-98521140.2,0.1544,0.1452,0.0093
10,2021,7784896812.5,7824385885.0,-39489072.5,0.0761,0.0714,0.0047
11,2021,8631271312.4,8738714513.6,-107443201.2,0.1361,0.1253,0.0108
13,2021,6200912960.0,6185465280.1,15447679.8,0.2024,0.2044,-0.0020
15,2021,1617877026.0,1633089226.7,-15212200.8,0.1462,0.1382,0.0080
16,2021,7579994844.6,7606333701.9,-26338857.3,0.0972,0.0941,0.0031
17,2021,6230863073.1,6280862680.5,-49999607.4,0.1769,0.1703,0.0066
18,2021,6360291306.6,6419517066.1,-59225759.6,0.1058,0.0975,0.0083
20,2021,6937301428.5,7001640899.6,-64339471.1,0.1270,0.1189,0.0081
22,2021,5469440932.4,5469762014.3,-321081.9,0.2014,0.2014,0.0000
23,2021,3043052939.5,3068236201.4,-25183261.9,0.1282,0.1210,0.0072
25,2021,6185413879.8,6119845279.8,65568600.0,0.1144,0.1237,-0.0094
26,2021,5656224991.4,5753706684.5,-97481693.2,0.1125,0.0972,0.0153
27,2021,5885891089.6,5882248201.0,3642888.6,0.1139,0.1145,-0.0005
29,2021,5179440566.8,5147431036.4,32009530.4,0.1448,0.1501,-0.0053
30,2021,4573287940.6,4649053737.9,-75765797.3,0.1700,0.1562,0.0138
31,2021,2139985794.0,2110410480.1,29575313.8,0.1987,0.2098,-0.0111
36,2021,3857352721.5,3900553335.4,-43200613.8,0.1749,0.1657,0.0092
40,2021,227547808.5,227873262.6,-325454.1,0.0082,0.0068,0.0014
43,2021,4366190840.7,4397955102.4,-31764261.6,0.0949,0.0883,0.0066
48,2021,4393044405.8,4366757365.9,26287039.8,0.0786,0.0841,-0.0055
49,2021,3561468478.1,3619216718.5,-57748240.4,0.2123,0.1996,0.0128
51,2021,3579209332.1,3573578035.5,5631296.5,0.1137,0.1151,-0.0014
53,2021,3706873872.3,3718125207.7,-11251335.4,0.0668,0.0639,0.0028
54,2021,3044303621.2,3070391187.8,-26087566.6,0.1868,0.1799,0.0070
55,2021,3379247233.8,3377333630.1,1913603.7,0.1530,0.1535,-0.0005
58,2021,69857668.3,69862716.8,-5048.5,0.0004,0.0003,0.0001
59,2021,3076952518.0,3190495422.9,-113542905.0,0.1900,0.1601,0.0299
60,2021,3546703276.4,3557731056.2,-11027779.9,0.0775,0.0746,0.0029
61,2021,3310310924.1,3318150307.1,-7839383.0,0.1405,0.1384,0.0020
65,2021,3018783515.4,3013445789.5,5337725.9,0.1352,0.1367,-0.0015
67,2021,2377282412.2,2350077325.6,27205086.6,0.2131,0.2221,-0.0090
68,2021,3211030714.9,3102078731.0,108951983.9,0.0757,0.1071,-0.0314
73,2021,2761235384.6,2757763735.3,3471649.3,0.0944,0.0955,-0.0011
80,2021,2295912670.7,2294744612.0,1168058.6,0.0737,0.0742,-0.0005
83,2021,1408246892.1,1529309618.1,-121062726.0,0.2637,0.2004,0.0633
84,2021,1721993820.2,1748594641.0,-26600820.8,0.1207,0.1071,0.0136
87,2021,2337443275.2,2365204522.8,-27761247.6,0.0967,0.0859,0.0107
93,2021,83019621.1,83041032.6,-21411.4,0.0004,0.0001,0.0003
96,2021,1629111044.0,1604014785.5,25096258.5,0.1839,0.1965,-0.0126
99,2021,1077960881.4,1099455109.7,-21494228.3,0.3516,0.3387,0.0129
100,2021,1443131487.5,1491203079.6,-48071592.1,0.1565,0.1284,0.0281
102,2021,1368751126.8,1343841402.6,24909724.2,0.1715,0.1866,-0.0151
113,2021,1288868692.9,1295776372.6,-6907679.7,0.1100,0.1052,0.0048
116,2021,1337509690.0,1302613462.0,34896228.0,0.0766,0.1007,-0.0241
121,2021,1196486966.6,1116957359.8,79529606.9,0.1238,0.1821,-0.0582
122,2021,1019865939.7,1027857903.0,-7991963.2,0.1935,0.1872,0.0063
123,2021,929561408.7,946929634.3,-17368225.6,0.1410,0.1249,0.0161
128,2021,830696993.3,814244280.9,16452712.3,0.1845,0.2007,-0.0162
137,2021,731024944.8,745346897.7,-14321952.8,0.1088,0.0913,0.0175
142,2021,606433893.2,602891384.8,3542508.4,0.1437,0.1487,-0.0050
144,2021,674707832.6,671617997.7,3089834.9,0.0562,0.0605,-0.0043
148,2021,387283608.8,388871113.4,-1587504.6,0.0832,0.0794,0.0038
149,2021,296828230.9,297434640.3,-606409.4,0.0835,0.0816,0.0019
150,2021,389611973.6,387536201.3,2075772.3,0.0690,0.0739,-0.0050
152,2021,401135173.5,401328979.4,-193805.9,0.0534,0.0530,0.0005
153,2021,290155245.6,284892873.6,5262372.0,0.1935,0.2082,-0.0146
154,2021,399025524.0,401723912.1,-2698388.1,0.0551,0.0487,0.0064
155,2021,35072862.4,35356471.6,-283609.2,0.0149,0.0069,0.0080
157,2021,252195921.9,252061827.3,134094.6,0.0754,0.0759,-0.0005
158,2021,243062623.2,241125050.0,1937573.1,0.0569,0.0644,-0.0075
161,2021,213405201.2,214263564.0,-858362.8,0.0194,0.0154,0.0039
162,2021,175508454.0,175032739.2,475714.8,0.0176,0.0203,-0.0027
163,2021,198522408.8,198811097.8,-288689.0,0.0810,0.0796,0.0013
164,2021,229230552.4,229309580.6,-79028.2,0.0180,0.0176,0.0003
170,2021,100268130.1,100434805.7,-166675.5,0.0071,0.0054,0.0017
2,2022,21298786044.0,21344768452.2,-45982408.1,0.1647,0.1629,0.0018
5,2022,15841871180.4,15774136278.7,67734901.7,0.0594,0.0634,-0.0040
7,2022,12057305227.9,12383372480.8,-326067252.9,0.1391,0.1158,0.0233
9,2022,10597226367.4,10710368058.1,-113141690.7,0.1427,0.1335,0.0092
10,2022,9032937257.4,9076947679.8,-44010422.3,0.0629,0.0584,0.0046
11,2022,10711660023.2,10792090586.4,-80430563.3,0.1365,0.1300,0.0065
13,2022,7065048385.4,7032557998.9,32490386.5,0.1977,0.2014,-0.0037
15,2022,5149816963.2,5143707241.1,6109722.1,0.0928,0.0939,-0.0011
16,2022,8207360960.0,8224376687.2,-17015727.2,0.0907,0.0889,0.0019
17,2022,6222513726.4,6292651961.0,-70138234.6,0.1777,0.1685,0.0093
18,2022,6685991920.4,6749999420.0,-64007499.5,0.1019,0.0933,0.0086
20,2022,7573497104.5,7625906056.4,-52408951.9,0.1172,0.1111,0.0061
22,2022,5629970606.6,5694753037.4,-64782430.8,0.1975,0.1882,0.0092
23,2022,3277608065.3,3288443149.1,-10835083.8,0.1177,0.1148,0.0029
25,2022,6346737461.5,6286199043.0,60538418.5,0.1030,0.1115,-0.0086
26,2022,5649047843.0,5741430134.2,-92382291.1,0.1086,0.0940,0.0146
27,2022,6600291958.4,6578155540.3,22136418.1,0.1033,0.1063,-0.0030
29,2022,5297256095.3,5258817477.2,38438618.1,0.1334,0.1397,-0.0063
30,2022,4842695706.9,4923421751.4,-80726044.5,0.1708,0.1569,0.0138
31,2022,2190021259.9,2166430878.6,23590381.3,0.1923,0.2010,-0.0087
36,2022,3924123161.0,3956135839.2,-32012678.3,0.1791,0.1724,0.0067
40,2022,3825928232.7,3829132444.0,-3204211.3,0.0279,0.0271,0.0008
43,2022,4718287198.4,4740236739.7,-21949541.3,0.0839,0.0797,0.0043
48,2022,4358493630.4,4359479624.0,-985993.6,0.0788,0.0786,0.0002
49,2022,3472423755.8,3577249103.6,-104825347.9,0.2235,0.2001,0.0234
51,2022,3787124003.9,3790999828.8,-3875824.8,0.1140,0.1131,0.0009
53,2022,3998564413.4,4015911323.7,-17346910.3,0.0663,0.0622,0.0041
54,2022,3140471367.8,3175195177.3,-34723809.5,0.1831,0.1740,0.0090
55,2022,3553329838.8,3575144573.9,-21814735.0,0.1539,0.1487,0.0052
58,2022,2369265468.7,2364469787.3,4795681.4,0.1329,0.1347,-0.0018
59,2022,3435521925.4,3556074213.1,-120552287.7,0.1786,0.1497,0.0288
60,2022,3946980172.7,3937155758.4,9824414.4,0.0655,0.0678,-0.0023
61,2022,3629756675.1,3619775003.1,9981672.0,0.1270,0.1294,-0.0024
65,2022,3221977445.2,3229507213.8,-7529768.6,0.1327,0.1307,0.0020
67,2022,2660277401.0,2626655285.0,33622116.0,0.2076,0.2176,-0.0100
68,2022,3551409751.5,3425120863.5,126288888.0,0.0648,0.0981,-0.0333
73,2022,2910405002.6,2912912790.8,-2507788.2,0.0904,0.0896,0.0008
80,2022,2659453935.3,2656680410.9,2773524.5,0.0663,0.0672,-0.0010
83,2022,1739220884.4,1875616136.6,-136395252.2,0.2370,0.1772,0.0598
84,2022,1983206397.2,2015166199.0,-31959801.7,0.1185,0.1043,0.0142
87,2022,2318613348.6,2338491902.7,-19878554.0,0.0930,0.0852,0.0078
93,2022,99248651.2,99279583.9,-30932.7,0.0004,0.0001,0.0003
96,2022,1636389057.5,1613212659.6,23176397.9,0.1844,0.1960,-0.0116
99,2022,1173767965.0,1201734090.6,-27966125.6,0.3390,0.3232,0.0158
100,2022,1546096059.8,1547120041.0,-1023981.2,0.1214,0.1208,0.0006
102,2022,1360203839.6,1338672262.1,21531577.5,0.1762,0.1893,-0.0130
113,2022,1297581603.1,1314298754.3,-16717151.2,0.1135,0.1021,0.0114
116,2022,1486190450.8,1449393743.9,36796706.9,0.0767,0.0996,-0.0229
121,2022,1254124757.1,1178630480.0,75494277.1,0.1227,0.1755,-0.0528
122,2022,1067969768.8,1066764336.8,1205432.1,0.1844,0.1853,-0.0009
123,2022,1098164244.1,1127265830.2,-29101586.1,0.1404,0.1176,0.0228
127,2022,406918949.4,409972767.5,-3053818.1,0.0306,0.0233,0.0073
128,2022,965197500.8,942663752.0,22533748.7,0.1787,0.1978,-0.0192
137,2022,757179287.8,766752666.2,-9573378.5,0.0973,0.0859,0.0114
142,2022,648668009.7,644016545.9,4651463.8,0.1310,0.1372,-0.0062
144,2022,651251400.6,646372924.4,4878476.2,0.0547,0.0618,-0.0071
148,2022,384657653.7,386784841.0,-2127187.3,0.0879,0.0828,0.0050
149,2022,329739628.6,322563108.3,7176520.3,0.0599,0.0804,-0.0205
150,2022,440063831.1,439286950.5,776880.6,0.0663,0.0680,-0.0016
152,2022,441619160.0,440630242.2,988917.8,0.0494,0.0515,-0.0021
153,2022,323385075.5,314581253.1,8803822.4,0.1709,0.1935,-0.0226
154,2022,430118855.0,428178513.5,1940341.5,0.0411,0.0454,-0.0043
155,2022,143994805.1,142120941.2,1873863.9,0.1261,0.1375,-0.0114
157,2022,267460967.8,263755336.5,3705631.3,0.0637,0.0766,-0.0130
158,2022,278128717.9,271610825.5,6517892.4,0.0385,0.0610,-0.0225
161,2022,248543955.7,249846516.8,-1302561.1,0.0182,0.0130,0.0051
162,2022,204215623.4,204222656.6,-7033.1,0.0198,0.0198,0.0000
163,2022,190671816.9,189985603.4,686213.5,0.0785,0.0819,-0.0033
164,2022,258449090.3,259073060.1,-623969.9,0.0171,0.0148,0.0024
170,2022,96446978.8,96445223.6,1755.1,0.0063,0.0063,-0.0000
2,2023,24802794974.8,24739390768.3,63404206.5,0.1372,0.1394,-0.0022
5,2023,15548645831.1,15429289392.5,119356438.5,0.0618,0.0690,-0.0072
7,2023,12086749101.2,12405649068.1,-318899966.9,0.1361,0.1133,0.0228
9,2023,10589441548.0,10682920479.6,-93478931.6,0.1485,0.1410,0.0075
10,2023,7952665984.1,7985938306.4,-33272322.4,0.0724,0.0685,0.0039
11,2023,10447947678.2,10533408063.5,-85460385.4,0.1375,0.1304,0.0071
13,2023,7273493089.6,7195211597.1,78281492.5,0.1938,0.2025,-0.0087
15,2023,8078779562.4,8071410073.2,7369489.2,0.0805,0.0813,-0.0008
16,2023,7994612857.4,8033031390.7,-38418533.3,0.0941,0.0897,0.0044
17,2023,6905304111.2,7008046118.7,-102742007.4,0.1653,0.1529,0.0124
18,2023,6693505503.4,6767456480.2,-73950976.8,0.1008,0.0909,0.0099
20,2023,7263598380.2,7308637893.7,-45039513.6,0.1215,0.1161,0.0054
22,2023,5992728731.1,6001422589.6,-8693858.5,0.1801,0.1789,0.0012
23,2023,3269995786.0,3274899561.8,-4903775.7,0.1165,0.1152,0.0013
25,2023,6739950370.6,6698415374.3,41534996.3,0.1022,0.1077,-0.0055
26,2023,6227960741.4,6306892331.9,-78931590.6,0.0952,0.0837,0.0115
27,2023,6161486197.6,6152999350.4,8486847.2,0.1067,0.1079,-0.0012
29,2023,5648458374.8,5601758887.4,46699487.4,0.1249,0.1321,-0.0072
30,2023,4873073201.6,4946646430.9,-73573229.4,0.1652,0.1526,0.0126
31,2023,5606198399.9,5579113831.5,27084568.3,0.1110,0.1153,-0.0043
36,2023,4481471292.4,4538198761.9,-56727469.5,0.1679,0.1574,0.0105
40,2023,5128265861.1,5150659265.1,-22393404.0,0.0524,0.0482,0.0041
43,2023,4695071906.7,4718964945.4,-23893038.6,0.0873,0.0826,0.0046
48,2023,4780883125.9,4745884032.0,34999093.9,0.0677,0.0746,-0.0068
49,2023,3983544131.9,4056164873.4,-72620741.5,0.1920,0.1773,0.0147
51,2023,3808624144.7,3796967118.7,11657026.0,0.1091,0.1118,-0.0027
53,2023,3964886495.3,3972245699.3,-7359204.1,0.0652,0.0635,0.0017
54,2023,3424339428.3,3473836969.1,-49497540.8,0.1706,0.1586,0.0120
55,2023,3593059611.3,3601738126.9,-8678515.5,0.1462,0.1441,0.0021
58,2023,2655704450.2,2663629142.0,-7924691.8,0.1209,0.1183,0.0026
59,2023,3229931638.8,3346483331.4,-116551692.6,0.1810,0.1515,0.0296
60,2023,3682829269.3,3678528816.0,4300453.3,0.0690,0.0701,-0.0011
61,2023,3437170778.3,3438781752.5,-1610974.2,0.1304,0.1300,0.0004
65,2023,3231560430.3,3229173803.6,2386626.6,0.1269,0.1275,-0.0006
67,2023,2579879141.9,2540516283.5,39362858.4,0.2080,0.2201,-0.0121
68,2023,3304649003.6,3198470214.0,106178789.6,0.0712,0.1010,-0.0298
69,2023,1917279012.4,1885465093.3,31813919.1,0.0681,0.0836,-0.0155
73,2023,2940822133.9,2929462271.7,11359862.2,0.0848,0.0884,-0.0035
75,2023,2411543020.1,2462354636.1,-50811615.9,0.0807,0.0613,0.0194
80,2023,2688156224.4,2684699373.8,3456850.6,0.0692,0.0704,-0.0012
83,2023,1652885341.5,1781803923.9,-128918582.4,0.2503,0.1918,0.0585
84,2023,1999560382.6,2037658106.7,-38097724.1,0.1231,0.1064,0.0167
87,2023,2577717951.6,2598625854.1,-20907902.5,0.0796,0.0721,0.0075
93,2023,1329514879.9,1320108523.7,9406356.2,0.0456,0.0523,-0.0068
95,2023,147266691.0,147207365.0,59326.0,0.0028,0.0032,-0.0004
96,2023,1815145312.7,1782434344.4,32710968.3,0.1738,0.1886,-0.0149
99,2023,1271474023.6,1301507828.2,-30033804.6,0.3126,0.2963,0.0162
100,2023,1718074086.3,1733642288.0,-15568201.7,0.1194,0.1114,0.0080
102,2023,1525916126.5,1500230863.8,25685262.7,0.1679,0.1819,-0.0140
113,2023,1484359090.8,1494446621.0,-10087530.2,0.0940,0.0878,0.0062
116,2023,1438704841.5,1404154959.8,34549881.6,0.0788,0.1009,-0.0221
121,2023,1286788169.6,1218483809.2,68304360.4,0.1198,0.1665,-0.0467
122,2023,1100390575.3,1100327381.9,63193.4,0.1791,0.1792,-0.0000
123,2023,1090506087.9,1117897600.1,-27391512.2,0.1447,0.1232,0.0215
127,2023,1267308749.8,1269272791.2,-1964041.3,0.0465,0.0450,0.0015
128,2023,884057717.1,864629916.7,19427800.4,0.1839,0.2018,-0.0179
129,2023,241172031.7,242085428.8,-913397.2,0.0077,0.0040,0.0038
134,2023,615283860.4,627921646.8,-12637786.4,0.1026,0.0841,0.0184
136,2023,1003061065.7,1009855286.6,-6794220.9,0.0167,0.0100,0.0067
137,2023,792908978.6,806534464.7,-13625486.1,0.0970,0.0815,0.0155
140,2023,948604776.1,955380012.1,-6775236.0,0.0179,0.0109,0.0070
142,2023,669577491.2,664091718.7,5485772.5,0.1240,0.1312,-0.0072
144,2023,688331431.3,682854644.4,5476787.0,0.0532,0.0607,-0.0075
148,2023,361756847.9,363175956.9,-1419109.0,0.0844,0.0808,0.0036
149,2023,348458928.2,341749870.8,6709057.4,0.0561,0.0743,-0.0182
150,2023,387624963.6,385256639.1,2368324.5,0.0720,0.0776,-0.0057
152,2023,414596267.8,414425035.1,171232.7,0.0501,0.0505,-0.0004
153,2023,325692966.2,318038878.6,7654087.7,0.1653,0.1849,-0.0196
154,2023,430353823.7,429602542.2,751281.5,0.0416,0.0433,-0.0017
155,2023,141457950.4,139773419.9,1684530.5,0.1253,0.1357,-0.0104
157,2023,270494359.1,270607072.0,-112712.9,0.0694,0.0690,0.0004
158,2023,287744191.0,280013045.1,7731145.9,0.0379,0.0638,-0.0258
161,2023,218750081.9,220308692.8,-1558610.9,0.0230,0.0160,0.0070
162,2023,183659153.3,183008013.4,651140.0,0.0179,0.0214,-0.0035
163,2023,199009846.4,197960993.6,1048852.7,0.0750,0.0799,-0.0049
164,2023,231380475.2,231617932.6,-237457.4,0.0189,0.0179,0.0010
167,2023,117850012.8,117448427.9,401584.9,0.0027,0.0061,-0.0034
170,2023,100352442.7,100701998.6,-349555.9,0.0093,0.0058,0.0035
2,2024,23268457495.5,23273265805.1,-4808309.6,0.1485,0.1483,0.0002
5,2024,16574088196.7,16465065128.5,109023068.2,0.0577,0.0639,-0.0062
7,2024,12457500176.2,12775179410.0,-317679233.8,0.1382,0.1163,0.0220
9,2024,10473253417.8,10567263640.7,-94010222.9,0.1457,0.1380,0.0077
10,2024,11829527081.4,11919230321.0,-89703239.6,0.0664,0.0593,0.0071
11,2024,10854701676.7,10965748470.4,-111046793.7,0.1386,0.1297,0.0088
13,2024,7078254948.0,7042824231.4,35430716.7,0.2004,0.2044,-0.0040
15,2024,7743289243.6,7730274601.0,13014642.6,0.0871,0.0887,-0.0015
16,2024,8389798983.5,8410158657.3,-20359673.8,0.0905,0.0883,0.0022
17,2024,6633315006.2,6673041339.4,-39726333.2,0.1618,0.1568,0.0050
18,2024,7961399103.3,8033819342.5,-72420239.3,0.1003,0.0921,0.0082
20,2024,7693237647.0,7740688205.1,-47450558.1,0.1157,0.1103,0.0055
22,2024,5918668303.6,5926733811.2,-8065507.7,0.1889,0.1878,0.0011
23,2024,7095018532.8,7110403933.7,-15385400.9,0.1113,0.1094,0.0019
25,2024,6692215287.8,6644921639.9,47293647.9,0.1017,0.1081,-0.0063
26,2024,6018339019.9,6104585860.6,-86246840.7,0.0989,0.0860,0.0129
27,2024,6441546027.6,6447711478.3,-6165450.7,0.1025,0.1016,0.0009
29,2024,5588764323.1,5552176625.3,36587697.8,0.1276,0.1333,-0.0057
30,2024,5073612339.3,5151217442.6,-77605103.3,0.1676,0.1548,0.0127
31,2024,5550063313.8,5513921057.9,36142255.9,0.1181,0.1238,-0.0057
36,2024,4032116089.7,4073584176.2,-41468086.5,0.1744,0.1659,0.0085
40,2024,5699383365.5,5717959910.5,-18576545.0,0.0430,0.0399,0.0031
43,2024,4797212745.4,4814286542.3,-17073796.9,0.0836,0.0803,0.0033
48,2024,4690557046.8,4667170671.9,23386375.0,0.0719,0.0765,-0.0046
49,2024,3708066039.3,3795113755.7,-87047716.5,0.2018,0.1830,0.0187
51,2024,3980916963.3,3972345715.3,8571248.0,0.1111,0.1131,-0.0019
53,2024,4171138582.0,4183092040.1,-11953458.2,0.0657,0.0630,0.0027
54,2024,3316172064.9,3366658605.2,-50486540.3,0.1866,0.1742,0.0124
55,2024,3770926285.6,3768364546.7,2561738.9,0.1489,0.1495,-0.0006
58,2024,2244859635.9,2241460411.6,3399224.4,0.1339,0.1352,-0.0013
59,2024,3397818853.3,3524933292.3,-127114439.1,0.1731,0.1422,0.0309
60,2024,3901848771.7,3906546730.8,-4697959.1,0.0666,0.0655,0.0011
61,2024,3636988085.6,3628785291.9,8202793.7,0.1232,0.1252,-0.0020
65,2024,3343112265.7,3338976964.5,4135301.2,0.1290,0.1301,-0.0011
67,2024,2721337347.1,2680451830.0,40885517.1,0.2052,0.2172,-0.0119
68,2024,3547565093.6,3421921406.8,125643686.8,0.0618,0.0951,-0.0332
69,2024,2641083245.4,2595350787.7,45732457.7,0.1086,0.1240,-0.0154
73,2024,3080662743.0,3077229356.0,3433387.0,0.0893,0.0903,-0.0010
75,2024,2049068991.0,2106647713.8,-57578722.8,0.0965,0.0711,0.0254
80,2024,2652335297.7,2651558621.3,776676.3,0.0685,0.0687,-0.0003
83,2024,1745010916.0,1873890930.3,-128880014.3,0.2378,0.1816,0.0563
84,2024,1954830297.7,1990942882.1,-36112584.4,0.1213,0.1050,0.0162
87,2024,2459155345.3,2481239331.6,-22083986.4,0.0837,0.0755,0.0082
93,2024,1776321768.3,1764334382.8,11987385.5,0.0442,0.0507,-0.0064
95,2024,2245566700.9,2237741424.3,7825276.6,0.0796,0.0829,-0.0032
96,2024,1732297301.0,1704110278.1,28187022.9,0.1765,0.1899,-0.0134
99,2024,1250505450.9,1275725858.7,-25220407.7,0.3239,0.3103,0.0136
100,2024,1631813110.8,1633558319.2,-1745208.3,0.1252,0.1242,0.0009
102,2024,1440702441.6,1417206572.1,23495869.5,0.1699,0.1834,-0.0135
113,2024,1425431633.9,1436603394.0,-11171760.1,0.1055,0.0985,0.0070
116,2024,1513348598.7,1480839742.5,32508856.2,0.0782,0.0980,-0.0198
121,2024,1297974049.5,1228102734.5,69871315.0,0.1279,0.1748,-0.0469
122,2024,1110258887.3,1114139906.6,-3881019.2,0.1870,0.1842,0.0028
123,2024,1085802448.1,1112132645.9,-26330197.9,0.1414,0.1206,0.0208
127,2024,1251784422.3,1258184943.8,-6400521.5,0.0499,0.0451,0.0049
128,2024,947882512.2,927555243.8,20327268.4,0.1745,0.1922,-0.0177
129,2024,1149798568.6,1152584538.7,-2785970.1,0.0130,0.0106,0.0024
134,2024,699356734.2,714535919.4,-15179185.2,0.1302,0.1113,0.0189
136,2024,1048838169.5,1059335341.4,-10497171.9,0.0188,0.0090,0.0098
137,2024,777899404.6,789704083.9,-11804679.3,0.0987,0.0851,0.0137
140,2024,984118378.3,997733426.6,-13615048.3,0.0238,0.0103,0.0135
142,2024,662789481.4,655346709.0,7442772.4,0.1337,0.1435,-0.0097
144,2024,690383924.2,688355250.2,2028674.0,0.0540,0.0568,-0.0028
148,2024,392854802.3,394873208.0,-2018405.7,0.0793,0.0746,0.0047
149,2024,345586390.2,338381837.1,7204553.1,0.0564,0.0761,-0.0197
150,2024,436456677.6,434529755.4,1926922.2,0.0664,0.0705,-0.0041
152,2024,435677154.5,433909409.9,1767744.6,0.0473,0.0512,-0.0039
153,2024,325648620.1,316060594.0,9588026.1,0.1714,0.1958,-0.0244
154,2024,435461367.0,435840657.7,-379290.7,0.0423,0.0415,0.0008
155,2024,132856103.2,131003904.9,1852198.3,0.1239,0.1361,-0.0122
157,2024,276998718.6,276204936.9,793781.7,0.0653,0.0680,-0.0027
158,2024,277800903.0,271262441.2,6538461.8,0.0403,0.0628,-0.0226
161,2024,244716369.9,246113214.2,-1396844.3,0.0199,0.0143,0.0056
162,2024,198528278.5,198164924.3,363354.2,0.0185,0.0203,-0.0018
163,2024,205115726.8,205159763.1,-44036.4,0.0711,0.0709,0.0002
164,2024,259400825.1,259217769.1,183056.0,0.0155,0.0162,-0.0007
167,2024,122837565.5,122332036.3,505529.2,0.0022,0.0063,-0.0041
170,2024,111067949.7,111182968.0,-115018.2,0.0067,0.0057,0.0010
160,2018,226536732.7,227796626.9,-1259894.2,0.0319,0.0266,0.0054
160,2019,222520519.4,222508444.8,12074.6,0.0272,0.0272,-0.0001
160,2020,223426201.6,225371355.6,-1945154.0,0.0349,0.0265,0.0084
160,2021,217486245.7,217445917.2,40328.5,0.0285,0.0287,-0.0002
160,2022,225397617.1,227681399.2,-2283782.2,0.0361,0.0263,0.0098
117,2023,304676789.8,307071381.7,-2394591.9,0.0111,0.0033,0.0078
146,2023,422425087.9,428390313.5,-5965225.6,0.0214,0.0076,0.0138
160,2023,208095619.0,207778674.3,316944.7,0.0277,0.0292,-0.0015
117,2024,1444985709.6,1473014083.8,-28028374.2,0.0312,0.0124,0.0188
138,2024,449362482.0,453012963.8,-3650481.8,0.0116,0.0035,0.0080
146,2024,529416221.4,537542792.4,-8126571.0,0.0236,0.0086,0.0150
156,2024,249591788.4,251648819.1,-2057030.8,0.0125,0.0044,0.0081
160,2024,216492911.2,217183864.5,-690953.3,0.0332,0.0301,0.0031
