farm_id,year,country,farm_label,n_turb,turbine_type,wake_model,AEP_kWh,AEP_noWake_kWh,CF,WakeLoss,precompute_time_s
152,2024,Denmark,Small (10t),10,ow_6MW,gauss,250494345.3921148,264778394.9257808,0.3040348894187581,0.0539471868075563,1.142214899999999
152,2024,Denmark,Small (10t),10,ow_6MW,jensen,249795766.7379179,264778394.9257808,0.30318699689029965,0.0565855389827506,0.45297310000000834
152,2024,Denmark,Small (10t),10,ow_8MW,gauss,310812432.7517825,331526506.15799737,0.37697080988694054,0.06248089676528933,1.2108499999999367
152,2024,Denmark,Small (10t),10,ow_8MW,jensen,310488361.90764874,331526506.15799737,0.3765777585295922,0.06345840787862182,0.46129450000012184
152,2024,Denmark,Small (10t),10,ow_10MW,gauss,413288205.0834396,447593400.48374426,0.5009554001011389,0.07664365775551817,1.0737448999998378
152,2024,Denmark,Small (10t),10,ow_10MW,jensen,416607302.638031,447593400.48374426,0.5049785486521587,0.06922822770001635,0.44715980000000854
152,2024,Denmark,Small (10t),10,ow_12MW,gauss,507040879.60165983,554197964.416165,0.6133311716483124,0.08509068571585982,1.0488146000000143
152,2024,Denmark,Small (10t),10,ow_12MW,jensen,512260648.08457494,554197964.416165,0.6196451531203278,0.07567208655443199,0.45448129999999765
152,2024,Denmark,Small (10t),10,ow_15MW,gauss,620377001.1817998,686417898.9332429,0.7497003035429605,0.09621092027768627,1.0738949999999932
152,2024,Denmark,Small (10t),10,ow_15MW,jensen,626001790.5827157,686417898.9332429,0.7564976321241278,0.088016510706407,0.4696440000000166
50,2024,China,Medium (100t),100,ow_6MW,gauss,1626408210.8179104,1766855551.2368853,0.21040209713038946,0.07948999584072103,26.74724470000001
50,2024,China,Medium (100t),100,ow_6MW,jensen,1597358113.8250291,1766855551.2368853,0.20664399920116808,0.09593168909207075,10.603887399999849
50,2024,China,Medium (100t),100,ow_8MW,gauss,1958362564.2304852,2157505883.0872073,0.25259416538507484,0.09230256122025725,32.39296169999989
50,2024,China,Medium (100t),100,ow_8MW,jensen,1911417951.6634529,2157505883.0872073,0.2465391399024188,0.11406130261467634,11.708637100000033
50,2024,China,Medium (100t),100,ow_10MW,gauss,2663284767.3319745,3004377132.074756,0.34276509232071745,0.11353180700960495,29.580097900000055
50,2024,China,Medium (100t),100,ow_10MW,jensen,2593033034.1728973,3004377132.074756,0.3337236852217371,0.13691493438368496,10.963508900000079
50,2024,China,Medium (100t),100,ow_12MW,gauss,3300938410.113119,3773243775.199424,0.42330577200732483,0.12517223726456486,28.126691400000027
50,2024,China,Medium (100t),100,ow_12MW,jensen,3197746570.594939,3773243775.199424,0.41007265588547565,0.15252054701238282,10.797184900000047
50,2024,China,Medium (100t),100,ow_15MW,gauss,3993800260.2361383,4657231022.771095,0.509933638947413,0.14245176142028906,28.002772800000002
50,2024,China,Medium (100t),100,ow_15MW,jensen,3851410818.051158,4657231022.771095,0.4917531688012204,0.17302560271971798,10.63413780000019
42,2024,Taiwan,Medium (111t),111,ow_6MW,gauss,3027303680.9451323,3075622595.3806973,0.3501477228738071,0.01571028724660027,32.20594890000007
42,2024,Taiwan,Medium (111t),111,ow_6MW,jensen,3001587030.0422754,3075622595.3806973,0.3471732519575742,0.024071732809355883,12.185729100000117
42,2024,Taiwan,Medium (111t),111,ow_8MW,gauss,3869585300.3831954,3940458012.154272,0.44670846786623575,0.01798590710837955,33.84711489999995
42,2024,Taiwan,Medium (111t),111,ow_8MW,jensen,3832459517.6570106,3940458012.154272,0.4424226335370878,0.027407599361328583,12.313213000000133
42,2024,Taiwan,Medium (111t),111,ow_10MW,gauss,5040861291.336929,5160185487.544954,0.5814745811372495,0.023124012982873508,32.16939090000005
42,2024,Taiwan,Medium (111t),111,ow_10MW,jensen,4985025233.230097,5160185487.544954,0.5750337674303095,0.03394456550789474,12.138526499999898
42,2024,Taiwan,Medium (111t),111,ow_12MW,gauss,6125867212.167993,6289829879.480937,0.7044676142764149,0.026067901748477066,33.63277119999998
42,2024,Taiwan,Medium (111t),111,ow_12MW,jensen,6054439092.033424,6289829879.480937,0.6962534634238632,0.03742403084945408,11.902447299999949
42,2024,Taiwan,Medium (111t),111,ow_15MW,gauss,7568051723.098656,7800597709.05907,0.8686539196590896,0.029811303522337945,33.62342169999988
42,2024,Taiwan,Medium (111t),111,ow_15MW,jensen,7468018044.598012,7800597709.05907,0.8571721473210006,0.042635151416002756,12.473507899999959
22,2024,Germany,Large (161t),161,ow_6MW,gauss,3549354791.6706123,4230989104.395095,0.2740977487982384,0.16110519216804645,56.52881460000003
22,2024,Germany,Large (161t),161,ow_6MW,jensen,3424641667.8123226,4230989104.395095,0.26446681909366987,0.19058130774790918,19.635733900000105
22,2024,Germany,Large (161t),161,ow_8MW,gauss,4295090958.518929,5303233269.912912,0.33127509739581856,0.1900995600388778,52.85800500000005
22,2024,Germany,Large (161t),161,ow_8MW,jensen,4122824718.4935985,5303233269.912912,0.3179884135994686,0.22258280775921782,18.523649800000157
22,2024,Germany,Large (161t),161,ow_10MW,gauss,5535384082.759028,7150700501.262319,0.4264607739366978,0.22589624865677665,51.16507160000015
22,2024,Germany,Large (161t),161,ow_10MW,jensen,5338786783.898725,7150700501.262319,0.41131439294988104,0.2533896807793496,18.337922200000094
22,2024,Germany,Large (161t),161,ow_12MW,gauss,6658867745.245625,8854342221.602156,0.5111781855036863,0.24795455398145536,51.55901300000005
22,2024,Germany,Large (161t),161,ow_12MW,jensen,6444828870.489446,8854342221.602156,0.49474716332229013,0.27212787701317454,19.198363800000152
22,2024,Germany,Large (161t),161,ow_15MW,gauss,7909764493.179489,10972589948.398003,0.6066054081655269,0.279134230808077,54.767931999999746
22,2024,Germany,Large (161t),161,ow_15MW,jensen,7615035721.19976,10972589948.398003,0.5840024511269132,0.30599468703270416,19.61304949999976
3,2024,China,Mega (441t),441,ow_6MW,gauss,8374398976.823863,9290989490.08,0.23742894274656712,0.09865370251842193,290.7496314
3,2024,China,Mega (441t),441,ow_6MW,jensen,8123748285.618351,9290989490.08,0.23032255472083302,0.1256315278052907,86.21261879999975
3,2024,China,Mega (441t),441,ow_8MW,gauss,10158078082.551506,11458117666.256708,0.28753202675548745,0.11346013556255584,285.1790208000002
3,2024,China,Mega (441t),441,ow_8MW,jensen,9792908181.284819,11458117666.256708,0.2771956185325908,0.14533010861599072,86.76440460000003
3,2024,China,Mega (441t),441,ow_10MW,gauss,13561198610.825895,15764651683.22131,0.38352478496019715,0.139771757516254,278.5282109999998
3,2024,China,Mega (441t),441,ow_10MW,jensen,12990029541.176765,15764651683.22131,0.3673715303033245,0.17600275589962067,85.30733409999993
3,2024,China,Mega (441t),441,ow_12MW,gauss,16636553743.936604,19705061491.677303,0.4691532354714008,0.15572180523449394,280.6230753
3,2024,China,Mega (441t),441,ow_12MW,jensen,15883966093.442577,19705061491.677303,0.4479301542588163,0.19391441127187636,88.24071670000012
3,2024,China,Mega (441t),441,ow_15MW,gauss,20062939338.5773,24354237984.58966,0.5644440882321732,0.17620336340343365,283.0774018000002
3,2024,China,Mega (441t),441,ow_15MW,jensen,19032269407.519913,24354237984.58966,0.5354475618664977,0.21852330507886414,84.69299439999986
