lon,lat,R,F75,D
102.0,5.0,,0.0,
103.0,5.0,,0.0,
104.0,5.0,,0.0,
105.0,5.0,,0.0,
106.0,5.0,,0.0,
107.0,5.0,,0.0,
108.0,5.0,,0.0,
101.0,6.0,,0.0,
102.0,6.0,,0.0,
103.0,6.0,,0.0,
104.0,6.0,,0.0,
105.0,6.0,,0.0,
106.0,6.0,,0.0,
107.0,6.0,,0.0,
108.0,6.0,,0.0,
109.0,6.0,,0.0,
110.0,6.0,,0.0,
100.0,7.0,,0.0,
101.0,7.0,,0.0,
102.0,7.0,,0.0,
103.0,7.0,,0.0,
104.0,7.0,,0.0,
105.0,7.0,,0.0,
106.0,7.0,,0.0,
107.0,7.0,,0.0,
108.0,7.0,,0.0,
109.0,7.0,,0.0,
110.0,7.0,,0.0,
111.0,7.0,,0.0,
100.0,8.0,,0.0,
101.0,8.0,,0.0,
102.0,8.0,,0.0,
103.0,8.0,,0.0,
104.0,8.0,86.89,100.0,1.91
105.0,8.0,87.93,100.0,2.59
106.0,8.0,85.56,100.0,2.05
107.0,8.0,86.14,100.0,2.22
108.0,8.0,84.32,100.0,1.99
109.0,8.0,81.37,100.0,2.12
110.0,8.0,80.83,100.0,0.98
111.0,8.0,82.7,100.0,1.64
112.0,8.0,84.56,100.0,1.64
100.0,9.0,,0.0,
101.0,9.0,,0.0,
102.0,9.0,,0.0,
103.0,9.0,,0.0,
104.0,9.0,72.61,30.56,6.2
105.0,9.0,88.63,100.0,1.7
106.0,9.0,88.88,100.0,1.8
107.0,9.0,86.72,100.0,3.61
108.0,9.0,83.73,100.0,1.87
109.0,9.0,78.38,100.0,2.57
110.0,9.0,77.43,97.22,1.43
111.0,9.0,80.08,100.0,1.66
112.0,9.0,82.16,100.0,1.91
100.0,10.0,,0.0,
101.0,10.0,,0.0,
102.0,10.0,,0.0,
103.0,10.0,,0.0,
104.0,10.0,77.88,58.33,10.35
105.0,10.0,89.5,100.0,1.37
106.0,10.0,86.06,91.67,6.6
107.0,10.0,88.3,100.0,3.88
108.0,10.0,82.82,100.0,3.24
109.0,10.0,75.15,52.78,2.76
110.0,10.0,73.28,33.33,5.25
111.0,10.0,75.31,66.67,2.39
112.0,10.0,77.93,100.0,2.28
101.0,11.0,,0.0,
102.0,11.0,,0.0,
103.0,11.0,,0.0,
104.0,11.0,98.38,100.0,2.1
105.0,11.0,80.5,88.89,3.15
106.0,11.0,86.31,97.22,7.41
107.0,11.0,78.46,72.22,7.93
108.0,11.0,91.91,100.0,3.28
109.0,11.0,79.5,86.11,4.34
110.0,11.0,71.2,16.67,5.39
111.0,11.0,72.99,22.22,3.4
112.0,11.0,75.02,52.78,2.68
102.0,12.0,,0.0,
103.0,12.0,,0.0,
104.0,12.0,91.24,100.0,5.06
105.0,12.0,75.56,52.78,9.73
106.0,12.0,86.51,100.0,5.33
107.0,12.0,94.44,100.0,0.85
108.0,12.0,97.3,100.0,1.27
109.0,12.0,97.05,100.0,1.1
110.0,12.0,79.13,100.0,2.24
111.0,12.0,76.1,77.78,2.1
112.0,12.0,75.27,55.56,3.32
103.0,13.0,,0.0,
104.0,13.0,86.39,100.0,2.01
105.0,13.0,80.08,88.89,2.8
106.0,13.0,87.26,100.0,3.05
107.0,13.0,97.93,100.0,0.89
108.0,13.0,94.98,100.0,1.83
109.0,13.0,98.51,100.0,1.16
110.0,13.0,76.18,72.22,2.57
111.0,13.0,75.68,66.67,4.19
104.0,14.0,93.86,100.0,3.65
105.0,14.0,87.05,100.0,4.0
106.0,14.0,71.29,27.78,10.37
107.0,14.0,80.83,91.67,5.33
108.0,14.0,94.56,100.0,2.63
109.0,14.0,96.6,100.0,2.07
107.0,16.0,96.64,100.0,1.18
108.0,16.0,87.68,91.67,5.19
109.0,16.0,81.12,83.33,4.32
110.0,16.0,74.73,36.11,2.53
111.0,16.0,68.51,0.0,6.0
106.0,17.0,96.51,100.0,1.06
107.0,17.0,83.69,100.0,3.59
108.0,17.0,69.05,13.89,5.5
109.0,17.0,73.73,38.89,9.15
110.0,17.0,71.16,8.33,6.64
111.0,17.0,68.88,0.0,2.45
112.0,17.0,64.65,0.0,6.78
113.0,17.0,63.98,0.0,7.88
114.0,17.0,65.6,0.0,5.62
105.0,18.0,99.5,100.0,0.25
106.0,18.0,92.7,100.0,0.95
107.0,18.0,80.33,83.33,3.44
108.0,18.0,72.12,16.67,8.03
109.0,18.0,59.34,0.0,10.91
110.0,18.0,68.09,5.56,3.42
111.0,18.0,63.78,0.0,5.54
112.0,18.0,63.78,0.0,5.95
113.0,18.0,60.17,0.0,12.45
114.0,18.0,61.45,0.0,6.91
115.0,18.0,63.36,0.0,5.5
116.0,18.0,64.36,0.0,6.12
104.0,19.0,99.75,100.0,0.0
105.0,19.0,99.25,100.0,0.19
106.0,19.0,72.49,33.33,7.39
107.0,19.0,78.55,91.67,2.47
108.0,19.0,71.91,22.22,3.78
109.0,19.0,85.48,100.0,2.68
110.0,19.0,78.55,72.22,6.04
111.0,19.0,58.8,0.0,5.54
112.0,19.0,57.59,0.0,10.06
113.0,19.0,54.11,0.0,13.65
114.0,19.0,54.44,0.0,10.1
115.0,19.0,56.06,0.0,6.18
116.0,19.0,58.63,0.0,7.16
117.0,19.0,58.42,0.0,7.63
118.0,19.0,53.61,0.0,7.8
119.0,19.0,48.38,0.0,9.67
103.0,20.0,,0.0,
104.0,20.0,97.76,100.0,1.06
105.0,20.0,89.38,100.0,3.65
106.0,20.0,82.74,100.0,1.49
107.0,20.0,73.61,27.78,3.71
108.0,20.0,68.38,5.56,6.78
109.0,20.0,68.92,25.0,10.06
110.0,20.0,71.0,13.89,3.84
111.0,20.0,75.48,55.56,3.59
112.0,20.0,52.16,0.0,10.73
113.0,20.0,46.85,0.0,14.85
114.0,20.0,55.23,0.0,12.24
115.0,20.0,51.87,0.0,8.28
116.0,20.0,50.12,0.0,7.84
117.0,20.0,50.25,0.0,7.26
118.0,20.0,48.13,0.0,7.97
119.0,20.0,41.83,0.0,12.03
120.0,20.0,45.64,0.0,7.53
121.0,20.0,53.57,0.0,14.21
122.0,20.0,55.52,0.0,6.64
123.0,20.0,55.73,0.0,11.8
103.0,21.0,,0.0,
104.0,21.0,99.25,100.0,0.17
105.0,21.0,86.18,100.0,4.4
106.0,21.0,82.03,66.67,12.97
107.0,21.0,78.09,80.56,3.65
108.0,21.0,78.76,86.11,4.07
109.0,21.0,78.34,75.0,4.63
110.0,21.0,67.14,11.11,4.56
111.0,21.0,68.67,16.67,11.27
112.0,21.0,50.58,0.0,3.36
113.0,21.0,41.87,0.0,13.03
114.0,21.0,53.73,0.0,9.73
115.0,21.0,58.05,0.0,7.76
116.0,21.0,57.05,0.0,8.53
117.0,21.0,55.1,0.0,11.76
118.0,21.0,53.32,0.0,8.15
119.0,21.0,43.03,0.0,8.28
120.0,21.0,37.88,0.0,11.12
121.0,21.0,50.46,0.0,6.83
122.0,21.0,51.95,0.0,8.07
123.0,21.0,51.16,0.0,6.12
124.0,21.0,42.9,0.0,4.67
103.0,22.0,,0.0,
104.0,22.0,99.92,100.0,0.08
105.0,22.0,88.76,100.0,2.95
106.0,22.0,96.22,100.0,0.83
107.0,22.0,92.24,100.0,3.11
108.0,22.0,94.44,100.0,1.04
109.0,22.0,95.77,100.0,0.77
110.0,22.0,91.58,100.0,1.27
111.0,22.0,47.22,5.56,21.97
112.0,22.0,90.62,100.0,1.0
113.0,22.0,85.1,100.0,1.85
114.0,22.0,78.34,77.78,3.86
115.0,22.0,71.7,19.44,6.18
116.0,22.0,69.21,19.44,6.64
117.0,22.0,69.34,13.89,5.79
118.0,22.0,68.46,11.11,6.43
119.0,22.0,75.52,52.78,7.37
120.0,22.0,62.16,0.0,5.54
121.0,22.0,70.91,19.44,7.51
122.0,22.0,56.02,0.0,9.71
123.0,22.0,53.07,0.0,8.51
124.0,22.0,44.81,0.0,8.76
125.0,22.0,42.66,0.0,7.66
103.0,23.0,,0.0,
104.0,23.0,91.87,100.0,2.88
105.0,23.0,99.25,100.0,0.35
106.0,23.0,94.44,100.0,1.68
107.0,23.0,97.26,100.0,0.5
108.0,23.0,89.21,100.0,1.87
109.0,23.0,97.55,100.0,0.68
110.0,23.0,73.9,36.11,5.91
111.0,23.0,75.81,55.56,3.36
112.0,23.0,55.06,0.0,10.06
113.0,23.0,90.29,100.0,1.24
114.0,23.0,89.0,100.0,2.57
115.0,23.0,90.33,100.0,5.35
116.0,23.0,82.95,100.0,2.93
117.0,23.0,76.64,69.44,5.6
118.0,23.0,70.62,27.78,7.72
119.0,23.0,77.05,63.89,6.08
120.0,23.0,86.39,100.0,5.02
121.0,23.0,96.27,100.0,1.97
122.0,23.0,69.88,8.33,5.6
123.0,23.0,48.05,0.0,7.59
124.0,23.0,41.99,0.0,10.17
125.0,23.0,37.05,0.0,8.69
126.0,23.0,37.63,0.0,7.03
104.0,24.0,91.83,100.0,2.24
105.0,24.0,88.76,100.0,0.6
106.0,24.0,83.24,88.89,1.91
107.0,24.0,81.54,94.44,2.37
108.0,24.0,93.32,100.0,0.77
109.0,24.0,95.31,100.0,1.64
110.0,24.0,86.47,100.0,4.71
111.0,24.0,98.34,100.0,0.27
112.0,24.0,96.22,100.0,1.2
113.0,24.0,90.58,100.0,2.49
114.0,24.0,96.06,100.0,0.93
115.0,24.0,98.67,100.0,0.35
116.0,24.0,87.84,100.0,2.84
117.0,24.0,67.97,0.0,5.71
118.0,24.0,77.3,77.78,4.77
119.0,24.0,66.72,5.56,4.9
120.0,24.0,72.24,22.22,3.69
121.0,24.0,96.6,100.0,2.34
122.0,24.0,78.22,77.78,4.69
123.0,24.0,43.36,0.0,11.76
124.0,24.0,39.29,0.0,7.39
125.0,24.0,33.44,0.0,7.74
126.0,24.0,34.23,0.0,4.61
105.0,25.0,82.95,97.22,4.98
106.0,25.0,87.43,100.0,4.96
107.0,25.0,87.8,100.0,2.76
108.0,25.0,95.89,100.0,1.18
109.0,25.0,99.09,100.0,0.17
110.0,25.0,96.06,100.0,0.77
111.0,25.0,98.34,100.0,0.56
112.0,25.0,98.67,100.0,0.27
113.0,25.0,97.22,100.0,0.75
114.0,25.0,94.73,100.0,1.6
115.0,25.0,97.93,100.0,0.46
116.0,25.0,98.17,100.0,0.37
117.0,25.0,76.56,66.67,5.66
118.0,25.0,68.42,19.44,7.97
119.0,25.0,81.49,97.22,4.52
120.0,25.0,60.0,2.78,7.76
121.0,25.0,74.07,41.67,7.97
122.0,25.0,49.71,0.0,12.28
123.0,25.0,34.52,0.0,7.68
124.0,25.0,39.21,0.0,6.95
125.0,25.0,38.17,0.0,7.05
126.0,25.0,36.85,0.0,3.59
111.0,26.0,99.5,100.0,0.25
112.0,26.0,97.26,100.0,0.58
113.0,26.0,97.18,100.0,0.77
114.0,26.0,95.52,100.0,1.1
115.0,26.0,97.26,100.0,0.66
116.0,26.0,92.9,100.0,1.22
117.0,26.0,85.31,100.0,3.96
118.0,26.0,76.93,66.67,4.88
119.0,26.0,82.12,100.0,2.16
120.0,26.0,66.43,8.33,8.11
121.0,26.0,54.85,0.0,9.27
122.0,26.0,39.96,0.0,8.63
123.0,26.0,42.16,0.0,7.72
124.0,26.0,47.18,0.0,5.41
125.0,26.0,44.11,0.0,7.03
126.0,26.0,37.47,0.0,4.81
114.0,27.0,89.42,100.0,2.76
115.0,27.0,95.64,100.0,1.2
116.0,27.0,96.22,100.0,1.12
117.0,27.0,87.18,100.0,4.46
118.0,27.0,83.2,100.0,5.54
119.0,27.0,49.63,8.33,32.72
120.0,27.0,84.23,100.0,3.36
121.0,27.0,68.26,8.33,5.73
122.0,27.0,49.92,0.0,8.24
123.0,27.0,49.63,0.0,5.52
124.0,27.0,47.72,0.0,3.57
125.0,27.0,50.17,0.0,3.94
126.0,27.0,44.27,0.0,6.93
127.0,27.0,28.71,0.0,3.59
115.0,28.0,91.41,100.0,3.55
116.0,28.0,93.4,100.0,1.27
117.0,28.0,87.05,100.0,2.32
118.0,28.0,90.12,100.0,2.82
119.0,28.0,93.11,100.0,1.62
120.0,28.0,90.79,100.0,3.8
121.0,28.0,80.12,100.0,1.78
122.0,28.0,61.37,0.0,5.71
123.0,28.0,44.69,0.0,4.56
124.0,28.0,41.78,0.0,5.29
125.0,28.0,40.91,0.0,10.08
126.0,28.0,38.34,0.0,6.16
127.0,28.0,25.68,0.0,6.87
116.0,29.0,92.86,100.0,1.1
117.0,29.0,72.37,38.89,10.87
118.0,29.0,93.4,100.0,0.77
119.0,29.0,93.78,100.0,1.7
120.0,29.0,83.44,100.0,3.03
121.0,29.0,79.83,88.89,3.84
122.0,29.0,73.36,36.11,6.14
123.0,29.0,42.7,0.0,14.71
124.0,29.0,38.13,0.0,10.54
125.0,29.0,33.49,0.0,12.14
126.0,29.0,36.18,0.0,7.86
127.0,29.0,36.02,0.0,8.38
128.0,29.0,30.29,0.0,5.37
116.0,30.0,98.01,100.0,0.54
117.0,30.0,94.36,100.0,1.29
118.0,30.0,76.14,61.11,5.17
119.0,30.0,79.54,80.56,5.1
120.0,30.0,63.07,2.78,11.6
121.0,30.0,58.96,0.0,8.9
122.0,30.0,63.9,0.0,5.31
123.0,30.0,41.54,0.0,7.18
124.0,30.0,35.44,0.0,9.21
125.0,30.0,31.2,0.0,3.86
126.0,30.0,25.98,0.0,6.22
127.0,30.0,32.28,0.0,10.0
128.0,30.0,27.18,0.0,8.51
116.0,31.0,88.05,100.0,2.88
117.0,31.0,89.13,100.0,2.84
118.0,31.0,77.14,61.11,7.03
119.0,31.0,60.58,0.0,5.37
120.0,31.0,60.46,0.0,8.53
121.0,31.0,66.14,0.0,4.09
122.0,31.0,29.25,0.0,8.69
123.0,31.0,32.41,0.0,6.0
124.0,31.0,32.74,0.0,5.66
125.0,31.0,28.13,0.0,3.73
126.0,31.0,18.38,0.0,12.26
127.0,31.0,34.11,0.0,7.22
128.0,31.0,30.04,0.0,6.72
116.0,32.0,68.96,8.33,6.18
117.0,32.0,31.99,0.0,10.06
118.0,32.0,56.1,0.0,6.33
119.0,32.0,59.21,0.0,9.77
120.0,32.0,46.6,0.0,24.81
121.0,32.0,57.26,0.0,8.38
122.0,32.0,26.8,0.0,4.75
123.0,32.0,26.85,0.0,5.87
124.0,32.0,27.51,0.0,4.75
125.0,32.0,35.81,0.0,12.95
126.0,32.0,24.4,0.0,4.44
127.0,32.0,41.37,0.0,8.76
128.0,32.0,37.22,0.0,7.45
129.0,32.0,57.47,0.0,8.53
130.0,32.0,65.52,0.0,9.38
115.0,33.0,62.99,0.0,5.6
116.0,33.0,39.88,0.0,10.0
117.0,33.0,27.93,0.0,9.65
118.0,33.0,42.07,0.0,9.94
119.0,33.0,48.92,0.0,21.72
120.0,33.0,26.1,0.0,8.78
121.0,33.0,34.81,0.0,7.86
122.0,33.0,16.27,0.0,8.86
123.0,33.0,13.03,0.0,16.64
124.0,33.0,27.76,0.0,7.72
125.0,33.0,32.86,0.0,5.64
126.0,33.0,37.84,0.0,9.42
127.0,33.0,43.78,0.0,9.96
128.0,33.0,54.15,0.0,14.34
129.0,33.0,59.38,0.0,5.12
130.0,33.0,72.12,11.11,3.67
131.0,33.0,80.29,88.89,3.76
115.0,34.0,66.51,0.0,3.9
116.0,34.0,49.05,0.0,7.74
117.0,34.0,18.71,0.0,5.41
118.0,34.0,41.41,0.0,21.95
119.0,34.0,43.65,0.0,10.77
120.0,34.0,41.41,0.0,9.11
121.0,34.0,23.94,0.0,12.3
122.0,34.0,18.01,0.0,7.84
123.0,34.0,19.63,0.0,10.81
124.0,34.0,28.63,0.0,7.03
125.0,34.0,38.42,0.0,11.35
126.0,34.0,51.7,0.0,7.66
127.0,34.0,46.31,0.0,8.22
128.0,34.0,47.97,0.0,10.46
129.0,34.0,47.93,0.0,16.33
130.0,34.0,52.07,0.0,6.29
131.0,34.0,66.68,0.0,8.11
114.0,35.0,84.32,100.0,2.22
115.0,35.0,79.46,100.0,1.68
116.0,35.0,65.31,0.0,5.48
117.0,35.0,38.09,0.0,19.4
118.0,35.0,55.48,0.0,7.57
119.0,35.0,51.12,0.0,6.78
120.0,35.0,33.07,0.0,11.58
121.0,35.0,28.22,0.0,7.47
122.0,35.0,27.39,0.0,5.91
123.0,35.0,22.16,0.0,11.12
124.0,35.0,22.28,0.0,11.99
125.0,35.0,25.39,0.0,18.2
126.0,35.0,40.25,0.0,8.01
127.0,35.0,77.18,69.44,4.46
128.0,35.0,77.88,72.22,5.91
129.0,35.0,68.3,0.0,6.8
130.0,35.0,58.59,0.0,13.11
131.0,35.0,54.98,0.0,5.46
132.0,35.0,55.56,0.0,7.93
17.0,36.0,,0.0,
113.0,36.0,63.44,2.78,7.05
114.0,36.0,88.76,100.0,1.68
115.0,36.0,86.93,100.0,1.04
116.0,36.0,75.19,52.78,3.94
117.0,36.0,62.99,0.0,10.37
118.0,36.0,61.58,0.0,4.46
119.0,36.0,59.46,2.78,23.42
120.0,36.0,57.43,0.0,8.49
121.0,36.0,23.4,0.0,25.87
122.0,36.0,23.69,0.0,12.97
123.0,36.0,27.8,0.0,7.2
124.0,36.0,31.37,0.0,7.16
125.0,36.0,37.59,0.0,5.48
126.0,36.0,47.88,0.0,5.37
127.0,36.0,17.51,0.0,15.54
128.0,36.0,91.2,100.0,1.54
129.0,36.0,90.46,100.0,2.18
130.0,36.0,52.45,0.0,6.43
131.0,36.0,37.47,0.0,3.17
132.0,36.0,36.06,0.0,3.82
137.0,36.0,95.56,100.0,0.37
138.0,36.0,86.97,100.0,4.5
139.0,36.0,83.32,100.0,4.5
140.0,36.0,71.24,13.89,4.71
141.0,36.0,53.94,0.0,6.18
142.0,36.0,33.49,0.0,3.98
143.0,36.0,,0.0,
-73.0,37.0,25.02,0.0,15.54
-72.0,37.0,24.32,0.0,15.91
-71.0,37.0,22.86,0.0,18.42
-70.0,37.0,21.41,0.0,16.22
-69.0,37.0,20.08,0.0,13.44
-68.0,37.0,,0.0,
14.0,37.0,,0.0,
15.0,37.0,,0.0,
16.0,37.0,,0.0,
17.0,37.0,,0.0,
18.0,37.0,,0.0,
19.0,37.0,,0.0,
20.0,37.0,,0.0,
113.0,37.0,74.77,47.22,9.59
114.0,37.0,67.8,0.0,6.02
115.0,37.0,87.76,100.0,1.72
116.0,37.0,82.07,100.0,1.85
117.0,37.0,83.94,100.0,1.45
118.0,37.0,63.44,0.0,3.78
119.0,37.0,47.8,0.0,21.27
120.0,37.0,64.73,11.11,9.61
121.0,37.0,67.72,11.11,9.4
122.0,37.0,63.9,2.78,7.93
123.0,37.0,38.67,0.0,21.41
124.0,37.0,29.46,0.0,14.34
125.0,37.0,39.29,0.0,10.58
126.0,37.0,51.16,0.0,7.9
127.0,37.0,71.91,22.22,6.74
128.0,37.0,85.1,100.0,2.99
129.0,37.0,85.52,100.0,4.46
130.0,37.0,26.97,0.0,8.55
131.0,37.0,41.33,0.0,16.16
136.0,37.0,52.07,0.0,14.9
137.0,37.0,68.71,0.0,4.27
138.0,37.0,83.61,91.67,4.27
139.0,37.0,97.8,100.0,1.8
140.0,37.0,93.53,100.0,1.18
141.0,37.0,70.91,0.0,1.93
142.0,37.0,29.0,0.0,9.61
143.0,37.0,,0.0,
144.0,37.0,,0.0,
-75.0,38.0,44.73,0.0,11.97
-74.0,38.0,37.34,0.0,15.83
-73.0,38.0,28.88,0.0,14.77
-72.0,38.0,20.91,0.0,10.1
-71.0,38.0,23.53,0.0,13.71
-70.0,38.0,27.39,0.0,15.37
-69.0,38.0,25.19,0.0,14.13
-68.0,38.0,,0.0,
-67.0,38.0,,0.0,
-12.0,38.0,,0.0,
-11.0,38.0,,0.0,
-10.0,38.0,,0.0,
-9.0,38.0,,0.0,
-8.0,38.0,,0.0,
-7.0,38.0,,0.0,
-6.0,38.0,,0.0,
13.0,38.0,,0.0,
14.0,38.0,,0.0,
15.0,38.0,,0.0,
16.0,38.0,,0.0,
17.0,38.0,,0.0,
18.0,38.0,,0.0,
19.0,38.0,,0.0,
20.0,38.0,,0.0,
21.0,38.0,,0.0,
112.0,38.0,91.0,100.0,2.34
113.0,38.0,69.38,5.56,5.66
114.0,38.0,90.58,100.0,2.8
115.0,38.0,78.59,100.0,1.6
116.0,38.0,78.88,97.22,1.7
117.0,38.0,74.65,47.22,4.19
118.0,38.0,63.07,0.0,9.4
119.0,38.0,32.53,0.0,7.97
120.0,38.0,45.52,0.0,9.77
121.0,38.0,40.58,0.0,13.55
122.0,38.0,37.63,0.0,4.83
123.0,38.0,40.04,0.0,4.73
124.0,38.0,32.32,0.0,16.58
125.0,38.0,50.21,0.0,7.41
126.0,38.0,74.23,41.67,3.13
127.0,38.0,83.11,88.89,2.95
128.0,38.0,87.22,100.0,2.84
129.0,38.0,68.46,8.33,2.41
130.0,38.0,29.38,0.0,10.15
131.0,38.0,24.4,0.0,11.02
135.0,38.0,33.69,0.0,10.66
136.0,38.0,34.98,0.0,16.74
137.0,38.0,38.38,0.0,18.22
138.0,38.0,45.31,0.0,12.82
139.0,38.0,54.73,0.0,11.37
140.0,38.0,91.7,100.0,1.31
141.0,38.0,61.45,0.0,4.15
142.0,38.0,42.82,0.0,10.29
143.0,38.0,,0.0,
144.0,38.0,,0.0,
-76.0,39.0,50.75,0.0,16.24
-75.0,39.0,32.07,0.0,17.34
-74.0,39.0,33.69,0.0,15.68
-73.0,39.0,26.35,0.0,10.89
-72.0,39.0,21.16,0.0,8.76
-71.0,39.0,17.14,0.0,7.01
-70.0,39.0,16.43,0.0,6.62
-69.0,39.0,16.72,0.0,7.78
-68.0,39.0,,0.0,
-67.0,39.0,,0.0,
-66.0,39.0,,0.0,
-13.0,39.0,,0.0,
-12.0,39.0,,0.0,
-11.0,39.0,,0.0,
-10.0,39.0,63.2,0.0,6.68
-9.0,39.0,85.85,100.0,1.47
-8.0,39.0,76.6,69.44,3.94
-7.0,39.0,64.32,0.0,4.98
-6.0,39.0,64.73,0.0,5.87
-5.0,39.0,74.77,47.22,4.5
3.0,39.0,47.72,0.0,18.63
4.0,39.0,23.94,0.0,18.34
5.0,39.0,36.14,0.0,12.8
6.0,39.0,34.23,0.0,15.39
12.0,39.0,30.25,0.0,11.95
13.0,39.0,33.61,0.0,5.56
14.0,39.0,34.44,0.0,8.73
15.0,39.0,24.81,0.0,22.24
16.0,39.0,69.54,25.0,7.66
17.0,39.0,76.02,66.67,6.31
18.0,39.0,66.47,0.0,4.25
19.0,39.0,72.74,22.22,4.02
20.0,39.0,70.83,8.33,2.7
21.0,39.0,89.38,100.0,4.59
22.0,39.0,94.44,100.0,1.31
112.0,39.0,43.03,0.0,34.81
113.0,39.0,85.39,100.0,3.24
114.0,39.0,96.85,100.0,0.46
115.0,39.0,71.66,33.33,13.11
116.0,39.0,78.84,97.22,2.57
117.0,39.0,58.46,0.0,6.41
118.0,39.0,28.3,0.0,8.98
119.0,39.0,24.56,0.0,4.05
120.0,39.0,41.45,0.0,10.21
121.0,39.0,35.6,0.0,9.15
122.0,39.0,54.52,0.0,6.74
123.0,39.0,35.15,0.0,7.32
124.0,39.0,43.61,0.0,7.95
125.0,39.0,47.55,0.0,4.83
126.0,39.0,71.0,16.67,7.8
127.0,39.0,80.58,55.56,15.15
128.0,39.0,78.59,69.44,5.6
129.0,39.0,34.52,0.0,11.12
135.0,39.0,37.34,0.0,9.73
136.0,39.0,38.51,0.0,14.65
137.0,39.0,30.04,0.0,15.83
138.0,39.0,37.8,0.0,17.82
139.0,39.0,41.24,0.0,15.91
140.0,39.0,88.92,100.0,2.78
141.0,39.0,92.03,100.0,1.0
142.0,39.0,58.96,0.0,7.01
143.0,39.0,,0.0,
144.0,39.0,,0.0,
-76.0,40.0,54.9,0.0,5.89
-75.0,40.0,44.15,0.0,16.43
-74.0,40.0,38.42,0.0,15.0
-73.0,40.0,26.6,0.0,11.22
-72.0,40.0,18.26,0.0,3.86
-71.0,40.0,18.55,0.0,2.45
-70.0,40.0,18.01,0.0,3.86
-69.0,40.0,12.53,0.0,4.56
-68.0,40.0,,0.0,
-67.0,40.0,,0.0,
-66.0,40.0,,0.0,
-65.0,40.0,,0.0,
-14.0,40.0,,0.0,
-13.0,40.0,,0.0,
-12.0,40.0,,0.0,
-11.0,40.0,,0.0,
-10.0,40.0,57.76,0.0,6.95
-9.0,40.0,68.76,0.0,3.05
-8.0,40.0,71.99,38.89,9.81
-7.0,40.0,62.53,0.0,3.61
-6.0,40.0,68.13,8.33,6.85
-5.0,40.0,98.46,100.0,0.6
-4.0,40.0,85.31,100.0,1.16
1.0,40.0,40.25,0.0,11.35
2.0,40.0,44.11,0.0,8.49
3.0,40.0,51.91,0.0,15.71
4.0,40.0,33.24,0.0,6.56
5.0,40.0,20.79,0.0,5.83
6.0,40.0,39.0,0.0,13.17
7.0,40.0,42.03,0.0,13.17
8.0,40.0,52.28,0.0,8.36
12.0,40.0,22.07,0.0,9.52
13.0,40.0,36.89,0.0,7.59
14.0,40.0,43.98,0.0,14.25
15.0,40.0,45.15,0.0,12.47
16.0,40.0,95.06,100.0,1.58
17.0,40.0,73.86,38.89,5.08
18.0,40.0,71.54,11.11,4.36
19.0,40.0,82.7,100.0,2.3
20.0,40.0,70.37,8.33,6.41
21.0,40.0,82.9,91.67,3.84
22.0,40.0,65.1,0.0,4.9
113.0,40.0,69.5,0.0,5.29
114.0,40.0,81.66,97.22,2.26
115.0,40.0,81.78,97.22,2.93
116.0,40.0,94.81,100.0,1.54
117.0,40.0,65.73,2.78,8.55
118.0,40.0,50.75,0.0,10.89
119.0,40.0,64.77,2.78,11.51
120.0,40.0,78.09,91.67,2.49
121.0,40.0,43.78,0.0,8.73
122.0,40.0,74.36,47.22,4.79
123.0,40.0,79.29,100.0,1.33
124.0,40.0,75.77,61.11,4.17
125.0,40.0,73.44,33.33,4.15
126.0,40.0,70.62,30.56,9.65
127.0,40.0,90.41,100.0,1.6
128.0,40.0,87.05,100.0,1.54
129.0,40.0,57.93,0.0,5.33
135.0,40.0,43.03,0.0,12.14
136.0,40.0,36.31,0.0,17.97
137.0,40.0,37.14,0.0,17.28
138.0,40.0,38.71,0.0,18.82
139.0,40.0,36.85,0.0,15.93
140.0,40.0,62.53,0.0,2.97
141.0,40.0,81.54,100.0,2.84
142.0,40.0,62.03,0.0,6.27
143.0,40.0,,0.0,
144.0,40.0,,0.0,
-76.0,41.0,34.65,0.0,29.13
-75.0,41.0,45.73,0.0,11.1
-74.0,41.0,51.49,0.0,14.98
-73.0,41.0,38.51,0.0,10.48
-72.0,41.0,23.57,0.0,5.89
-71.0,41.0,20.08,0.0,2.01
-70.0,41.0,13.94,0.0,3.55
-69.0,41.0,12.57,0.0,3.71
-68.0,41.0,,0.0,
-67.0,41.0,,0.0,
-66.0,41.0,,0.0,
-65.0,41.0,,0.0,
-14.0,41.0,,0.0,
-13.0,41.0,,0.0,
-12.0,41.0,,0.0,
-11.0,41.0,,0.0,
-10.0,41.0,49.34,0.0,8.24
-9.0,41.0,68.84,5.56,3.28
-8.0,41.0,82.74,100.0,1.49
-7.0,41.0,68.51,0.0,3.01
-6.0,41.0,71.74,25.0,5.81
-5.0,41.0,72.95,22.22,5.81
-4.0,41.0,65.77,0.0,4.79
0.0,41.0,86.8,100.0,1.24
1.0,41.0,86.02,100.0,2.49
2.0,41.0,43.82,0.0,20.19
3.0,41.0,56.1,0.0,4.96
4.0,41.0,41.33,0.0,8.22
5.0,41.0,26.68,0.0,3.34
6.0,41.0,32.32,0.0,7.7
7.0,41.0,32.9,0.0,4.96
8.0,41.0,49.38,0.0,15.08
9.0,41.0,75.15,52.78,5.46
12.0,41.0,32.28,0.0,27.26
13.0,41.0,60.12,0.0,4.27
14.0,41.0,72.32,38.89,7.34
15.0,41.0,91.54,100.0,5.48
16.0,41.0,76.6,52.78,12.39
17.0,41.0,68.59,2.78,5.39
18.0,41.0,73.07,36.11,4.88
19.0,41.0,58.42,0.0,2.95
20.0,41.0,93.86,100.0,1.37
21.0,41.0,85.31,100.0,3.22
22.0,41.0,95.77,100.0,0.81
113.0,41.0,55.23,0.0,6.29
114.0,41.0,72.37,8.33,2.55
115.0,41.0,80.0,100.0,2.28
116.0,41.0,91.33,100.0,1.14
117.0,41.0,90.46,100.0,4.27
118.0,41.0,91.29,100.0,1.78
119.0,41.0,81.41,91.67,3.65
120.0,41.0,61.62,0.0,10.46
121.0,41.0,78.51,72.22,4.83
122.0,41.0,86.47,100.0,1.54
123.0,41.0,75.73,58.33,3.13
124.0,41.0,84.98,100.0,2.84
125.0,41.0,86.06,100.0,3.69
126.0,41.0,74.11,44.44,6.06
127.0,41.0,58.84,0.0,9.9
128.0,41.0,88.71,100.0,1.54
135.0,41.0,37.26,0.0,15.93
136.0,41.0,38.26,0.0,16.35
137.0,41.0,34.07,0.0,14.56
138.0,41.0,24.02,0.0,6.16
139.0,41.0,15.93,0.0,4.4
140.0,41.0,42.9,0.0,8.61
141.0,41.0,67.88,5.56,5.31
142.0,41.0,22.74,0.0,11.68
143.0,41.0,22.37,0.0,7.76
144.0,41.0,,0.0,
-76.0,42.0,34.15,0.0,33.07
-75.0,42.0,58.22,0.0,6.56
-74.0,42.0,55.27,0.0,27.78
-73.0,42.0,66.68,0.0,8.38
-72.0,42.0,68.55,0.0,14.65
-71.0,42.0,59.25,0.0,13.4
-70.0,42.0,24.11,0.0,12.84
-69.0,42.0,15.39,0.0,11.33
-68.0,42.0,,0.0,
-67.0,42.0,,0.0,
-66.0,42.0,,0.0,
-65.0,42.0,,0.0,
-14.0,42.0,,0.0,
-13.0,42.0,,0.0,
-12.0,42.0,,0.0,
-11.0,42.0,,0.0,
-10.0,42.0,38.17,0.0,5.23
-9.0,42.0,61.49,0.0,8.67
-8.0,42.0,59.54,0.0,7.1
-7.0,42.0,45.06,0.0,11.87
-6.0,42.0,76.27,61.11,4.21
-5.0,42.0,83.73,100.0,0.64
-4.0,42.0,79.88,100.0,2.97
0.0,42.0,89.13,100.0,2.18
1.0,42.0,84.15,100.0,3.4
2.0,42.0,86.76,100.0,3.42
3.0,42.0,79.67,88.89,3.36
4.0,42.0,38.01,0.0,10.15
5.0,42.0,24.48,0.0,7.16
6.0,42.0,21.2,0.0,5.19
7.0,42.0,32.57,0.0,4.83
8.0,42.0,49.21,0.0,16.1
9.0,42.0,94.65,100.0,1.24
10.0,42.0,60.66,0.0,20.5
12.0,42.0,66.18,0.0,3.57
13.0,42.0,73.2,36.11,8.69
14.0,42.0,99.0,100.0,0.35
15.0,42.0,73.61,27.78,6.22
16.0,42.0,70.83,13.89,5.66
17.0,42.0,70.58,5.56,4.85
18.0,42.0,71.2,0.0,2.03
19.0,42.0,50.25,0.0,19.81
20.0,42.0,99.67,100.0,0.19
21.0,42.0,87.05,100.0,4.79
22.0,42.0,95.1,100.0,1.89
114.0,42.0,,0.0,
115.0,42.0,,0.0,
116.0,42.0,,0.0,
117.0,42.0,,0.0,
118.0,42.0,,0.0,
119.0,42.0,,0.0,
120.0,42.0,,0.0,
121.0,42.0,,0.0,
122.0,42.0,,0.0,
123.0,42.0,,0.0,
124.0,42.0,,0.0,
125.0,42.0,,0.0,
126.0,42.0,,0.0,
127.0,42.0,,0.0,
128.0,42.0,,0.0,
135.0,42.0,,0.0,
136.0,42.0,,0.0,
137.0,42.0,,0.0,
138.0,42.0,,0.0,
139.0,42.0,30.33,0.0,7.16
140.0,42.0,53.65,0.0,4.54
141.0,42.0,73.82,33.33,2.93
142.0,42.0,44.36,0.0,9.23
143.0,42.0,50.37,0.0,8.57
144.0,42.0,,0.0,
-76.0,43.0,,0.0,
-75.0,43.0,,0.0,
-74.0,43.0,,0.0,
-73.0,43.0,,0.0,
-72.0,43.0,,0.0,
-71.0,43.0,,0.0,
-70.0,43.0,,0.0,
-69.0,43.0,,0.0,
-68.0,43.0,,0.0,
-67.0,43.0,,0.0,
-66.0,43.0,,0.0,
-14.0,43.0,,0.0,
-13.0,43.0,,0.0,
-12.0,43.0,,0.0,
-11.0,43.0,,0.0,
-10.0,43.0,34.65,0.0,4.0
-9.0,43.0,66.51,0.0,5.02
-8.0,43.0,64.15,0.0,4.4
-7.0,43.0,67.76,8.33,4.71
-6.0,43.0,65.98,0.0,3.15
-5.0,43.0,87.68,100.0,4.94
-4.0,43.0,88.92,100.0,2.78
-3.0,43.0,78.3,63.89,8.63
-2.0,43.0,90.5,100.0,2.78
-1.0,43.0,93.44,100.0,1.87
0.0,43.0,93.69,97.22,3.53
1.0,43.0,88.59,100.0,4.63
2.0,43.0,97.34,100.0,0.77
3.0,43.0,91.08,100.0,2.68
4.0,43.0,53.15,0.0,5.93
5.0,43.0,43.73,0.0,7.59
6.0,43.0,65.27,0.0,7.37
7.0,43.0,59.13,0.0,2.39
8.0,43.0,66.68,0.0,2.61
9.0,43.0,65.19,0.0,5.37
10.0,43.0,61.45,0.0,14.96
13.0,43.0,92.95,100.0,1.29
14.0,43.0,76.18,58.33,5.33
15.0,43.0,66.6,8.33,8.65
16.0,43.0,71.74,8.33,3.03
17.0,43.0,75.48,52.78,8.34
18.0,43.0,92.37,100.0,1.2
19.0,43.0,89.5,97.22,3.69
20.0,43.0,78.46,63.89,10.41
21.0,43.0,78.09,58.33,9.4
117.0,43.0,,0.0,
118.0,43.0,,0.0,
119.0,43.0,,0.0,
120.0,43.0,,0.0,
121.0,43.0,,0.0,
122.0,43.0,,0.0,
123.0,43.0,,0.0,
124.0,43.0,,0.0,
125.0,43.0,,0.0,
126.0,43.0,,0.0,
127.0,43.0,,0.0,
136.0,43.0,,0.0,
137.0,43.0,,0.0,
138.0,43.0,,0.0,
139.0,43.0,31.49,0.0,14.25
140.0,43.0,48.17,0.0,11.64
141.0,43.0,78.09,86.11,2.99
142.0,43.0,64.27,8.33,13.57
143.0,43.0,92.7,100.0,1.14
144.0,43.0,,0.0,
-75.0,44.0,,0.0,
-74.0,44.0,,0.0,
-73.0,44.0,,0.0,
-72.0,44.0,,0.0,
-71.0,44.0,,0.0,
-70.0,44.0,,0.0,
-69.0,44.0,,0.0,
-68.0,44.0,,0.0,
-67.0,44.0,,0.0,
-14.0,44.0,,0.0,
-13.0,44.0,,0.0,
-12.0,44.0,,0.0,
-11.0,44.0,,0.0,
-10.0,44.0,25.93,0.0,9.09
-9.0,44.0,25.52,0.0,5.0
-8.0,44.0,40.46,0.0,8.63
-7.0,44.0,49.75,0.0,6.04
-6.0,44.0,55.1,0.0,3.13
-5.0,44.0,61.37,0.0,3.86
-4.0,44.0,53.73,0.0,5.27
-3.0,44.0,31.62,0.0,12.18
-2.0,44.0,30.95,0.0,13.32
-1.0,44.0,60.79,0.0,3.42
0.0,44.0,76.06,69.44,3.92
1.0,44.0,83.82,100.0,2.82
2.0,44.0,87.14,100.0,1.74
3.0,44.0,92.2,100.0,1.45
4.0,44.0,76.18,61.11,7.41
5.0,44.0,91.66,100.0,1.76
6.0,44.0,88.55,100.0,2.37
7.0,44.0,90.75,100.0,3.38
8.0,44.0,96.8,100.0,1.72
9.0,44.0,70.83,5.56,4.19
10.0,44.0,73.94,44.44,4.17
14.0,44.0,62.57,0.0,7.63
15.0,44.0,66.1,0.0,9.09
16.0,44.0,94.52,100.0,1.12
17.0,44.0,88.51,100.0,4.4
18.0,44.0,94.32,100.0,2.07
19.0,44.0,86.14,100.0,5.81
20.0,44.0,73.86,33.33,4.75
136.0,44.0,,0.0,
137.0,44.0,,0.0,
138.0,44.0,,0.0,
139.0,44.0,38.55,0.0,13.3
140.0,44.0,31.91,0.0,10.87
141.0,44.0,13.44,0.0,8.4
142.0,44.0,53.9,0.0,16.43
143.0,44.0,80.17,91.67,3.51
144.0,44.0,,0.0,
-74.0,45.0,,0.0,
-73.0,45.0,,0.0,
-72.0,45.0,,0.0,
-71.0,45.0,,0.0,
-70.0,45.0,,0.0,
-69.0,45.0,,0.0,
-68.0,45.0,,0.0,
-13.0,45.0,,0.0,
-12.0,45.0,,0.0,
-11.0,45.0,,0.0,
-10.0,45.0,20.54,0.0,4.88
-9.0,45.0,21.7,0.0,6.45
-8.0,45.0,17.26,0.0,6.64
-7.0,45.0,18.51,0.0,9.05
-6.0,45.0,24.85,0.0,3.07
-5.0,45.0,30.75,0.0,6.58
-4.0,45.0,25.06,0.0,3.73
-3.0,45.0,16.47,0.0,7.24
-2.0,45.0,6.43,0.0,4.42
-1.0,45.0,28.42,0.0,9.29
0.0,45.0,40.37,0.0,12.93
1.0,45.0,56.22,0.0,7.47
2.0,45.0,73.28,11.11,2.16
3.0,45.0,64.02,0.0,3.42
4.0,45.0,86.18,100.0,1.08
5.0,45.0,98.01,100.0,0.52
6.0,45.0,94.56,100.0,3.28
7.0,45.0,99.83,100.0,0.0
8.0,45.0,71.33,19.44,5.58
9.0,45.0,84.15,100.0,2.37
10.0,45.0,92.2,100.0,3.3
136.0,45.0,,0.0,
137.0,45.0,,0.0,
138.0,45.0,,0.0,
139.0,45.0,,0.0,
140.0,45.0,,0.0,
141.0,45.0,,0.0,
142.0,45.0,,0.0,
143.0,45.0,,0.0,
144.0,45.0,,0.0,
-10.0,46.0,9.0,0.0,5.95
-9.0,46.0,6.76,0.0,8.13
-8.0,46.0,9.29,0.0,8.67
-7.0,46.0,11.33,0.0,8.63
-6.0,46.0,14.11,0.0,7.59
-5.0,46.0,17.93,0.0,5.12
-4.0,46.0,20.29,0.0,3.96
-3.0,46.0,26.43,0.0,7.57
-2.0,46.0,32.49,0.0,11.39
-1.0,46.0,47.34,0.0,10.06
0.0,46.0,61.16,0.0,5.52
1.0,46.0,58.92,0.0,13.88
2.0,46.0,48.26,0.0,24.71
3.0,46.0,33.11,0.0,24.21
4.0,46.0,62.82,0.0,2.76
5.0,46.0,94.19,100.0,1.0
6.0,46.0,95.85,100.0,1.45
7.0,46.0,99.42,100.0,0.33
8.0,46.0,100.0,100.0,0.08
9.0,46.0,99.09,100.0,0.27
137.0,46.0,,0.0,
138.0,46.0,,0.0,
139.0,46.0,,0.0,
140.0,46.0,,0.0,
141.0,46.0,,0.0,
142.0,46.0,,0.0,
143.0,46.0,,0.0,
144.0,46.0,,0.0,
-8.0,47.0,12.66,0.0,3.9
-7.0,47.0,14.9,0.0,3.86
-6.0,47.0,15.6,0.0,4.27
-5.0,47.0,11.12,0.0,1.87
-4.0,47.0,21.58,0.0,2.74
-3.0,47.0,36.35,0.0,9.17
-2.0,47.0,41.45,0.0,7.03
-1.0,47.0,59.25,0.0,3.26
0.0,47.0,46.14,0.0,15.15
1.0,47.0,56.06,0.0,7.72
2.0,47.0,59.83,0.0,4.36
3.0,47.0,55.06,0.0,13.34
4.0,47.0,48.84,0.0,8.61
5.0,47.0,77.88,80.56,3.49
6.0,47.0,74.27,41.67,3.05
7.0,47.0,91.58,100.0,2.26
139.0,47.0,,0.0,
140.0,47.0,,0.0,
141.0,47.0,,0.0,
142.0,47.0,,0.0,
143.0,47.0,,0.0,
144.0,47.0,,0.0,
-8.0,48.0,7.63,0.0,3.38
-7.0,48.0,9.09,0.0,3.86
-6.0,48.0,11.54,0.0,2.59
-5.0,48.0,13.24,0.0,6.78
-4.0,48.0,33.65,0.0,11.12
-3.0,48.0,46.56,0.0,8.15
-2.0,48.0,34.15,0.0,7.37
-1.0,48.0,43.03,0.0,8.38
0.0,48.0,55.15,0.0,3.42
1.0,48.0,52.41,0.0,4.29
2.0,48.0,59.96,0.0,7.14
3.0,48.0,55.98,0.0,6.74
4.0,48.0,59.05,0.0,6.14
5.0,48.0,51.99,0.0,9.42
6.0,48.0,77.76,94.44,1.99
-9.0,49.0,4.32,0.0,5.35
-8.0,49.0,3.49,0.0,4.81
-7.0,49.0,4.07,0.0,6.35
-6.0,49.0,5.31,0.0,3.3
-5.0,49.0,10.12,0.0,3.61
-4.0,49.0,14.27,0.0,9.81
-3.0,49.0,12.12,0.0,10.62
-2.0,49.0,21.29,0.0,5.75
-1.0,49.0,30.79,0.0,23.09
0.0,49.0,28.38,0.0,17.72
1.0,49.0,38.59,0.0,6.54
2.0,49.0,47.63,0.0,6.66
3.0,49.0,50.87,0.0,5.73
4.0,49.0,50.25,0.0,6.24
5.0,49.0,36.72,0.0,7.86
6.0,49.0,53.61,0.0,10.44
7.0,49.0,63.98,0.0,3.11
8.0,49.0,79.71,100.0,2.9
9.0,49.0,67.3,5.56,3.98
-10.0,50.0,5.73,0.0,2.14
-9.0,50.0,4.56,0.0,4.83
-8.0,50.0,9.0,0.0,5.85
-7.0,50.0,13.82,0.0,6.8
-6.0,50.0,9.71,0.0,3.71
-5.0,50.0,8.96,0.0,6.41
-4.0,50.0,15.85,0.0,5.83
-3.0,50.0,18.09,0.0,5.66
-2.0,50.0,20.95,0.0,5.0
-1.0,50.0,18.51,0.0,8.17
0.0,50.0,19.63,0.0,5.44
1.0,50.0,19.88,0.0,13.73
2.0,50.0,19.42,0.0,18.46
3.0,50.0,46.97,0.0,6.45
4.0,50.0,43.98,0.0,5.06
5.0,50.0,45.27,0.0,5.6
6.0,50.0,37.63,0.0,8.01
7.0,50.0,60.41,0.0,3.05
8.0,50.0,63.28,0.0,3.09
9.0,50.0,63.57,0.0,8.17
10.0,50.0,69.46,11.11,3.92
11.0,50.0,64.19,0.0,3.84
-11.0,51.0,,0.0,
-10.0,51.0,3.9,0.0,2.24
-9.0,51.0,11.58,0.0,5.23
-8.0,51.0,9.34,0.0,4.21
-7.0,51.0,4.73,0.0,3.46
-6.0,51.0,8.26,0.0,2.32
-5.0,51.0,9.79,0.0,4.36
-4.0,51.0,24.85,0.0,7.28
-3.0,51.0,37.14,0.0,5.85
-2.0,51.0,35.35,0.0,10.68
-1.0,51.0,41.62,0.0,6.91
0.0,51.0,47.22,0.0,8.34
1.0,51.0,54.19,0.0,5.91
2.0,51.0,48.17,0.0,3.34
3.0,51.0,44.85,0.0,12.05
4.0,51.0,55.98,0.0,4.19
5.0,51.0,51.2,0.0,4.44
6.0,51.0,60.66,0.0,2.86
7.0,51.0,48.3,0.0,24.25
8.0,51.0,31.37,0.0,22.2
9.0,51.0,60.91,0.0,5.58
10.0,51.0,64.98,0.0,6.0
11.0,51.0,57.72,2.78,8.36
12.0,51.0,41.45,0.0,25.75
13.0,51.0,58.26,0.0,5.04
14.0,51.0,62.86,0.0,13.59
15.0,51.0,61.12,0.0,11.47
16.0,51.0,54.73,0.0,3.51
17.0,51.0,58.26,0.0,5.79
-11.0,52.0,,0.0,
-10.0,52.0,7.3,0.0,2.53
-9.0,52.0,12.61,0.0,8.69
-8.0,52.0,25.68,0.0,7.3
-7.0,52.0,19.96,0.0,2.32
-6.0,52.0,18.84,0.0,7.03
-5.0,52.0,12.82,0.0,4.88
-4.0,52.0,20.33,0.0,5.23
-3.0,52.0,33.61,0.0,10.6
-2.0,52.0,44.48,0.0,7.18
-1.0,52.0,36.39,0.0,6.2
0.0,52.0,32.37,0.0,7.53
1.0,52.0,25.64,0.0,8.34
2.0,52.0,22.37,0.0,7.88
3.0,52.0,17.68,0.0,5.81
4.0,52.0,22.95,0.0,5.06
5.0,52.0,32.99,0.0,6.83
6.0,52.0,43.36,0.0,6.95
7.0,52.0,37.8,0.0,22.99
8.0,52.0,43.9,0.0,14.34
9.0,52.0,53.44,0.0,9.98
10.0,52.0,50.79,0.0,25.54
11.0,52.0,42.2,0.0,31.74
12.0,52.0,51.95,0.0,14.07
13.0,52.0,33.78,0.0,36.66
14.0,52.0,48.67,0.0,3.9
15.0,52.0,52.12,0.0,5.35
16.0,52.0,42.16,0.0,7.68
17.0,52.0,43.94,0.0,10.79
18.0,52.0,32.12,0.0,5.62
-11.0,53.0,,0.0,
-10.0,53.0,1.91,0.0,1.66
-9.0,53.0,21.62,0.0,13.82
-8.0,53.0,31.08,0.0,4.73
-7.0,53.0,23.53,0.0,4.81
-6.0,53.0,26.8,0.0,10.19
-5.0,53.0,22.74,0.0,8.84
-4.0,53.0,42.57,0.0,3.11
-3.0,53.0,21.74,0.0,6.41
-2.0,53.0,31.62,0.0,7.34
-1.0,53.0,33.24,0.0,7.22
0.0,53.0,25.64,0.0,6.76
1.0,53.0,13.03,0.0,4.36
2.0,53.0,3.44,0.0,7.22
3.0,53.0,10.37,0.0,3.57
4.0,53.0,8.71,0.0,2.45
5.0,53.0,8.8,0.0,2.8
6.0,53.0,21.58,0.0,12.32
7.0,53.0,27.55,0.0,21.16
8.0,53.0,35.81,0.0,14.54
9.0,53.0,39.0,0.0,19.77
10.0,53.0,45.81,0.0,26.91
11.0,53.0,43.07,0.0,33.17
12.0,53.0,38.26,0.0,15.6
13.0,53.0,29.88,0.0,17.97
14.0,53.0,29.96,0.0,16.83
15.0,53.0,30.04,0.0,16.6
16.0,53.0,36.93,0.0,7.7
17.0,53.0,30.54,0.0,11.47
18.0,53.0,20.04,0.0,16.56
19.0,53.0,17.18,0.0,15.77
20.0,53.0,22.2,0.0,5.68
-11.0,54.0,,0.0,
-10.0,54.0,11.08,0.0,7.55
-9.0,54.0,9.88,0.0,4.23
-8.0,54.0,18.59,0.0,5.6
-7.0,54.0,25.27,0.0,3.01
-6.0,54.0,24.69,0.0,3.61
-5.0,54.0,9.42,0.0,2.47
-4.0,54.0,19.21,0.0,5.23
-3.0,54.0,7.88,0.0,14.4
-2.0,54.0,37.72,0.0,10.58
-1.0,54.0,34.94,0.0,6.54
0.0,54.0,17.43,0.0,4.77
1.0,54.0,8.05,0.0,5.68
2.0,54.0,5.1,0.0,2.9
3.0,54.0,4.48,0.0,2.45
4.0,54.0,6.76,0.0,2.47
5.0,54.0,9.13,0.0,3.76
6.0,54.0,12.16,0.0,6.83
7.0,54.0,2.9,0.0,5.85
8.0,54.0,5.52,0.0,5.06
9.0,54.0,17.34,0.0,17.28
10.0,54.0,31.74,0.0,32.57
11.0,54.0,21.91,0.0,23.49
12.0,54.0,18.84,0.0,24.09
13.0,54.0,32.32,0.0,16.8
14.0,54.0,16.8,0.0,19.02
15.0,54.0,12.12,0.0,15.52
16.0,54.0,15.73,0.0,11.51
17.0,54.0,13.73,0.0,14.79
18.0,54.0,17.18,0.0,10.62
19.0,54.0,17.43,0.0,3.82
20.0,54.0,20.95,0.0,4.05
21.0,54.0,15.85,0.0,4.0
22.0,54.0,14.15,0.0,11.49
-11.0,55.0,,0.0,
-10.0,55.0,1.2,0.0,1.27
-9.0,55.0,1.0,0.0,1.18
-8.0,55.0,10.46,0.0,4.9
-7.0,55.0,7.14,0.0,3.22
-6.0,55.0,20.62,0.0,14.25
-5.0,55.0,11.49,0.0,7.16
-4.0,55.0,29.42,0.0,7.41
-3.0,55.0,47.34,0.0,8.17
-2.0,55.0,52.7,0.0,5.5
-1.0,55.0,13.24,0.0,4.85
0.0,55.0,3.73,0.0,1.62
1.0,55.0,0.66,0.0,0.79
2.0,55.0,1.74,0.0,2.51
3.0,55.0,4.65,0.0,4.05
4.0,55.0,7.51,0.0,4.61
5.0,55.0,8.38,0.0,2.51
6.0,55.0,12.49,0.0,3.51
7.0,55.0,13.36,0.0,3.38
8.0,55.0,11.41,0.0,4.77
9.0,55.0,32.66,0.0,12.49
10.0,55.0,33.03,0.0,13.73
11.0,55.0,21.33,0.0,6.74
12.0,55.0,24.32,0.0,4.13
13.0,55.0,15.77,0.0,6.33
14.0,55.0,13.65,0.0,5.89
15.0,55.0,13.44,0.0,7.2
16.0,55.0,11.91,0.0,7.82
17.0,55.0,13.86,0.0,5.56
18.0,55.0,23.24,0.0,3.59
19.0,55.0,7.51,0.0,4.38
20.0,55.0,20.17,0.0,11.37
21.0,55.0,12.74,0.0,3.03
22.0,55.0,19.34,0.0,16.8
23.0,55.0,,0.0,
-10.0,56.0,0.79,0.0,1.87
-9.0,56.0,1.41,0.0,1.29
-8.0,56.0,1.87,0.0,2.2
-7.0,56.0,1.99,0.0,1.66
-6.0,56.0,19.5,0.0,4.19
-5.0,56.0,45.64,0.0,5.56
-4.0,56.0,61.0,0.0,8.94
-3.0,56.0,52.57,0.0,5.17
-2.0,56.0,12.24,0.0,10.52
-1.0,56.0,7.72,0.0,3.61
0.0,56.0,1.74,0.0,1.35
1.0,56.0,0.87,0.0,1.02
2.0,56.0,1.04,0.0,1.51
3.0,56.0,3.4,0.0,4.07
4.0,56.0,5.81,0.0,4.5
5.0,56.0,10.79,0.0,5.1
6.0,56.0,12.45,0.0,3.2
7.0,56.0,19.34,0.0,3.51
8.0,56.0,22.16,0.0,3.22
9.0,56.0,38.59,0.0,9.02
10.0,56.0,29.21,0.0,15.48
11.0,56.0,8.13,0.0,13.94
12.0,56.0,8.71,0.0,14.54
13.0,56.0,37.01,0.0,20.02
14.0,56.0,37.55,0.0,16.27
15.0,56.0,15.98,0.0,13.96
16.0,56.0,21.24,0.0,6.58
17.0,56.0,17.8,0.0,5.17
18.0,56.0,16.02,0.0,9.21
19.0,56.0,9.63,0.0,5.48
20.0,56.0,10.0,0.0,3.63
21.0,56.0,19.96,0.0,8.94
22.0,56.0,24.9,0.0,4.94
23.0,56.0,,0.0,
-8.0,57.0,3.82,0.0,2.72
-7.0,57.0,9.13,0.0,6.54
-6.0,57.0,12.07,0.0,9.75
-5.0,57.0,44.4,0.0,15.33
-4.0,57.0,33.98,0.0,4.61
-3.0,57.0,44.52,0.0,13.98
-2.0,57.0,22.61,0.0,5.29
-1.0,57.0,11.33,0.0,4.65
0.0,57.0,6.14,0.0,3.05
1.0,57.0,2.2,0.0,0.85
2.0,57.0,3.86,0.0,2.93
3.0,57.0,6.76,0.0,7.97
4.0,57.0,9.83,0.0,10.83
5.0,57.0,9.63,0.0,5.29
6.0,57.0,14.15,0.0,3.01
7.0,57.0,14.02,0.0,8.59
8.0,57.0,19.71,0.0,12.55
9.0,57.0,22.99,0.0,11.51
10.0,57.0,45.77,0.0,10.17
11.0,57.0,13.11,0.0,5.19
12.0,57.0,8.42,0.0,7.86
13.0,57.0,39.09,0.0,11.51
14.0,57.0,50.95,0.0,5.83
15.0,57.0,53.15,0.0,7.16
16.0,57.0,52.74,0.0,6.51
17.0,57.0,10.5,0.0,8.78
18.0,57.0,10.12,0.0,3.61
19.0,57.0,11.78,0.0,3.9
20.0,57.0,10.37,0.0,4.34
21.0,57.0,12.24,0.0,10.06
22.0,57.0,29.67,0.0,10.75
23.0,57.0,,0.0,
-8.0,58.0,5.02,0.0,2.61
-7.0,58.0,9.13,0.0,6.76
-6.0,58.0,16.64,0.0,5.98
-5.0,58.0,49.71,0.0,7.99
-4.0,58.0,29.21,0.0,15.04
-3.0,58.0,17.68,0.0,9.38
-2.0,58.0,15.39,0.0,5.52
-1.0,58.0,1.83,0.0,3.96
0.0,58.0,1.87,0.0,2.34
1.0,58.0,2.7,0.0,2.82
2.0,58.0,1.12,0.0,2.41
3.0,58.0,4.73,0.0,2.22
4.0,58.0,11.54,0.0,4.9
5.0,58.0,16.8,0.0,10.19
6.0,58.0,22.78,0.0,4.52
7.0,58.0,38.34,0.0,10.83
8.0,58.0,33.73,0.0,10.48
9.0,58.0,21.95,0.0,7.53
10.0,58.0,27.55,0.0,3.36
11.0,58.0,28.84,0.0,5.27
12.0,58.0,49.0,0.0,7.95
13.0,58.0,46.72,0.0,5.5
14.0,58.0,53.11,0.0,5.0
15.0,58.0,49.46,0.0,4.85
16.0,58.0,46.14,0.0,6.18
17.0,58.0,11.29,0.0,3.73
18.0,58.0,18.46,0.0,4.29
19.0,58.0,3.2,0.0,3.8
20.0,58.0,4.52,0.0,3.22
21.0,58.0,4.11,0.0,2.41
22.0,58.0,11.12,0.0,9.83
23.0,58.0,,0.0,
24.0,58.0,,0.0,
-8.0,59.0,2.45,0.0,1.22
-7.0,59.0,1.2,0.0,1.22
-6.0,59.0,1.24,0.0,1.02
-5.0,59.0,9.17,0.0,2.97
-4.0,59.0,5.39,0.0,2.84
-3.0,59.0,2.99,0.0,1.68
-2.0,59.0,2.32,0.0,1.45
-1.0,59.0,1.78,0.0,1.62
0.0,59.0,3.78,0.0,1.64
1.0,59.0,4.69,0.0,1.87
2.0,59.0,7.39,0.0,2.05
3.0,59.0,8.63,0.0,2.39
4.0,59.0,15.1,0.0,4.05
5.0,59.0,26.14,0.0,4.73
6.0,59.0,61.58,0.0,6.22
7.0,59.0,66.18,0.0,5.66
8.0,59.0,31.08,0.0,23.13
9.0,59.0,54.32,0.0,7.43
10.0,59.0,59.96,0.0,7.49
11.0,59.0,33.07,0.0,12.51
12.0,59.0,59.46,0.0,2.05
13.0,59.0,35.98,0.0,5.98
14.0,59.0,45.73,0.0,3.42
15.0,59.0,59.92,0.0,3.88
16.0,59.0,52.86,0.0,9.46
17.0,59.0,40.0,0.0,14.27
18.0,59.0,22.49,0.0,8.32
19.0,59.0,6.51,0.0,3.63
20.0,59.0,10.0,0.0,4.94
21.0,59.0,11.74,0.0,6.66
22.0,59.0,14.44,0.0,10.87
23.0,59.0,,0.0,
24.0,59.0,,0.0,
25.0,59.0,,0.0,
26.0,59.0,,0.0,
-8.0,60.0,0.75,0.0,0.95
-7.0,60.0,0.33,0.0,1.16
-6.0,60.0,0.41,0.0,0.33
-5.0,60.0,4.9,0.0,6.29
-4.0,60.0,4.61,0.0,8.11
-3.0,60.0,3.28,0.0,3.22
-2.0,60.0,5.06,0.0,3.88
-1.0,60.0,5.27,0.0,3.82
0.0,60.0,6.51,0.0,4.34
1.0,60.0,7.05,0.0,5.33
2.0,60.0,13.98,0.0,7.72
3.0,60.0,21.45,0.0,6.62
5.0,60.0,51.91,0.0,4.36
6.0,60.0,70.12,13.89,12.07
7.0,60.0,29.42,0.0,27.43
8.0,60.0,28.8,0.0,20.66
9.0,60.0,75.02,50.0,4.98
10.0,60.0,61.24,0.0,7.34
11.0,60.0,69.54,11.11,4.5
12.0,60.0,57.72,0.0,3.44
13.0,60.0,47.97,0.0,8.78
14.0,60.0,51.99,0.0,12.05
15.0,60.0,50.62,0.0,16.35
16.0,60.0,52.45,0.0,21.6
17.0,60.0,54.44,0.0,15.89
18.0,60.0,50.08,0.0,13.65
19.0,60.0,18.76,0.0,7.32
20.0,60.0,20.29,0.0,9.29
21.0,60.0,15.27,0.0,12.16
22.0,60.0,22.45,0.0,16.7
23.0,60.0,,0.0,
24.0,60.0,,0.0,
25.0,60.0,,0.0,
26.0,60.0,,0.0,
-7.0,61.0,2.57,0.0,3.96
-6.0,61.0,2.16,0.0,4.25
-5.0,61.0,2.78,0.0,3.67
-4.0,61.0,2.99,0.0,4.92
-3.0,61.0,2.99,0.0,1.72
-2.0,61.0,4.69,0.0,2.66
-1.0,61.0,5.06,0.0,2.07
0.0,61.0,6.18,0.0,3.09
1.0,61.0,4.36,0.0,5.21
2.0,61.0,7.68,0.0,5.25
7.0,61.0,82.9,94.44,4.38
8.0,61.0,86.85,100.0,3.59
9.0,61.0,56.85,0.0,7.63
11.0,61.0,57.26,0.0,8.69
12.0,61.0,61.33,0.0,5.73
15.0,61.0,49.05,0.0,14.44
16.0,61.0,50.91,0.0,20.85
17.0,61.0,50.91,0.0,19.9
18.0,61.0,33.53,0.0,8.09
19.0,61.0,15.52,0.0,4.38
20.0,61.0,15.81,0.0,5.71
21.0,61.0,8.09,0.0,7.74
22.0,61.0,31.16,0.0,8.32
23.0,61.0,,0.0,
24.0,61.0,,0.0,
25.0,61.0,,0.0,
26.0,61.0,,0.0,
27.0,61.0,,0.0,
