farm_id,n_turb,layout_type,spacing_D_med,spacing_match,capacity_MW,E_base,E_S1,E_S2,E_S3,G_plan_S1,G_plan_S2,G_plan_S3,G_info_S1,G_info_S2,G_info_S3,V1,V2,V3,pos_frac_S1,pos_frac_S2,pos_frac_S3,g_so_S1_p05,g_so_S1_p95,g_so_S2_p05,g_so_S2_p95,g_so_S3_p05,g_so_S3_p95,monotonic,dE_GWh_S1,e_MWhperMW_S1,dE_GWh_S2,e_MWhperMW_S2,dE_GWh_S3,e_MWhperMW_S3,e_base_MWhperMW,area_real_km2,Y_area_S1,Y_area_S2,Y_area_S3,corridor
0,928,multi_cluster,3.243,3.0,9280,34044654.54046248,34050394.245624594,30982104.0,37237376.0,0.016859343234908397,-8.995686934706889,9.378040407908776,1.752726628786399,2.6586179733276367,10.364856,5739.705162115395,-3068290.2456245944,6255272.0,1.0,1.0,0.8,0.9777685214683038,2.190182160564064,0.5040561556816101,1.8023868799209595,-0.069657795,0.48254362,False,5.326446390441561,3405.0394245624593,-2842.0469015491813,3098.2104,2962.8455144508184,3723.7376,3404.465454046248,3009.2414144729128,11315.275033056372,1135457.8904932933,114280.46722030923,other
1,588,multi_cluster,3.421,3.0,5880,33701500.48263328,33702571.41963244,30738668.0,36903248.0,0.0031777131101815076,-8.791396347946154,9.500311474311403,1.7227533036519742,2.611156463623047,10.304735,1070.9369991645217,-2963903.4196324423,6164580.0,1.0,1.0,1.0,1.230129678781461,2.0834733170509026,0.7872254252433777,1.5134998559951782,0.08488096,0.44420683,False,0.6297109555077077,3370.257141963244,-1742.1454997883686,3073.8668,1882.6275402116319,3690.3248,3370.150048263328,1574.3978347671784,21406.642384398587,1126536.2456937623,116075.3259416529,other
2,572,cluster,3.539,3.0,5720,44549299.95707775,44556162.294056945,47573632.0,51703832.0,0.015403916527997484,6.788730790014943,16.059808010037155,0.35784685421196333,0.700007438659668,7.672575,6862.336979195476,3017469.7059430555,4130200.0,1.0,1.0,1.0,0.2840896285670999,0.5542722763682455,0.2092358022928238,0.6287553310394287,0.10368944,0.3216312,True,3.925256752103633,4455.616229405695,1729.9179285515277,4757.3632,4092.39232855153,5170.3832,4454.929995707775,624.0069496921817,71403.3109984371,854508.6905239462,158677.61675904272,other
3,441,multi_cluster,2.413,3.0,4410,33694447.41004222,33702119.48342977,31717190.0,37950264.0,0.022769548033192435,-5.868199546293558,12.630616962394186,2.982161395084581,2.4871559143066406,10.026904,7672.073387548327,-1984929.4834297672,6233074.0,1.0,1.0,1.0,1.704915756523007,3.679344968907946,0.22101297974586487,1.9834496974945068,0.07935795,0.27369335,False,3.383384363910741,3370.211948342977,-871.9705178286174,3171.719,1876.8151161713834,3795.0264,3369.4447410042217,504.8712901142484,66753.88389742511,1162397.9330059371,116468.30058740126,other
4,364,multi_cluster,2.617,3.0,3640,32377784.304087996,33143902.292243004,31474650.0,37588412.0,2.3661841124140106,-2.789364138095044,16.093218878025922,3.998910204734018,5.871982574462891,11.963577,766117.9881550074,-1669252.2922430038,6113762.0,1.0,1.0,1.0,3.5995855560297865,4.371430844399821,3.262380599975586,4.939358711242676,0.71237284,1.1254278,False,278.86694768842386,3314.3902292243006,-328.7408866880297,3147.465,1896.6684813119691,3758.8412,3237.7784304087995,396.4318391205543,83605.55087040826,1153509.1255588946,115357.78690285476,other
5,339,belt,6.349,7.0,3390,53154532.81327789,53205014.48596575,54505140.0,54692452.0,0.09497152926767541,2.5409068902299303,2.893298285819828,0.12685421173533906,1.378649353981018,7.061926,50481.67268785834,1300125.514034249,187312.0,1.0,0.8,0.8,0.03927877501466733,0.16986603266847855,-0.0038302354514598846,0.41355055570602417,-0.048458308,0.19538723,True,17.11328704118325,5320.501448596575,457.85583629879494,5450.514,521.3546042987955,5469.2452,5315.453281327789,841.9428348280384,63193.14362575761,697704.4913424533,167849.60809226558,other
6,292,cluster,3.67,3.0,2920,28978504.687166527,29058106.31155596,27726872.0,31528046.0,0.27469196650676353,-4.319176233136789,8.798043033471522,2.7774089904365993,1.4296945333480835,11.856669,79601.62438943237,-1331234.3115559593,3801174.0,1.0,1.0,1.0,2.6071581359833664,3.0281251083849807,0.5712383985519409,1.4171690940856934,1.110306,1.617876,False,23.243674321713314,2905.8106311555957,-365.4767446526267,2772.6872,744.4660633473736,3152.8046,2897.850468716653,466.7266044440933,62259.37419223479,498024.8950730747,529429.3294822925,other
7,284,rule_grid,3.94,3.0,2840,48325906.94433902,48331064.58270418,44464316.0,54548604.0,0.010672615769213458,-7.9907262760463835,12.876524102958227,0.22049035948986526,0.502336323261261,7.305591,5157.638365156949,-3866748.582704179,10084288.0,0.8,1.0,1.0,-0.0012671881394681409,0.6482612105812406,0.05724714323878288,1.0311639308929443,0.011903707,0.36788094,False,1.464769295703627,4833.1064582704175,-1096.6918281922824,4446.4316,1767.2459638077164,5454.8604,4832.590694433902,219.10316962142903,220585.87589678227,2520414.7000472364,167408.14259671865,other
8,278,multi_cluster,3.599,3.0,2780,37557233.49196506,37776076.09137017,34210092.0,40913520.0,0.5826909467437976,-8.912108749120579,8.936458295718124,1.8995324682005026,5.725575923919678,12.130961,218842.59940510988,-3565984.091370173,6703428.0,1.0,1.0,1.0,1.5969532616155149,2.041351969939782,2.9666459560394287,4.641270637512207,0.7169348,1.1268775,False,60.83824263462094,3777.6076091370173,-930.5053347662873,3421.0092,933.0476492337124,4091.352,3755.723349196506,513.1268305080745,73619.37409113074,1253759.876859928,125562.45051282523,other
9,267,multi_cluster,3.732,3.0,2670,44869360.71653381,45358183.83468285,45504512.0,51642160.0,1.08943633326364,1.4155567927049708,15.094485803472784,0.6291759445557146,1.9437742233276367,7.345465,488823.11814904213,146328.16531714797,6137648.0,1.0,1.0,1.0,0.3435350066334272,0.7026320323133283,0.3492332994937897,1.0372298955917358,0.06357687,0.29133168,True,130.51577254579345,4535.818383468285,169.58539268547366,4550.4512,1808.3374086854735,5164.216,4486.936071653381,264.3752323532405,171567.44764229003,1667687.165579418,158488.34711301798,other
10,246,cluster,5.711,5.0,2460,52119960.862273365,52154147.76240285,53042360.0,54214484.0,0.06559272026281984,1.7697617620321475,4.0186583087838414,0.1442257601142116,0.2991292178630829,7.2814345,34186.90012948215,888212.2375971526,1172124.0,1.0,1.0,1.0,0.07572726836665103,0.2869514029565417,0.0740734413266182,0.30329957604408264,0.051668063,0.21850008,True,8.409977431852058,5215.4147762402845,226.91018788075195,5304.236,515.2526918807528,5421.4484,5211.9960862273365,646.9856820154778,80610.97673743447,342985.4703231188,166382.7376458529,other
11,246,belt,3.033,3.0,2460,48296461.07333849,48302156.32330317,50793600.0,55292444.0,0.011792271810616772,5.170438726078883,14.485498049304399,0.5810809808539645,7.0627760887146,7.154263,5695.249964676797,2491443.6766968295,4498844.0,1.0,1.0,0.8,0.6529197461055576,0.8959576308920703,1.521634578704834,2.9360733032226562,-0.0024782773,0.20344532,True,1.4010314913098227,4830.215632330317,614.2961759587291,5079.36,1721.011799958729,5529.2444,4829.64610733385,163.693386694902,295077.0174566098,3539952.608837058,169690.96678758418,other
12,244,multi_cluster,2.736,3.0,2440,37018907.20128269,37843912.49455821,34631024.0,40255156.0,2.228605206495491,-6.450442170804946,8.742151088147676,5.690746354561369,7.192924499511719,11.5936775,825005.2932755202,-3212888.4945582077,5624132.0,1.0,1.0,1.0,4.929960087916215,5.742608401064469,4.927995204925537,6.030685901641846,2.123534,2.4568076,False,201.30129155922728,3784.391249455821,-582.643501112975,3463.1024,789.6447068870249,4025.5156,3701.8907201282686,309.1703219458837,122404.73877431967,1269186.5425492926,675977.8341253715,China_strait
13,215,multi_cluster,3.596,3.0,2150,37027544.92254222,37082847.335683,39467916.0,45930932.0,0.14935479318563552,6.5906910181670995,24.045307611084503,0.35355384461835043,2.3753368854522705,8.820865,55302.413140781224,2385068.664316997,6463016.0,1.0,1.0,1.0,0.2365888582943614,0.43939421805902773,0.42993247509002686,1.4885785579681396,0.118729904,0.4170757,True,11.890018825268704,3708.2847335683005,524.6797816534228,3946.7916,1914.2282216534234,4593.0932,3702.754492254222,170.95746409703926,216912.71294615106,1446452.9795499523,140960.7478471161,other
14,181,multi_cluster,3.465,3.0,1810,32213324.597076762,32369152.52405771,29146450.0,35036236.0,0.4837374872976849,-9.520515610968852,8.763179331013248,1.6368345612232864,3.522634744644165,11.059599,155827.9269809462,-3222702.5240577087,5889786.0,1.0,1.0,1.0,1.3889673453656173,1.8971717369573675,0.8636181950569153,2.4430551528930664,0.20165622,0.6534115,False,28.20485478355129,3236.915252405771,-555.1043020708939,2914.645,510.9469639291059,3503.6236,3221.332459707676,344.6858106566103,93909.15298310654,1068183.3174521732,107525.23001945729,other
15,182,cluster,5.589,5.0,1820,46289003.52282278,46351611.17911811,48211992.0,49422476.0,0.13525384331175036,4.154309513768402,6.7693668878230655,0.13911898941981454,0.3572579026222229,8.10016,62607.65629532933,1860380.8208818883,1210484.0,1.0,1.0,1.0,0.14729405722082275,0.20633771204836618,0.08539576828479767,0.36139625310897827,0.02083692,0.363667,True,11.394593445748633,4635.161117911811,349.98390284625293,4821.1992,570.2919908462522,4942.2476,4628.900352282279,352.55866150722466,131472.05341930955,311751.07501503406,151676.19889394246,other
16,178,cluster,4.276,5.0,1780,50842697.09732666,50844554.80557597,54323072.0,55493896.0,0.0036538349760478154,6.845378198585656,9.148214332079373,0.14491501625308167,0.2870795428752899,7.070891,1857.708249308169,3478517.194424033,1170824.0,1.0,1.0,1.0,0.06373624395194398,0.25108041642880446,0.06708142161369324,0.5693673491477966,0.06518378,0.38061765,True,0.3306720683768981,5084.455480557596,619.5067326758559,5432.3072,827.9134046758562,5549.3896,5084.269709732665,156.98091835059586,323890.03287661663,351266.8817774444,170309.21735074054,other
17,175,cluster,3.269,3.0,1750,41535975.101225615,41684552.25918849,44503792.0,48800412.0,0.35770716252786244,7.145172086466349,17.489506099400643,0.834239495579588,1.019891619682312,8.6735935,148577.15796287358,2819239.740811512,4296620.0,1.0,1.0,1.0,0.3716008891837168,1.2454283913033921,0.2905014455318451,0.6118141412734985,0.123442866,0.35767192,True,26.00100264350272,4168.455225918849,519.3679572855183,4450.3792,1271.2764572855172,4880.0412,4153.597510122561,107.34693348601884,388316.1903699615,799368.797935589,149767.1018469074,other
18,174,multi_cluster,4.152,5.0,1740,50125371.280812174,50234604.59813955,52299908.0,54611956.0,0.2179202159230427,4.338195735260781,8.950726158322293,0.1415099369362713,0.7237020134925842,7.2430053,109233.31732737273,2065303.4018604532,2312048.0,1.0,0.8,0.6,0.11792742086846293,0.3120072326311873,-0.022914856672286987,0.8327350616455078,-0.079902604,0.30453232,True,19.00659721496255,5023.460459813955,378.3693891386803,5229.9908,780.665741138681,5461.1956,5012.537128081218,234.49409214818957,214225.4593194338,690023.9859620113,167602.56811583528,other
19,171,multi_cluster,3.263,3.0,1710,28672901.466584787,28824911.599773526,26461446.0,32316686.0,0.5301526019816691,-7.712702075728202,12.70811235361603,2.1177763041452646,3.1548051834106445,11.468398,152010.13318873942,-2363465.599773526,5855240.0,1.0,1.0,0.8,1.5734536913651467,2.3143484296179997,0.9839122891426086,2.0171635150909424,0.05306145,0.5387997,False,25.99373277527484,2882.4911599773527,-378.15888478599817,2646.1446,623.0871552140017,3231.6686,2867.2901466584785,191.0338957445402,150888.99007911977,969781.0598841896,101648.7725092396,other
20,167,cluster,3.452,3.0,1670,49921801.757881664,49938352.44699814,51756268.0,55878396.0,0.03315322871708039,3.6746795538658827,11.931849477323619,0.30593075986267465,0.5322220921516418,7.0011306,16550.689116477966,1817915.5530018583,4122128.0,1.0,1.0,1.0,0.29940666927378895,0.48302368938045287,0.12085964530706406,0.6158938407897949,0.039496344,0.3666463,True,2.7639650824513318,4993.835244699814,306.3558624337616,5175.6268,994.751238433762,5587.8396,4992.180175788167,124.62267389979309,400716.4257055879,929636.4169775059,171489.23711492075,other
21,162,multi_cluster,2.472,3.0,1620,44955837.03847071,45493329.25498579,41762916.0,47052424.0,1.1956005091288215,-7.102350326028595,4.663659047734223,5.734782519607898,4.766271591186523,8.469408,537492.2165150791,-3730413.254985787,5289508.0,1.0,1.0,1.0,5.38307774520637,6.186734079218732,3.309429168701172,4.063072204589844,1.3075249,1.8532556,False,87.0737390754421,4549.332925498578,-517.2532082322556,4176.2916,339.64708776774535,4705.2424,4495.583703847071,263.9390604287396,172363.00372171873,1530562.0464707175,790119.7964769693,other
22,161,multi_cluster,2.508,3.0,1610,39684807.13564476,40306843.41617399,42500684.0,49438704.0,1.567441863590443,7.095604256637611,24.57841569196973,0.9741830702259603,2.3409059047698975,8.768703,622036.2805292234,2193840.583826013,6938020.0,1.0,1.0,1.0,0.5372620482821588,1.6896510900537123,0.15448887646198273,2.008643865585327,0.61919856,1.0179627,True,100.14784116520497,4030.684341617399,453.3561751611931,4250.0684,1570.3773951611927,4943.8704,3968.4807135644764,82.243278055701,490092.86070620053,1557600.3811478412,151726.00217283223,other
23,156,belt,4.062,5.0,1560,49203396.422236115,49297329.69075105,53328968.0,54696412.0,0.19090809851591486,8.38472926210323,11.16389513160004,0.180907862138071,2.900066614151001,7.2378078,93933.26851493865,4031638.3092489466,1367444.0,1.0,1.0,1.0,0.009597116232399566,0.2839523781358459,0.7266952395439148,1.2265965938568115,0.037197575,0.3447497,True,14.653589888330389,4929.732969075106,643.589166131166,5332.8968,856.9104301311654,5469.6412,4920.339642223612,134.0747024853092,367685.5422905201,1337985.1973271559,167861.76122169642,other
24,156,cluster,3.518,3.0,1560,26267584.512932833,26365904.662382826,27157886.0,31121512.0,0.3743022103977054,3.3893542309869686,18.4787736560906,0.4910131745106916,0.9292982220649719,11.940347,98320.14944999292,791981.3376171738,3963626.0,1.0,0.8,1.0,0.3095399199103839,0.9090603875782417,0.11031581461429596,1.363928198814392,0.09478953,0.53868884,True,15.33794331419871,2636.5904662382827,138.88703198247745,2715.7886,757.2126879824774,3112.1512,2626.7584512932835,139.48334163848222,189025.4732405171,487804.8748360985,95511.05136845466,other
25,152,multi_cluster,3.741,3.0,1520,48800836.10722775,49036865.646486975,47029932.0,53458108.0,0.48365880195291877,-3.6288396849116005,9.54342643338948,0.39749784427724677,1.880284309387207,7.2733502,236029.53925922513,-2006933.6464869753,6428176.0,1.0,1.0,0.8,0.3056265693482059,0.5739649944254248,0.20800769329071045,1.1987208127975464,-0.013590497,0.36127374,False,35.87648996740223,4903.686564648698,-269.17742429861835,4702.9932,707.9053277013821,5345.8108,4880.083610722775,325.5092973573511,150646.5899579306,1723592.0252143955,164061.4408210114,other
26,140,cluster,4.53,5.0,1400,47283659.53535167,47402711.98755112,50030472.0,51236792.0,0.25178349850531756,5.809221392000491,8.360462162817084,0.18238454101429255,0.4454895257949829,8.072619,119052.45219945163,2627760.012448877,1206320.0,1.0,1.0,1.0,0.13605348476924958,0.33466285233309584,0.1354241520166397,0.38271382451057434,0.11893035,0.274073,True,16.667343307922785,4740.271198755112,384.553745050766,5003.0472,553.4385450507654,5123.6792,4728.365953535167,173.31439635989005,273507.06567455974,323509.8319420106,157244.2840395038,other
27,138,multi_cluster,2.757,3.0,1380,50780087.07161858,50811767.160733506,50378784.0,56622640.0,0.06238683496199247,-0.7902764543365091,11.505598484187855,0.2556276353218433,2.0336663722991943,6.8708773,31680.089114926755,-432983.1607335061,6243856.0,1.0,1.0,1.0,0.1695792666016007,0.38478248045789404,0.4549410343170166,1.220912218093872,0.06534452,0.28637338,False,4.371852297859659,5081.176716073351,-55.37982388336484,5037.8784,806.272304116636,5662.264,5078.008707161858,193.59652165005318,262462.1905789264,1846323.5358792054,173773.30117050596,other
28,134,multi_cluster,2.727,3.0,1340,36189000.34059812,36641990.693717204,33136968.0,39381504.0,1.2517349162886433,-8.43359117929058,8.821751442027022,2.9174149599520933,2.491450548171997,9.732041,452990.35311908275,-3505022.693717204,6244536.0,1.0,1.0,1.0,1.666482857401343,3.4074161869729904,0.5663514733314514,1.5858076810836792,0.07913378,0.36919197,False,60.70070731795676,3664.1990693717203,-408.9723336401482,3313.6968,427.79549035985156,3938.1504,3618.9000340598122,133.48844544629537,274495.59826104116,1214431.1368467344,120860.7361850222,other
29,131,cluster,3.43,3.0,1310,47082727.27760158,47091001.203705974,49101432.0,53262768.0,0.01757316660016994,4.287569644162841,13.125919163434745,0.4285437250293059,0.5498915314674377,7.383695,8273.926104396582,2010430.796294026,4161336.0,1.0,1.0,0.8,0.38718089497247565,0.637462806621701,0.059709176421165466,0.8120519518852234,-0.03035115,0.31081843,True,1.0838843196755443,4709.100120370597,264.45031863419365,4910.1432,809.5853346341926,5326.2768,4708.272727760158,88.01743045745344,535019.0406486496,881950.7487082464,163461.94781519877,other
30,129,cluster,2.89,3.0,1290,41552440.416375,41718832.71218038,45103576.0,49587412.0,0.4004392862081219,8.546154083950196,19.336942675594525,0.8023674663591553,0.6118500232696533,8.530196,166392.2958053872,3384743.2878196165,4483836.0,1.0,0.6,1.0,0.5752653930263055,1.2413769514700226,-0.027140693739056587,0.5301917195320129,0.047002446,0.1593773,True,21.4646061588953,4171.883271218038,458.09649028762624,4510.3576,1036.5113342876264,4958.7412,4155.244041637499,66.83963753668527,624163.0602691822,810142.006095042,152182.38287268064,other
31,129,multi_cluster,4.524,5.0,1290,45476083.08447911,45540904.95768101,49410976.0,51685436.0,0.14254058134576414,8.652664540636003,13.654106717999491,0.17951765826320684,0.8331210613250732,7.604077,64821.87320189923,3870071.0423189923,2274460.0,0.6,1.0,1.0,-0.021951145297951336,0.3234982467944608,0.11890791356563568,0.8551926612854004,0.07763616,0.36724585,True,8.362021643045036,4554.0904957681005,507.60118610219547,4941.0976,801.0065261021954,5168.5436,4547.6083084479105,203.20777382902986,224110.05297463242,651908.5771583628,158621.1599486868,other
32,128,multi_cluster,2.443,3.0,1280,30754941.73154242,30796819.162257064,27681356.0,33556884.0,0.13616488394024429,-9.993794683051327,9.11054325160335,5.642060740369516,6.1764349937438965,13.168667,41877.43071464449,-3115463.162257064,5875528.0,1.0,1.0,1.0,5.241746569209567,6.078530720927352,3.6438722610473633,4.73291540145874,2.0969002,2.4484284,False,5.360311131474446,3079.6819162257066,-393.4189736374299,2768.1356,358.64861036257,3355.6884,3075.494173154242,167.80061582342242,183532.21775219668,1014489.3351902073,563498.2452015919,other
33,109,multi_cluster,4.935,5.0,1090,32296034.283170875,32296800.662539672,31338870.0,33586032.0,0.002372982893433132,-2.963720792399714,3.994291390448917,1.7922402810385254,2.709350109100342,13.528082,766.3793687969446,-957930.6625396721,2247162.0,1.0,1.0,1.0,1.5994045629969798,1.952501698311796,1.4686120748519897,2.155475378036499,1.8549999,2.43131,False,0.08353535119887966,3229.680066253967,-104.33090686562518,3133.887,140.60975113437465,3358.6032,3229.6034283170875,321.18571528212556,100554.90990366916,413472.4671589345,563987.7080149788,other
34,125,multi_cluster,3.492,3.0,1250,57359263.30186384,58158599.860960595,57018420.0,61210504.0,1.3935614111535841,-0.5942253826903078,6.714243657329217,2.7210607116491548,4.9965996742248535,6.220304,799336.5590967536,-1140179.8609605953,4192084.0,1.0,1.0,1.0,2.589090570858123,2.73532376760923,3.9277336597442627,4.287069797515869,1.3908874,1.549202,False,99.91706988709439,5815.859986096059,-42.60541273298032,5701.842,481.40508726702024,6121.0504,5735.926330186384,147.91400689477348,393191.97067208664,2089658.4328959906,1027866.937582912,other
35,120,multi_cluster,2.764,3.0,1200,33485783.67104822,33929857.17114586,31341052.0,38187624.0,1.3261553155214991,-6.404902128369638,14.04130294557504,2.3926451832257145,5.413681983947754,12.921802,444073.50009763613,-2588805.1711458564,6846572.0,1.0,1.0,1.0,2.0519538453287556,2.927694176982493,2.0359995365142822,4.140127182006836,0.531635,0.97510433,False,53.288820011716055,3392.9857171145854,-257.36780052578655,3134.1052,564.2208394742137,3818.7624,3348.578367104822,124.37897604323744,272794.15099341975,1148612.91504801,117196.75179995212,other
36,116,rule_grid,3.787,3.0,1160,40402374.139337614,40786632.22191486,38531020.0,47707472.0,0.951077976883324,-4.631792510221763,18.08086286085304,0.7092548125657597,1.6273020505905151,8.186361,384258.08257724345,-2255612.2219148576,9176452.0,1.0,1.0,1.0,0.2547021437017806,1.0109402925050188,0.6493085026741028,1.8790233135223389,0.16276115,0.35967582,False,44.57393757896028,4078.6632221914856,-217.07708016316317,3853.102,847.3913518368367,4770.7472,4040.237413933761,63.530062248534115,642005.2299390902,2184091.828058573,146412.89950344033,other
37,114,multi_cluster,3.385,3.0,1140,26135886.611716416,26209705.39009746,22777574.0,28321290.0,0.2824422200697557,-12.849430599423107,8.36169601112324,1.149706578091215,4.150467872619629,12.998803,73818.77838104591,-3432131.3900974616,5543716.0,1.0,1.0,1.0,0.727269821559229,1.5583341844280054,1.6041457653045654,2.732832193374634,0.32731253,0.7758917,False,8.415340735439276,2620.970539009746,-382.8476377356713,2277.7574,249.13598626432864,2832.129,2613.5886611716414,235.0350708036204,111514.01916523572,834771.4578904932,89081.67020523708,other
38,115,multi_cluster,2.719,3.0,1150,34234270.74037513,34394533.52536973,32300704.0,38623064.0,0.46813553064996904,-5.648044192437627,12.819882429827326,1.9812300578879571,2.72125244140625,10.16305,160262.7849946022,-2093829.5253697336,6322360.0,1.0,1.0,1.0,1.397210362544018,2.204689785895939,0.9206282496452332,1.7469744682312012,0.13256219,0.4026737,False,18.430220274379238,3439.4533525369734,-222.3601751431401,3230.0704,504.71122485685976,3862.3064,3423.427074037513,124.46371293143264,276341.85671704786,1183783.0389210584,118533.1050018107,other
39,114,multi_cluster,4.722,5.0,1140,43940751.932109535,44309035.67542164,44949940.0,46216700.0,0.8381370985210282,2.2967018622023283,5.179583798217447,2.213486100905727,2.7411324977874756,7.3792715,368283.74331210554,640904.3245783597,1266760.0,1.0,1.0,1.0,2.0613921550573395,2.364416271668326,2.255131244659424,2.4661061763763428,1.9781346,2.1966476,True,41.98434673757985,4430.903567542164,115.04743973951285,4494.994,259.45807973951327,4621.67,4394.075193210953,211.99660988874533,209008.22753097222,593051.4594318836,776086.0438951487,other
40,114,multi_cluster,5.274,5.0,1140,54723048.42987156,54723048.42987156,53536504.0,55728392.0,0.0,-2.1682718048723735,1.837148329586946,0.30043912042005205,0.9056163430213928,7.0202966,0.0,-1186544.4298715591,2191888.0,1.0,1.0,1.0,0.12043679498822736,0.5189179179319875,0.24782083928585052,0.6589391231536865,0.11142252,0.25759962,False,0.0,5472.304842987156,-135.26606500535735,5353.6504,114.60916699464255,5572.8392,5472.304842987156,385.55704625741845,141932.42987273933,706339.137050703,171028.8790272586,other
41,102,multi_cluster,3.484,3.0,1020,39861877.23806399,40206191.73442829,37066420.0,42532384.0,0.8637688945454646,-7.012858981449617,6.699400396993721,3.6101732259546284,5.984157085418701,10.093231,344314.4963642955,-3139771.7344282866,5465964.0,1.0,1.0,1.0,3.2629794774330705,3.9349401577846934,4.068121433258057,4.5543107986450195,1.7619978,1.9212277,False,35.12007862915812,4020.6191734428285,-285.1366382825271,3706.642,272.3916897174733,4253.2384,3986.187723806399,121.93594687870198,329732.0664137224,1358440.9587334164,714217.7965105539,other
42,111,multi_cluster,2.523,3.0,1110,56562044.74432383,56651964.22020395,54094592.0,57328060.0,0.15897493855921355,-4.362382504871244,1.3542920153236586,4.268885625046844,4.086718559265137,5.243132,89919.47588012367,-2557372.220203951,3233468.0,1.0,1.0,1.0,3.8257515114914455,4.655739348167268,3.0527215003967285,3.8203883171081543,1.1626109,1.5942483,False,9.981061822693773,5665.196422020395,-273.8872546199448,5409.4592,85.02769338005442,5732.806,5656.204474432383,122.18499140119074,463657.30823836563,1982503.5549365974,962671.6595859012,other
43,111,belt,3.514,3.0,1110,48961034.19458654,48969912.17651539,47777732.0,52327256.0,0.018132750001912317,-2.416824346241795,6.875307805049703,0.8276371175809358,8.086620330810547,7.9024625,8877.98192885518,-1192180.176515393,4549524.0,1.0,1.0,0.8,0.6048233378410471,1.0693721889417656,1.9395326375961304,2.9952354431152344,4.5873225e-05,0.23236933,False,0.9854559941027765,4896.991217651539,-131.34654359910596,4777.7732,373.6506204008941,5232.7256,4896.103419458654,118.96189849537323,411643.6673917067,3329768.0620731306,160590.88760810456,other
44,108,multi_cluster,2.901,3.0,1080,32327073.340288054,32345226.3496805,28705646.0,34709520.0,0.056154199922022044,-11.202459629325,7.369818587143146,1.8462460906066802,2.5890893936157227,10.708022,18153.009392444044,-3639580.3496804982,6003874.0,1.0,0.8,0.8,1.7098018825077337,2.192093476473141,0.029149726033210754,1.5105963945388794,-0.12101041,0.3564308,False,1.9605250143840385,3234.5226349680497,-391.1141527511095,2870.5646,257.3042392488906,3470.952,3232.7073340288052,150.45110400795252,214988.29512059147,1052028.3661951183,106522.54773786069,other
45,106,multi_cluster,1.99,3.0,1060,55978904.576091714,56026082.28263373,57018420.0,61210504.0,0.08427765226789453,1.8569770733817774,9.345662376792335,4.11891998800173,4.9965996742248535,6.220304,47177.706542015076,992337.7173662707,4192084.0,1.0,1.0,1.0,3.820691013573171,4.194265422741626,3.9277336597442627,4.287069797515869,1.3908874,1.549202,True,5.000836893453652,5602.608228263373,110.18863493427752,5701.842,554.549538934278,6121.0504,5597.890457609172,61.22238652684246,915124.1149031252,2089658.4328959906,1027866.937582912,other
46,105,multi_cluster,3.134,3.0,1050,60733844.07030632,61154671.90520186,58451136.0,62948260.0,0.6929049878818477,-3.75854370038529,3.6460987503610647,2.781769307034277,3.888441324234009,5.6552906,420827.8348955363,-2703535.90520186,4497124.0,1.0,1.0,1.0,2.6273324588153035,2.8130078745532767,2.7989916801452637,3.1683597564697266,1.0567278,1.1941502,False,44.18692266403123,6115.467190520186,-239.68434738216422,5845.1136,232.51367261783616,6294.826,6073.384407030632,103.48561372426617,590948.535785335,2142165.799311002,1057047.9085153902,other
47,104,multi_cluster,3.951,3.0,1040,35772625.06651655,36203943.787688665,31526190.0,37702868.0,1.2057228687302413,-11.870627494126072,5.3958660565007674,3.133749548772874,5.513362884521484,11.928923,431318.7211721167,-4677753.787688665,6176678.0,1.0,1.0,1.0,2.848092641586755,3.4113219048902583,3.353487491607666,3.907013416290283,1.60723,2.1673272,False,44.857147001899975,3620.3943787688663,-441.6292469177208,3152.619,200.74526508227888,3770.2868,3577.262506651655,172.12125021178218,210339.76771109,1155398.0063035989,633118.9736528354,other
48,102,belt,3.74,3.0,1020,50436034.389620066,50641215.25929039,48489008.0,52962280.0,0.40681404109866154,-3.8603875447050835,5.008810944303436,1.0038244032704038,7.412086009979248,7.5752726,205180.86967032403,-2152207.2592903897,4473272.0,1.0,1.0,0.8,0.8141896262143468,1.1898247312909764,1.4204288721084595,2.6639564037323,0.026536189,0.24426363,False,20.928448706373675,5064.121525929039,-198.59669174124605,4848.9008,257.67705225875363,5296.228,5043.603438962006,141.3834297781432,358183.5250337033,3379338.9397388836,162539.75853327688,other
49,101,rule_grid,2.408,3.0,1010,38390714.82824243,38447597.710141204,40246832.0,50163100.0,0.14816833224717493,4.834807531096306,30.664667809459814,1.774712494702533,1.4355329275131226,8.328364,56882.8818987757,1799234.2898587957,9916268.0,1.0,1.0,1.0,1.3014596018661877,2.2687176048519793,1.1026935577392578,1.9686335325241089,0.17473763,0.43942356,True,5.7451710717760855,3844.7597710141204,187.46783434751447,4024.6832,1189.010902347515,5016.31,3839.071482824243,26.896314411459116,1429474.5786344872,2281350.8927727914,153949.15327060357,other
50,100,multi_cluster,3.501,3.0,1000,29842718.897692133,29843314.82072735,26391688.0,32207984.0,0.001996879162580832,-11.564063279633062,7.92576946630283,2.0456949707648224,3.113306999206543,11.426517,595.9230352155864,-3451626.8207273483,5816296.0,1.0,1.0,1.0,1.8280591298019757,2.3135921938230584,0.8222134113311768,1.6652947664260864,0.0983392,0.47895005,False,0.059592303521185386,2984.3314820727346,-345.1030897692135,2639.1688,236.5265102307867,3220.7984,2984.2718897692134,117.60208703917809,253765.18029637786,967224.5107381074,101306.86168121413,other
51,91,belt,4.226,5.0,910,46777815.71845945,46777815.71845945,50223384.0,51726476.0,0.0,7.365816955366859,10.579075156747242,0.3456222818808866,2.983203172683716,7.925596,0.0,3445568.2815405503,1503092.0,1.0,1.0,1.0,0.28992032151856156,0.44866463217990127,0.5780193209648132,1.0625051259994507,0.087351054,0.13276117,True,0.0,4677.781571845945,313.5467136201896,5022.3384,450.32808562019017,5172.6476,4677.781571845945,73.96270076657514,632451.4279986792,1260068.3431878434,158747.11056278812,other
52,90,multi_cluster,1.703,3.0,900,54029624.58897534,54052458.12033249,53072104.0,58076764.0,0.04226113272274327,-1.772214033059783,7.490593247339484,5.506702180720484,5.171931266784668,7.239799,22833.5313571468,-980354.1203324869,5004660.0,1.0,1.0,1.0,5.173089443838968,5.676829259094732,3.7956466674804688,4.523071765899658,1.553704,1.6470443,False,2.055017822143145,5405.2458120332485,-86.17685300778058,5307.2104,364.24254699221973,5807.6764,5402.962458897534,112.19709406220835,481763.4411312184,1945030.5651249725,975244.1436751692,other
53,90,cluster,5.012,5.0,900,50301164.969674475,50361789.32734403,50893720.0,52126808.0,0.12052277060800444,1.1780145264682509,3.6294249475656613,0.34868193946172144,0.2687376141548157,7.814594,60624.35766955465,531930.6726559699,1233088.0,1.0,1.0,1.0,0.21549642038461186,0.5275571442234014,0.045579515397548676,0.45252177119255066,0.03452204,0.3008639,True,5.456192190260208,5036.178932734403,53.32995272929766,5089.372,164.30787272929746,5212.6808,5030.116496967447,132.287989892007,380698.12209299393,329091.81436672725,159975.71829291497,other
54,89,rule_grid,3.319,3.0,890,39770049.13804079,39964174.705081135,39109420.0,49039616.0,0.48812000801543354,-1.661122257475122,23.307908999017805,0.2805304919305418,0.7600268125534058,8.212616,194125.56704034656,-854754.705081135,9930196.0,0.8,1.0,0.8,-0.038429328212835165,0.6932351196855346,0.38051795959472656,1.2600401639938354,-0.04907321,0.25464383,False,17.27717546659081,3996.4174705081136,-58.79599328563033,3910.942,824.9914507143693,4903.9616,3977.004913804079,32.60323740865146,1225773.2017273968,2216877.8460085024,150501.212243971,other
55,88,rule_grid,3.249,3.0,880,44769644.597498424,44769644.597498424,42915064.0,52925840.0,0.0,-4.142495689148383,18.218137480942424,0.5559021378948397,0.7013108730316162,7.563689,0.0,-1854580.5974984244,10010776.0,1.0,0.8,1.0,0.2955453819607325,1.2429298646948825,0.090733602643013,1.1436667442321777,0.025586506,0.20892335,False,0.0,4476.964459749843,-163.2030925798614,4291.5064,717.7451954201383,5292.584,4476.964459749843,32.28001863569012,1386915.079038996,2432596.9201700515,162427.92519073663,other
56,83,cluster,3.47,3.0,830,31872140.994325448,32196552.319355153,32324144.0,35255660.0,1.017852315247549,1.4181758475372812,10.615913773338784,3.1067503150542697,5.537556171417236,12.274517,324411.3250297047,127591.68064484745,2931516.0,1.0,1.0,1.0,2.444562600274586,3.4822533960313464,4.792238712310791,5.452456951141357,2.6625507,2.9308243,True,26.926139977465517,3219.655231935515,37.5162494709881,3232.4144,280.8320774709879,3525.566,3187.2140994325446,76.35321116532634,421679.0862880736,580600.2358984799,592024.6511393596,Vietnam
57,80,multi_cluster,1.245,3.0,800,12141154.835167022,13997397.585282637,16098787.0,20587452.0,15.288848345290695,32.596834638576894,69.56749402757109,15.828514873307967,10.131763458251953,19.334957,1856242.7501156144,2101389.414717363,4488665.0,1.0,1.0,1.0,14.629727614776746,16.777788721278164,6.815693378448486,7.997930526733398,4.0397024,4.9167337,True,148.4994200092493,1399.7397585282638,316.61057318663825,1609.8787,675.7037731866382,2058.7452,1214.1154835167022,53.761451640533146,260361.22831790088,590001.7224950524,345711.2726906349,Vietnam
58,81,multi_cluster,5.04,5.0,810,34539843.72699583,34736466.664967306,35535564.0,37673596.0,0.5692641215333443,2.882816381204199,9.072861758650264,0.35864103438295053,1.3945921659469604,10.34744,196622.93797147274,799097.335032694,2138032.0,1.0,1.0,1.0,0.23298153601352828,0.43427039494168446,0.5126205086708069,1.1151131391525269,0.06978811,0.5557097,True,15.926457975689406,3473.6466664967306,80.65334211333754,3553.5564,253.8339341133374,3767.3596,3453.984372699583,108.46784583144624,320246.67216998193,468841.96267970785,632627.4285906198,other
59,80,rule_grid,2.807,3.0,800,44085521.518434376,44277618.21187572,45844448.0,55769988.0,0.4357364659075678,3.9898053169908145,26.504090411360473,0.7415164928948403,0.695336639881134,7.0660863,192096.6934413463,1566829.7881242782,9925540.0,0.8,1.0,1.0,0.03188240426711696,1.3360488957298575,0.5097249746322632,1.3033649921417236,0.08001698,0.24213995,True,15.367735475307564,4427.761821187572,140.7141185252498,4584.4448,934.7573185252498,5576.9988,4408.552151843438,19.683739870554763,2249451.501749998,2598646.0840812465,171156.53598983557,other
60,80,belt,4.351,5.0,800,53503788.536199376,53533647.11689508,55077936.0,56369716.0,0.05580647934024715,2.9421233652185093,5.356494450596908,0.6032618610106935,2.9243650436401367,6.979867,29858.580695703626,1544288.8831049204,1291780.0,1.0,1.0,1.0,0.5403422983160061,0.7700635765845837,0.775579571723938,1.1842947006225586,0.039243195,0.27231544,True,2.3886864556567162,5353.364711689508,125.9317971040502,5507.7936,229.2741971040501,5636.9716,5350.378853619937,68.28493251003525,783974.5189618178,1381865.538206786,172997.08447652543,other
61,80,belt,3.479,3.0,800,48457610.43887382,48479878.678507745,51494252.0,55923096.0,0.045954060532999705,6.266593696271319,15.40621894788521,0.5098015193237503,7.076923847198486,7.07759,22268.23963392526,3014373.3214922547,4428844.0,1.0,1.0,1.0,0.4169158090096017,0.9026118808219787,1.7417278289794922,2.5502147674560547,0.03130702,0.22505179,True,1.7814591707145155,4847.987867850775,242.9313248900944,5149.4252,597.2388448900944,5592.3096,4845.761043887382,31.460504777540198,1540975.8686744836,3588783.069274729,171626.42016682934,other
62,79,cluster,4.004,5.0,790,40340676.09036834,40748248.338165335,42568092.0,43259432.0,1.01032577362854,5.521513582573485,7.235267706206191,0.9873912011643512,2.1068389415740967,8.318608,407572.2477969974,1819843.6618346646,691340.0,1.0,1.0,1.0,0.8745011581759136,1.0733765532870878,1.920488715171814,2.1762096881866455,2.1360397,2.400862,True,32.198207575962805,4074.8248338165336,175.96585686090106,4256.8092,230.58171686090108,4325.9432,4034.067609036834,78.89832820025524,516465.2948632886,275256.17365776695,726426.6259172809,other
63,75,cluster,3.944,3.0,750,28847211.66409512,29007263.213387653,28948412.0,32927654.0,0.554825024880113,0.35081496639358406,14.14501471899148,0.5808010928950089,1.1030229330062866,11.5636635,160051.5492925346,-58851.21338765323,3979242.0,1.0,1.0,1.0,0.31224277194368216,0.7529690541363669,0.7075937986373901,1.150957703590393,0.13996531,0.40490904,False,12.003866196940068,2900.7263213387655,7.5900251928658236,2894.8412,306.0331751928661,3292.7654,2884.721166409512,62.93197548784692,460930.44098050566,519965.9683512852,101054.05073624641,other
64,75,multi_cluster,2.338,3.0,750,16357314.281919874,16424076.170636505,13542627.0,17505888.0,0.40814700730195136,-17.207514836534102,7.021774469111175,11.6329486812699,9.394247055053711,19.02001,66761.88871663064,-2881449.170636505,3963261.0,1.0,1.0,1.0,11.281016112547952,12.06314903524542,5.590005874633789,7.559720516204834,3.042551,3.896451,False,5.007141653747284,1642.4076170636504,-211.1015461439905,1354.2627,86.1430288560095,1750.5888,1635.7314281919873,146.41732070432298,112173.0413562443,496321.446895844,293964.63535457,Vietnam
65,75,rule_grid,3.16,3.0,750,47570524.46798552,47747706.136114925,44706412.0,54696412.0,0.372461035716872,-6.020771265435672,14.979627850876717,0.5239049108769379,0.5153743028640747,7.2378078,177181.66812940687,-3041294.136114925,9990000.0,1.0,0.8,1.0,0.2180405311608145,0.8567547194164957,-0.01895306259393692,0.9114795923233032,0.037197575,0.3447497,False,13.288625109705436,4774.770613611492,-214.8084350989136,4470.6412,534.4415649010864,5469.6412,4757.0524467985515,31.867357695836514,1498326.4879332366,2534137.6665092106,167861.76122169642,other
66,74,multi_cluster,2.014,3.0,740,28171394.35470985,30153609.701715086,27286936.0,33343658.0,7.03626991992975,-3.139561867522472,18.359984529574497,5.560136497043811,3.546381711959839,11.753114,1982215.347005237,-2866673.7017150857,6056722.0,1.0,1.0,1.0,3.492524774684016,5.958307188091879,1.1553446054458618,2.2098050117492676,0.12737963,0.5136213,False,146.6839356783874,3015.3609701715086,-65.4499182485289,2728.6936,382.7475097514711,3334.3658,2817.139435470985,44.70166718559505,674552.2393274849,1000034.3033057245,104879.00605488716,China_strait
67,73,rule_grid,2.954,3.0,730,37975963.025278114,38455816.29012976,39233340.0,49549688.0,1.2635710239454303,3.310981143216652,30.476448923804817,0.8080133672449588,1.0514847040176392,8.514816,479853.26485164464,777523.7098702416,10316348.0,1.0,0.8,0.8,0.4521993907758759,1.4056606405554304,0.1385955512523651,1.5433602333068848,-0.048085697,0.3322907,True,35.02928833417007,3845.581629012976,91.78851915469745,3923.334,844.8819231546972,4954.9688,3797.5963025278115,20.713240287523146,1856581.3825514328,2223902.125649504,152066.6089699916,other
68,72,belt,5.005,5.0,720,53774388.32269352,53932510.097770624,55243084.0,56566748.0,0.29404662704526763,2.7312178215640834,5.192731641222717,0.6008185315437531,2.8352346420288086,6.9251237,158121.77507710457,1310573.9022293761,1323664.0,1.0,1.0,1.0,0.5165214095414518,0.9233804356669731,0.7877005934715271,1.1205003261566162,0.07944082,0.30396146,True,11.384767805551673,5393.251009777063,105.74608876606639,5524.3084,201.04989676606633,5656.6748,5377.438832269352,60.497884372623,891477.6220203927,1386008.9819608105,173601.7701830949,other
69,71,rule_grid,5.499,5.0,710,44528666.5421802,44897034.03314459,44363292.0,47908440.0,0.8272592008014673,-0.3713889389064689,7.590107048497116,0.5415431478238929,0.5634581446647644,7.985167,368367.49096439034,-533742.0331445932,3545148.0,1.0,1.0,1.0,0.25856692456907804,0.9585837651435408,0.2512595057487488,0.7451043725013733,0.05569402,0.33741215,False,26.15409185847186,4489.703403314459,-11.741592494794041,4436.3292,239.9639155052059,4790.844,4452.86665421802,62.672495169790324,716375.4037797758,905280.9305172941,147029.6646841107,other
70,70,multi_cluster,3.33,3.0,700,26076031.87169851,26167011.240595236,23861336.0,29399578.0,0.34890035931989527,-8.49322428579411,12.745597737624658,1.3726701163250918,3.77870774269104,12.570785,90979.36889672652,-2305675.2405952364,5538242.0,1.0,1.0,1.0,1.124387491773418,1.4674113615598718,1.2422211170196533,2.1734471321105957,1.2414374,1.8386198,False,6.368555822770986,2616.701124059524,-155.02871101889565,2386.1336,232.64822898110438,2939.9578,2607.603187169851,62.63747579770411,417753.28439327615,874490.0681668255,493687.3939984215,other
71,69,belt,4.781,5.0,690,47345310.76152062,48095765.783901006,49692548.0,50108224.0,1.5850672649725501,4.957697395424162,5.835663963420239,1.4458217001159437,5.22991943359375,7.764071,750455.0223803893,1596782.216098994,415676.0,1.0,1.0,1.0,1.2902173436689193,1.4846372398098382,3.2411842346191406,3.7675065994262695,1.8101321,2.118206,True,51.781396544247094,4809.576578390101,161.95936945507745,4969.2548,190.64101345507768,5010.8224,4734.531076152061,103.59937978289223,464247.6227627306,1246750.0522693251,841433.7962418767,other
72,68,cluster,3.113,3.0,680,34421410.657988936,34468943.917072885,33669396.0,38187624.0,0.13809212979746643,-2.1847293402962236,10.941484587695003,2.3650132517333327,2.8735194206237793,12.921802,47533.25908394903,-799547.9170728847,4518228.0,1.0,1.0,1.0,2.1044208294747704,2.378746586173826,1.7087498903274536,3.0192453861236572,0.531635,0.97510433,False,3.2322616177084638,3446.8943917072884,-51.13699674324752,3366.9396,256.1025072567524,3818.7624,3442.1410657988936,61.70543498857255,558604.6662414147,604763.4010094539,117196.75179995212,other
73,67,rule_grid,4.272,5.0,670,49489104.439885475,49497075.44415434,49224680.0,53102620.0,0.016106584184696054,-0.5343083955109184,7.301638615230694,0.4641883008501034,0.2856381833553314,7.493833,7971.004268862307,-272395.44415433705,3877940.0,1.0,1.0,0.8,0.2754167859699806,0.7450757037921092,0.07272215187549591,0.5918443202972412,-0.007918129,0.2544378,False,0.5340572860133943,4949.707544415433,-17.716437472327087,4922.468,242.10554252767284,5310.262,4948.910443988548,52.54988999298915,941906.3570020394,1004482.8078767472,162970.45807477244,other
74,62,multi_cluster,1.967,3.0,620,38432737.60585548,38636528.37546301,35170672.0,40884464.0,0.530253066272542,-8.487726373565652,6.379265560751997,9.000118069633443,4.368397235870361,9.753108,203790.76960752904,-3465856.375463009,5713792.0,1.0,1.0,1.0,8.038415641998396,9.75055336534333,1.827847957611084,3.676861524581909,0.43539846,0.6517024,False,12.635027715666629,3863.652837546301,-202.24806756303988,3517.0672,152.00703643696002,4088.4464,3843.273760585548,28.214823611302332,1369369.8357903587,1288964.010848054,125473.27846011257,other
75,62,rule_grid,5.441,5.0,620,40770073.27201566,40848718.96276483,39192376.0,42919828.0,0.19290053815809632,-3.86974352851748,5.272874330250267,0.3782151064411304,0.5992156863212585,9.363655,78645.6907491684,-1656342.9627648294,3727452.0,1.0,1.0,1.0,0.2729275231063638,0.7291851209393244,0.36752885580062866,0.7322573661804199,0.2821858,0.4076493,False,4.876032826448381,4084.871896276483,-97.81723086497104,3919.2376,133.28479313502885,4291.9828,4077.007327201566,80.58160588748805,506923.6150468358,799762.7997143149,131719.75374568044,other
76,61,multi_cluster,2.783,3.0,610,29465303.422280267,29865959.47168349,24950606.0,30552602.0,1.3597553830050397,-15.322080202528872,3.6900980184631984,2.6063226078150423,3.124237060546875,11.666182,400656.04940322414,-4915353.471683491,5601996.0,1.0,1.0,1.0,2.367621500464823,3.274661891065384,0.5508965253829956,2.208864688873291,0.1386855,0.3580426,False,24.440019013596647,2986.595947168349,-275.3965427590964,2495.0606,66.3252132409038,3055.2602,2946.5303422280267,133.29988835556892,224050.89636697934,914410.5402037675,93765.08246327976,other
77,60,multi_cluster,3.542,3.0,600,28356971.880540594,28955993.782863047,24265216.0,30290982.0,2.112432543382812,-14.429452826549792,6.820227941145512,3.7923269709493246,5.299332141876221,14.276096,599021.9023224525,-4690777.782863047,6025766.0,1.0,1.0,1.0,3.1485139982184522,4.367150513255814,2.2674098014831543,3.6898982524871826,1.477592,2.3634722,False,35.9413141393471,2895.5993782863047,-245.5053528324357,2426.5216,116.04060716756422,3029.0982,2835.6971880540596,76.03148144317001,380842.16213130485,889291.797991644,508656.1434736612,other
78,60,cluster,3.131,3.0,600,29338440.47700634,29575266.79209971,28701696.0,32593708.0,0.8072218946981244,-2.17034193588231,11.095571100805236,2.320037012713204,1.3770856857299805,11.704972,236826.31509337202,-873570.7920997106,3892012.0,1.0,1.0,1.0,2.1357798587286507,2.6005060755326728,0.44146475195884705,1.496963381767273,0.17501776,0.5283774,False,14.209578905602303,2957.526679209971,-38.2046686203802,2870.1696,195.31605137961978,3259.3708,2933.844047700634,46.67573359862552,633632.6076077061,515534.50164949324,100029.1797865223,other
79,60,multi_cluster,3.604,3.0,600,31033847.335049197,31311743.096275624,27306434.0,32949776.0,0.8954602316180604,-12.010799997844638,6.1736743248942245,1.8790099092317432,3.7485039234161377,11.380124,277895.7612264268,-4005309.096275624,5643342.0,1.0,1.0,1.0,1.7376261177084655,2.4721716380104164,1.601853847503662,2.7196075916290283,0.45720404,0.64515924,False,16.673745673585653,3131.1743096275623,-223.64480010295173,2730.6434,114.9557198970484,3294.9776,3103.3847335049195,77.54148417928086,403806.3422139416,1000748.8822106575,101121.94253656681,other
80,60,cluster,5.254,5.0,600,50464453.33977265,50507938.294766575,51859172.0,52969384.0,0.08616947596983897,2.763764527155055,4.963752690159699,0.11493057959676387,0.3176634907722473,7.0915093,43484.95499392599,1351233.705233425,1110212.0,1.0,1.0,1.0,0.025008163404136776,0.2486806523832796,0.1709931343793869,0.314106285572052,0.10354695,0.19855015,True,2.609097299635141,5050.793829476657,83.68311961364071,5185.9172,150.2958396136408,5296.9384,5046.445333977265,81.67533630266567,618398.9020577577,335334.6740037116,162561.56051092249,other
81,59,multi_cluster,2.631,3.0,590,51855458.29448814,52218663.77861693,51054036.0,56070916.0,0.7004190032727842,-1.5454926459946547,8.12924587720775,3.6996401928520273,5.916111946105957,7.8872175,363205.4841287881,-1164627.7786169276,5016880.0,1.0,1.0,1.0,3.496254263571142,3.759219284860716,4.25850248336792,5.268579006195068,1.6911056,1.9549376,False,21.42912356359882,5221.866377861693,-47.28391537480017,5105.4036,248.71200462519988,5607.0916,5185.5458294488135,45.99336111610765,1135352.2010881929,1871070.7322436413,941561.2836056489,other
82,58,belt,3.312,3.0,580,35192569.370688275,35196670.36009601,33460948.0,37611508.0,0.011652998008007842,-4.920417581475406,6.873435706932066,2.0745029382395535,10.321645736694336,10.088851,4100.989407733083,-1735722.3600960076,4150560.0,1.0,1.0,1.0,1.086111537658978,2.494253497012267,2.23531436920166,3.9742462635040283,0.11159491,0.373566,False,0.23785738564858547,3519.667036009601,-100.43403949992002,3346.0948,140.29844050008,3761.1508,3519.2569370688275,40.464702262558085,869811.6726948816,2331990.057148167,118303.08406070614,other
83,58,rule_grid,2.238,3.0,580,29931358.435708664,30462301.32578815,34342628.0,43439068.0,1.773868336847894,14.73795308611389,45.128955952017165,1.0926095983797481,1.2343275547027588,8.797138,530942.8900794871,3880326.6742118485,9096440.0,1.0,1.0,1.0,0.49697158583714707,1.8004225146424566,0.27858269214630127,2.48063325881958,0.64073086,1.1182318,True,30.794687624610216,3046.2301325788153,255.85363472889733,3434.2628,783.4471547288972,4343.9068,2993.1358435708667,10.093994792174854,3017863.7846537605,1946677.0713273496,133313.28680771662,other
84,57,belt,4.518,5.0,570,39318984.071129434,39925452.28940254,42640224.0,44022736.0,1.5424310485133104,8.446911860342896,11.963055607849155,0.6271293570474715,3.812023639678955,9.331655,606468.2182731032,2714771.710597463,1382512.0,1.0,1.0,0.8,0.4461618499789979,0.8773927998567758,0.6260817050933838,1.5025006532669067,0.040482104,0.39605695,True,34.56868844156688,3992.5452289402538,189.31067594562214,4264.0224,268.1138599456225,4402.2736,3931.8984071129435,45.371419036720496,879969.2215288578,1069812.3489416507,135104.5476028259,other
85,56,belt,3.514,3.0,560,35715386.28938425,36712556.403374225,35426504.0,38727428.0,2.7919902809125214,-0.8088454848103331,8.43345690344954,3.258758335469898,14.178914070129395,10.967911,997170.1139899716,-1286052.403374225,3300924.0,1.0,1.0,1.0,2.713300773842657,3.3184155912953295,5.953559398651123,7.51969575881958,1.4108803,2.1039176,False,55.84152638343825,3671.2556403374224,-16.177408205518294,3542.6504,168.67433579448172,3872.7428,3571.5386289384255,55.76453285277099,658349.5732009874,2468975.328718115,650323.7225235512,China_strait
86,56,multi_cluster,1.464,3.0,560,22282771.804445576,22896268.412934035,18042580.0,22802776.0,2.7532329185638478,-19.029014171386105,2.333660283011467,21.363656541511972,9.853999137878418,18.431873,613496.6084884591,-4853688.412934035,4760196.0,1.0,1.0,1.0,19.844248127078863,22.556999597688066,6.719838619232178,7.989716529846191,3.5371044,4.793452,False,34.35581007535391,2289.6268412934037,-237.45074104895212,1804.258,29.120234951047788,2280.2776,2228.2771804445574,47.69640224125687,480041.83412242803,661239.4634611156,382911.7227250592,Vietnam
87,56,cluster,4.194,5.0,560,48301424.58813782,48511297.74417859,50718884.0,51891184.0,0.43450717619685864,5.004944331302135,7.43199489967792,0.3701660483059211,0.48760542273521423,7.8691144,209873.1560407728,2207586.255821407,1172300.0,1.0,1.0,1.0,0.24310263203317628,0.4527211979502064,0.22357980906963348,0.5347656011581421,0.14083059,0.3675915,True,11.752896738282944,4851.129774417859,135.37772706428171,5071.8884,201.026527064282,5189.1184,4830.1424588137825,59.29875830440501,818082.8592590434,327961.28006000683,159252.59481589237,other
88,55,belt,3.316,3.0,550,27104538.02846526,27439299.683281347,25944212.0,29871484.0,1.2350760395344857,-4.280928998851344,10.208423285535751,2.167330578972495,11.61242389678955,11.958795,334761.65481608734,-1495087.6832813472,3927272.0,1.0,1.0,0.8,1.9219727134995366,2.525059383564273,2.91247296333313,3.8006327152252197,0.057926815,0.458502,False,18.411891014884873,2743.9299683281347,-63.817931565589085,2594.4212,152.1820284344108,2987.1484,2710.453802846526,32.82820493559203,835845.2658960929,1808127.026901454,93957.6440984509,other
89,55,belt,4.375,5.0,550,33757024.479543,34180951.16453063,36384060.0,37591820.0,1.2558176898693474,7.782189221236019,11.359992711386376,0.845063029000385,4.499922752380371,10.391874,423926.68498762697,2203108.8354693726,1207760.0,1.0,1.0,1.0,0.6485287003216156,0.8323038325107744,0.8579050302505493,1.793190598487854,0.10164736,0.3582869,True,23.315967674319516,3418.095116453063,144.4869536251349,3638.406,210.9137536251348,3759.182,3375.7024479543,40.00298605295129,854459.9925437033,912849.7235998093,115368.24595969827,other
90,55,multi_cluster,2.725,3.0,550,29606490.079007972,30201619.159652136,26544968.0,32260178.0,2.010130478337692,-10.340712697918546,8.963196629895636,4.805565332692087,7.576778411865234,14.360575,595129.0806441642,-3656651.1596521363,5715210.0,1.0,1.0,1.0,3.566818308825996,5.447121298269674,5.174818992614746,6.357926368713379,2.6659722,3.1910257,False,32.73209943542906,3020.1619159652137,-168.38371434543853,2654.4968,145.9528356545616,3226.0178,2960.649007900797,59.67749091594608,506080.57906104316,972842.043538811,541723.5310909976,other
91,55,multi_cluster,2.419,3.0,550,26961097.59902979,28586454.25852872,25421136.0,30865292.0,6.028525558089369,-5.711791196086939,14.480843692026484,6.801205225165621,6.235609531402588,13.174983,1625356.65949893,-3165318.2585287206,5444156.0,1.0,1.0,1.0,6.22767378167546,7.327065530894236,3.365212917327881,5.121730804443359,1.8730811,2.4745932,False,89.39461627244114,2858.645425852872,-84.69788794663839,2542.1136,214.7306920533615,3086.5292,2696.109759902979,45.64950231898627,626216.1207974268,931654.914608224,518300.1460932646,China_strait
92,54,multi_cluster,2.135,3.0,540,35325990.69305421,36426290.56250846,33113614.0,39463128.0,3.1147035026270067,-6.262744935527609,11.711312905257707,4.3570000345263615,2.637244462966919,9.92549,1100299.8694542497,-3312676.5625084564,6349514.0,1.0,1.0,1.0,3.1910386074372106,4.198754448833902,0.8263170123100281,1.8996870517730713,0.029020177,0.4366617,False,59.41619295052961,3642.6290562508457,-119.46834142492717,3311.3614,223.40541457507302,3946.3128,3532.5990693054205,59.71702104056631,609981.7091975126,1213575.2400498423,121111.23796195703,China_strait
93,39,cluster,5.142,5.0,390,50621121.7106832,50824287.29406383,50339060.0,51536192.0,0.40134547895203115,-0.5572016208871757,1.807684733947104,0.27913881540263835,0.42870330810546875,8.010204,203165.5833806321,-485227.2940638289,1197132.0,1.0,1.0,1.0,0.0774325311894623,0.45114714486210955,0.2255774289369583,0.3883875906467438,0.123934604,0.25744733,False,7.9234577518443166,5082.428729406382,-11.000406716644857,5033.906,35.6877412833552,5153.6192,5062.11217106832,88.52467384363696,574125.6656176543,325505.24090036144,158163.13427980433,other
94,50,cluster,2.943,3.0,500,28849717.178713355,29021094.381691597,27538928.0,31255048.0,0.5940342566154935,-4.5435078985124875,8.337450264716662,3.32201450761689,1.7338727712631226,12.010599,171377.2029782422,-1482166.3816915974,3716120.0,1.0,1.0,1.0,3.118893558369787,3.7203812514029906,1.0703219175338745,2.07135009765625,1.3409263,1.7595769,False,8.568860148912108,2902.1094381691596,-65.53945893566765,2753.8928,120.26654106433239,3125.5048,2884.9717178713354,41.87565180522823,693030.2724999799,494649.08005580143,524845.0571778811,other
95,50,cluster,4.109,5.0,500,50314717.717026144,50329105.20921219,52132508.0,53282112.0,0.028594997326554634,3.612840070369168,5.897666562819075,0.5277005802465818,0.25754544138908386,7.3789988,14387.492186047137,1803402.7907878086,1149604.0,1.0,0.8,0.8,0.39459534159772386,0.8322314471691381,-0.0008446173742413521,0.474214106798172,-0.004565682,0.31267303,True,0.7193746093025766,5032.910520921219,90.88951414869281,5213.2508,148.36971414869276,5328.2112,5031.471771702614,43.041997812538305,1169302.2574930554,337102.1345110541,163521.31401108514,other
96,50,cluster,2.189,3.0,500,36684430.66394165,37182140.80845242,40842108.0,45256468.0,1.3567340026895502,11.333629174038315,23.366962989244616,1.360732279697625,1.0482947826385498,9.512432,497710.14451076835,3659967.19154758,4414360.0,1.0,1.0,1.0,0.6595007950332321,1.7885669150412973,0.1755402684211731,0.9946327805519104,0.13311042,0.30809772,True,24.885507225538277,3718.214080845242,207.88386680291728,4084.2108,428.6018668029176,4525.6468,3668.4430663941653,17.07317730453033,2177810.266082472,733598.313984469,138890.83666316804,other
97,49,rule_grid,3.743,3.0,490,26104988.008095607,26861435.534245197,23306288.0,31565396.0,2.897712597741865,-10.720939642752112,20.917105919416723,3.3176854609726183,4.459757328033447,13.281744,756447.5261495896,-3555147.5342451967,8259108.0,1.0,1.0,1.0,3.193058037240325,3.5944970897426507,3.7965281009674072,4.99973726272583,2.114038,2.5794728,False,37.06592878132995,2686.1435534245197,-137.13630039668473,2330.6288,267.5599916033153,3156.5396,2610.4988008095606,27.8776664519146,963546.7724882113,1321093.3207368916,530056.5229803026,China_strait
98,48,rule_grid,5.809,5.0,480,21975755.34718107,22038407.90357011,21143526.0,24071850.0,0.285098534267574,-3.7870340929501856,9.538214362619417,0.35708661607446474,0.6102320551872253,13.255246,62652.556389041245,-894881.9035701118,2928324.0,1.0,1.0,1.0,0.24838676753063002,0.5492412477004617,0.41066059470176697,1.0058314800262451,0.0928905,0.50176394,False,3.0073227066738766,2203.840790357011,-39.94700866469131,2114.3526,100.61254333530859,2407.185,2197.575534718107,46.640345266202445,472518.11232924275,431456.5044383226,75715.49893842888,other
99,48,rule_grid,1.551,3.0,480,23437434.81795281,23931031.59656242,32023068.0,41855796.0,2.106018779117917,36.632136787728534,78.5852262634942,1.2906943126482764,1.4320311546325684,9.914044,493596.77860960737,8092036.403437581,9832728.0,1.0,1.0,1.0,0.4018237436141049,2.4939638054543165,0.6067857146263123,2.2037901878356934,0.6024093,1.195107,True,23.692645373261186,2393.103159656242,412.1103927382649,3202.3068,884.081336738265,4185.5796,2343.7434817952812,4.687213592129116,5105598.694445671,1815195.1629664616,702856.308038488,other
100,48,multi_cluster,2.094,3.0,480,35563641.19787366,36459051.825223975,34977428.0,41680688.0,2.517769826684259,-1.6483497699574952,17.20028263723479,3.0422890762086765,2.351674795150757,9.997441,895410.6273503155,-1481623.8252239749,6703260.0,1.0,1.0,0.8,2.373240613352107,3.4268524806154894,0.09137790650129318,0.9032385945320129,-0.025149228,0.26714903,False,42.979710112815155,3645.9051825223974,-28.13823349793558,3497.7428,293.6182465020644,4168.0688,3556.364119787366,19.170495807546015,1901831.4492874371,1281881.8441691708,127916.86768433782,other
101,47,multi_cluster,2.443,3.0,470,53997858.978479795,54127851.47096877,51054036.0,56070916.0,0.24073638279025064,-5.451740187797115,3.8391467008838203,6.6006653709052525,5.916111946105957,7.8872175,129992.49248897284,-3073815.470968768,5016880.0,1.0,1.0,1.0,6.238713757520775,6.72790518147054,4.25850248336792,5.268579006195068,1.6911056,1.9549376,False,6.109647146981724,5412.785147096877,-138.3596799885507,5105.4036,97.43368001144934,5607.0916,5399.78589784798,35.82510885075739,1510891.4726947001,1871070.7322436413,941561.2836056489,other
102,45,rule_grid,3.338,3.0,450,34041900.42232195,34416918.74283893,31694170.0,41617756.0,1.1016374405204086,-6.896590358341156,22.25450249161298,1.67770493968518,1.7030402421951294,10.349273,375018.32051697373,-2722748.7428389266,9923586.0,1.0,1.0,1.0,1.0609152354746298,1.738104012552986,0.7591381072998047,2.029862403869629,0.050753675,0.63259935,False,16.87582442326384,3441.6918742838925,-105.64786900448783,3169.417,340.91350099551215,4161.7756,3404.190042232195,14.948241979346436,2302405.780585557,1796551.9130845533,127723.73113349415,other
103,41,multi_cluster,2.633,3.0,410,35537740.72441112,36581776.14886436,33179184.0,38727428.0,2.937821603656647,-6.636766086795758,8.975492562468549,5.697031434604376,5.815930366516113,10.967911,1044035.4244532362,-3402592.1488643587,5548244.0,1.0,1.0,1.0,5.022193659703013,5.570149948534095,3.3499844074249268,4.571118354797363,1.4108803,2.1039176,False,42.80545240258269,3658.177614886436,-96.70082570085606,3317.9184,130.7771782991439,3872.7428,3553.7740724411124,27.916988384743497,1310376.8803678025,1215978.3038921058,650323.7225235512,China_strait
104,39,cluster,4.755,5.0,390,34676039.744758755,34925585.98392469,36357952.0,37502892.0,0.7196503435881849,4.8503585404254945,8.152177342190642,0.9451915443231946,0.4396055042743683,10.473286,249546.23916593194,1432366.016075313,1144940.0,1.0,0.8,0.8,0.6268901535263343,1.1245278763087367,0.0363941416144371,0.5421253442764282,-0.04396542,0.37985376,True,9.732303327471422,3492.558598392469,65.59457795440856,3635.7952,110.24723795440863,3750.2892,3467.6039744758755,43.474762622273786,803353.1151710296,235099.81959146194,117961.44373673036,other
105,40,cluster,3.293,3.0,400,27847404.164620675,28516067.789962813,28287924.0,31932300.0,2.4011703977480816,1.581906280295212,14.668856785470394,4.578138068961736,3.9252002239227295,13.585538,668663.6253421381,-228143.78996281326,3644376.0,1.0,1.0,1.0,3.7589423205820913,4.737516841182344,2.897108554840088,3.7347095012664795,2.267285,2.604835,False,26.7465450136855,2851.6067789962813,17.62079341517292,2828.7924,163.395833415173,3193.23,2784.7404164620675,20.346851755149686,1401497.791064681,508102.4062842397,536217.6957565784,China_strait
106,37,multi_cluster,3.076,3.0,370,33880614.567719646,33932178.031290464,29119312.0,35044488.0,0.15219164182442638,-14.05317650954319,3.435219364023152,2.4768669564079016,2.6997625827789307,10.599266,51563.463570818305,-4812866.031290464,5925176.0,1.0,1.0,1.0,1.7392194189726786,3.0771648253690898,0.12985044717788696,1.727250099182129,0.12838048,0.46272644,False,1.907848152120314,3393.2178031290464,-176.16819500562684,2911.9312,43.06331699437319,3504.4488,3388.0614567719645,41.93423967557791,809175.9453326211,1067188.7414791468,107550.555177049,other
107,39,multi_cluster,1.726,3.0,390,21300579.818008486,22020027.072458677,18042580.0,22802776.0,3.3775946974078948,-15.295357430852768,7.052372258531143,18.92064897576962,9.853999137878418,18.431873,719447.2544501908,-3977447.072458677,4760196.0,1.0,1.0,1.0,17.158950016908836,19.997777654404874,6.719838619232178,7.989716529846191,3.5371044,4.793452,False,28.0584429235575,2202.002707245868,-127.06199290233097,1804.258,58.58565109766897,2280.2776,2130.0579818008487,35.801251084445546,615063.0607997285,661239.4634611156,382911.7227250592,Vietnam
108,38,cluster,3.59,3.0,380,30234997.61571658,30241332.896943882,27538928.0,31255048.0,0.02095347023943087,-8.91704920894429,3.373740581190531,2.8005651345729636,1.7338727712631226,12.010599,6335.281227301806,-2702404.896943882,3716120.0,1.0,1.0,1.0,2.641873098971113,3.038878959827052,1.0703219175338745,2.07135009765625,1.3409263,1.7595769,False,0.24074068663749132,3024.133289694388,-102.45064539722998,2753.8928,38.76191460277005,3125.5048,3023.499761571658,37.62555604691889,803744.4778020844,494649.08005580143,524845.0571778811,other
109,38,belt,4.224,5.0,380,32711761.067075565,32831240.97599616,33551424.0,34775520.0,0.3652506163627193,2.5668533442840427,6.30892029534176,1.4477177687013836,4.55272102355957,10.913466,119479.90892059356,720183.024003841,1224096.0,1.0,1.0,0.8,0.9322888464125181,1.7438352475273047,0.6824714541435242,2.038527011871338,-0.026222005,0.5422267,True,4.540236538982554,3283.124097599616,31.9071914511285,3355.1424,78.42283945112848,3477.552,3271.1761067075568,24.364150218188165,1347522.5149238817,841780.9371680898,106725.09989504116,other
110,38,multi_cluster,3.423,3.0,380,30218581.350495826,30689926.082909178,26540616.0,31761018.0,1.559784448337836,-12.171204557342591,5.104265589485937,2.963857225055091,6.255016326904297,12.422803,471344.73241335154,-4149310.082909178,5220402.0,1.0,1.0,1.0,2.3593335634752814,3.27969787146524,3.0949037075042725,5.135237693786621,1.6822859,2.0521739,False,17.91109983170728,3068.992608290918,-139.7626833188415,2654.0616,58.61259268115848,3176.1018,3021.858135049583,44.80344847203217,684990.2659181886,972682.5478267242,533341.4720155833,other
111,36,multi_cluster,2.46,3.0,360,30179305.65926378,30929362.82472928,26544968.0,32260178.0,2.4853360575420136,-12.04248268762999,6.895030535924478,8.273634168280706,7.576778411865234,14.360575,750057.1654655002,-4384394.824729279,5715210.0,1.0,1.0,1.0,8.285555357998433,8.51061313490596,5.174818992614746,6.357926368713379,2.6659722,3.1910257,False,27.002057956758016,3092.936282472928,-130.83615573349604,2654.4968,74.91140426650404,3226.0178,3017.9305659263778,28.54978472673081,1083348.3727031574,972842.043538811,541723.5310909976,other
112,36,multi_cluster,1.518,3.0,360,23800313.645961747,24006787.479083374,19067130.0,23867954.0,0.8675256813544575,-19.88706416381549,0.28419942293378186,25.018136975517024,10.861091613769531,18.553112,206473.83312162757,-4939657.479083374,4800824.0,1.0,1.0,1.0,23.649608080038504,26.134168446792554,8.010221481323242,8.958224296569824,4.0627565,4.904115,False,7.433057992378562,2400.6787479083373,-170.39461125462287,1906.713,2.4350527453771247,2386.7954,2380.0313645961746,20.96902038297034,1144869.2900589725,698788.0231620611,400798.54242581985,Vietnam
113,36,rule_grid,3.239,3.0,360,42281212.020210706,42437381.02203228,36898564.0,46724704.0,0.3693579118472945,-12.730590640679278,10.509377019904905,0.9717582838815785,0.8955388069152832,8.648943,156169.00182157755,-5538817.022032283,9826140.0,1.0,1.0,0.8,0.5631048101332132,1.1870910525368419,0.1236298680305481,1.7897731065750122,0.01381596,0.23591137,False,5.622084065576928,4243.738102203229,-193.77532872758536,3689.8564,159.96571127241467,4672.4704,4228.1212020210705,18.15811912628823,2337102.2475887383,2091557.7137458664,143396.81195180488,other
114,34,rule_grid,4.966,5.0,340,37525798.92985101,37915581.92837353,35756120.0,39373612.0,1.0387067288058607,-4.715899408721894,4.924113870575296,0.750649247815018,0.8485168814659119,10.154071,389782.99852252007,-2159461.9283735305,3617492.0,1.0,1.0,1.0,0.4205629472281067,0.9121999780006955,0.39203354716300964,1.1620184183120728,0.17916445,0.3196919,False,13.252621949765643,3791.558192837353,-60.16908361493438,3575.612,62.82564438506554,3937.3612,3752.579892985101,36.80131470542992,1030277.9189238913,729642.2813998571,120836.51585737873,other
115,35,multi_cluster,1.63,3.0,350,23082534.945480052,23478251.640827067,20508994.0,25545556.0,1.7143554478816148,-11.149299466278919,10.670496374585793,13.100843732856152,10.115936279296875,17.643,395716.6953470148,-2969257.640827067,5036562.0,1.0,1.0,1.0,12.473172712426953,13.794551633396956,7.148719787597656,8.537360191345215,3.701919,4.215478,False,13.850084337145494,2347.8251640827066,-90.07393309180188,2050.8994,86.20573690819825,2554.5556,2308.253494548005,31.521330638158187,744836.945823773,751630.6530821667,428969.38758375176,Vietnam
116,35,rule_grid,4.752,5.0,350,47161487.31889993,47348844.94420712,45522748.0,49549688.0,0.3972682711219415,-3.474740539497799,5.0638790607924715,0.3991951153648193,0.49366962909698486,8.514816,187357.62530718744,-1826096.944207117,4026940.0,0.8,0.8,0.8,-0.0006154503456000174,0.8753268192580468,-0.08649521321058273,0.590834379196167,-0.048085697,0.3322907,False,6.557516885751829,4734.884494420712,-57.35587616149737,4552.2748,83.58702383850246,4954.9688,4716.148731889993,32.72291941067731,1446962.7342833432,928940.8835833077,152066.6089699916,other
117,32,rule_grid,9.322,7.0,320,51759900.66246312,51763956.313294224,50121348.0,51508800.0,0.007835507369983286,-3.1656796892800423,-0.4851258585301386,0.13114257926219042,0.3094298541545868,7.4001446,4055.650831103325,-1642608.3132942244,1387452.0,1.0,1.0,1.0,0.08358759201439149,0.2738558921412325,0.15888887643814087,0.5048860311508179,0.0734361,0.31093466,False,0.129780826595088,5176.395631329422,-52.43368519882002,5012.1348,-8.035221198819928,5150.88,5175.990066246312,116.73621742493002,443426.70556875167,521825.59083810507,158079.0689966303,other
118,32,multi_cluster,3.329,3.0,320,33248981.13728349,33300186.411534235,28444904.0,34643572.0,0.15400554392726076,-14.448795039606415,4.194386760178636,1.8513942554089267,2.8285186290740967,11.131495,51205.27425074577,-4855282.411534235,6198668.0,1.0,1.0,0.8,0.9153104227379035,1.9125344122802532,0.2268838882446289,2.231907844543457,-0.12537417,0.4687579,False,1.6385687760238943,3330.0186411534237,-153.73046839307165,2844.4904,44.62690760692829,3464.3572,3324.898113728349,38.61066107101211,862460.923688643,1042472.4767279923,581746.2679048211,other
119,32,cluster,2.908,3.0,320,28760263.392987978,29623370.512418482,29618670.0,33227478.0,3.0010403856069634,2.9846966117191744,15.532592820763842,3.4509934597761736,4.419696807861328,13.5053625,863107.1194305047,-4700.512418482453,3608808.0,1.0,1.0,1.0,3.1535106270219906,3.371892132578383,3.3585381507873535,4.2483134269714355,2.4980638,2.7364547,False,27.61942782177619,2962.3370512418483,27.469011424384806,2961.867,142.95086742438477,3322.7478,2876.0263392987977,18.1144672758186,1635343.1796453306,532005.0173331498,557966.7511880572,other
120,32,multi_cluster,2.938,3.0,320,27480730.74446325,27671751.11730498,23499548.0,29640808.0,0.6951065989401211,-14.487179331158684,7.860334121471486,3.2361358747402758,5.158936977386475,14.510831,191020.3728417307,-4172203.1173049808,6141260.0,1.0,1.0,1.0,2.5672072083406063,4.243783717726674,2.3304574489593506,3.255427837371826,0.5344611,1.0168537,False,6.11265193093539,2767.175111730498,-127.39784782282396,2349.9548,69.12247217717609,2964.0808,2748.073074446325,30.66224194237711,902469.9227573739,861230.9609323462,90966.8121359432,other
121,30,belt,2.785,3.0,300,44929125.44072764,46010376.26962579,48381260.0,53122496.0,2.4065699438654273,7.683511587214299,18.236211986991353,1.265760960948063,7.0805816650390625,7.61343,1081250.8288981467,2370883.7303742096,4741236.0,1.0,1.0,0.8,0.9245829972683851,2.700700935342054,1.4118537902832031,3.2045931816101074,-0.000567168,0.33072072,True,32.437524866944656,4601.037626962579,103.56403677817087,4838.126,245.80111677817087,5312.2496,4492.912544072764,6.029059726542243,7631434.810152965,3371829.6705849553,163031.45696380455,other
122,30,belt,1.895,3.0,300,36174068.492597945,37188232.973727055,43533384.0,48178392.0,2.8035676477381344,20.344174194583456,33.184886322251586,2.350620819212386,8.85589599609375,8.827187,1014164.4811291099,6345151.026272945,4645008.0,1.0,1.0,1.0,1.7687520536249757,2.951313716601302,1.8712525367736816,3.068899154663086,0.05404455,0.27490374,True,30.424934433873297,3718.8232973727054,220.7794652220616,4353.3384,360.1297052220618,4817.8392,3617.4068492597944,4.025444072949612,9238293.29132318,3033967.197881336,147858.13983464378,other
123,30,rule_grid,2.482,3.0,300,39912597.52634673,40718364.077693366,38288816.0,47762188.0,2.0188276416105024,-4.0683433977827494,19.666949685426196,1.227909934278608,0.6175253391265869,7.970312,805766.5513466373,-2429548.0776933655,9473372.0,1.0,0.6,1.0,1.270837574350923,1.447009141703216,-0.027888230979442596,1.7252894639968872,0.07639023,0.30350104,False,24.172996540399115,4071.8364077693363,-48.71344579040174,3828.8816,235.48771420959812,4776.2188,3991.2597526346726,7.755722648498986,5250105.750696726,2170362.739726027,146580.82137968708,other
124,29,cluster,1.998,3.0,290,50454699.47928265,50680599.36640868,51043196.0,53901716.0,0.44772813921683036,1.1663859398449037,6.831903779612724,6.717212616593588,4.01320743560791,8.167914,225899.887126036,362596.63359131664,2858520.0,1.0,1.0,1.0,6.220750950765594,6.765965842192859,3.464999198913574,4.201183795928955,1.7873716,2.055692,True,6.551096726655242,5068.059936640869,17.066399100803253,5104.3196,99.96347910080321,5390.1716,5045.469947928264,9.476502891330227,5348027.63715451,916828.3509259316,905135.362966197,other
125,28,cluster,3.363,3.0,280,52775591.52631616,53282646.999046825,52100016.0,54560572.0,0.9607764841021762,-1.2800908654511012,3.3822083695523797,2.1485908181963196,2.881169557571411,6.440163,507055.4727306664,-1182630.9990468249,2460556.0,1.0,1.0,1.0,1.932985201087633,2.2344216661277305,2.5681252479553223,3.0254099369049072,1.3519146,1.5424614,False,14.197553236458807,5328.264699904683,-18.916114736852506,5210.0016,49.97945326314766,5456.0572,5277.559152631616,22.612475805834798,2356338.4857352977,935810.7543362811,916199.0898557538,other
126,27,multi_cluster,1.464,3.0,270,29004808.57309923,30501587.699833415,26215674.0,31780618.0,5.160451664288476,-9.616110949568677,9.570169787209766,18.06246039683906,10.16050910949707,16.321653,1496779.126734186,-4285913.699833415,5564944.0,1.0,1.0,1.0,16.66069400069535,19.289101633730976,6.808201313018799,8.454879760742188,3.4108613,4.4198146,False,40.41303642182303,3050.1587699833417,-75.30663347367926,2621.5674,74.94685452632076,3178.0618,2900.480857309923,16.471114976141568,1851822.8877653398,960773.803415671,533670.6016691575,Vietnam
127,27,belt,4.781,5.0,270,51667291.28250856,52407198.07344064,52028544.0,53282112.0,1.4320603472057178,0.6991903552988057,3.125421668927556,0.8479291052920536,3.1255016326904297,7.3789988,739906.7909320816,-378654.07344064116,1253568.0,1.0,1.0,0.8,0.7810751848072055,1.0113546490539327,1.1002832651138306,1.2483628988265991,-0.004565682,0.31267303,False,19.977483355166218,5240.719807344064,9.753823372268961,5202.8544,43.60015937226884,5328.2112,5166.729128250856,25.128183841422945,2085594.3431554006,1305358.5006648658,163521.31401108514,other
128,27,rule_grid,1.702,3.0,270,34988151.86506925,35090301.10048707,35653100.0,45939064.0,0.2919537899908402,1.900495166178267,31.298915636249134,2.889570840078462,0.7871512770652771,9.193968,102149.23541782051,562798.8995129317,10285964.0,1.0,1.0,1.0,1.5865479974350152,3.5806221652589247,0.19070126116275787,1.0828851461410522,0.08372241,0.22257003,True,2.758029356281113,3509.030110048707,17.95359964313027,3565.31,295.67462764313024,4593.9064,3498.815186506925,3.136304540346447,11188422.759675905,2020959.8488427016,140985.7047280584,other
129,22,multi_cluster,7.245,7.0,220,56455440.72019318,56456800.09118965,54938320.0,55527976.0,0.002407865352097048,-2.687288772949971,-1.6428261091608813,0.04135062721106496,0.39618781208992004,6.8681893,1359.3709964752197,-1518480.0911896527,589656.0,0.6,0.8,0.8,-0.027102424178153367,0.047570032514113125,-0.0287676639854908,0.2810728847980499,-0.011785399,0.17282802,False,0.02990616192253583,5645.680009118965,-33.37665584424975,5493.832,-20.404223844249845,5552.7976,5645.544072019317,152.22783889266918,370870.40387530875,369812.2385969951,170413.80791917557,other
130,26,multi_cluster,1.499,3.0,260,19522702.215772826,19796370.23946983,16098787.0,20587452.0,1.4017937715399933,-17.538121403125068,5.45390577830429,21.36029084159038,10.131763458251953,19.334957,273668.0236970037,-3697583.23946983,4488665.0,1.0,1.0,1.0,19.757826970143203,22.385789007489723,6.815693378448486,7.997930526733398,4.0397024,4.9167337,False,7.115368616122073,1979.637023946983,-89.02179561009349,1609.8787,27.683494389906468,2058.7452,1952.2702215772827,13.072275858451858,1514378.2501094115,590001.7224950524,345711.2726906349,Vietnam
131,25,cluster,3.534,3.0,250,29613453.048316337,29954064.045116913,28319620.0,32207984.0,1.1501900715355473,-4.369071874885248,8.761325291753419,1.0340139786260192,1.001497507095337,11.426517,340610.9968005754,-1634444.0451169126,3888364.0,1.0,1.0,1.0,0.46371806718563763,1.4568903676678306,0.1815263330936432,1.0624425411224365,0.0983392,0.47895005,False,8.515274920014347,2995.406404511691,-32.34582620790843,2831.962,64.8632737920916,3220.7984,2961.3453048316337,15.858300202950703,1888857.1701741058,508671.72391495685,101306.86168121413,other
132,24,belt,3.353,3.0,240,28812288.901898906,28918583.290287152,27079404.0,31237956.0,0.3689203199029455,-6.014395134656233,8.418862889928985,1.0783402735833905,10.37207317352295,11.560941,106294.3883882463,-1839179.290287152,4158552.0,1.0,1.0,1.0,0.839760260355105,1.782879232356629,2.052002429962158,3.4626967906951904,0.092745185,0.39626426,False,2.5510653213179104,2891.858329028715,-41.58923764557374,2707.9404,58.21601035442625,3123.7956,2881.2288901898905,10.98648971564333,2632194.99938282,1887241.8343167773,95868.41475316258,other
133,24,multi_cluster,1.9,3.0,240,22415941.666952793,22739372.865154266,19065280.0,23896704.0,1.442862419107289,-14.947673029915942,6.605844871689039,15.651098634423258,10.281332015991211,18.294928,323431.1982014738,-3674092.8651542664,4831424.0,1.0,1.0,1.0,13.637341237417589,17.065724535979417,6.545555591583252,8.766845703125,3.3813474,5.0819354,False,7.762348756835272,2273.9372865154264,-80.41588000686707,1906.528,35.53829599313293,2389.6704,2241.5941666952795,12.202842711961113,1863448.8210575185,698720.2228248918,401281.32189215964,Vietnam
134,24,belt,3.507,3.0,240,32119215.36124307,33445410.724611554,31549250.0,35875656.0,4.128978085089682,-1.7745307749043673,11.6953063657018,2.0608565803689567,11.591691970825195,11.531088,1326195.3633684851,-1896160.7246115543,4326406.0,1.0,1.0,1.0,1.8396659245937599,2.1176356944990316,2.3804900646209717,3.5933008193969727,0.07805702,0.42004353,False,31.82868872084371,3344.5410724611556,-13.679168669833597,3154.925,90.15457533016634,3587.5656,3211.921536124307,10.659763427539405,3137537.8029690254,2198758.305068996,110101.38656158507,other
135,23,belt,2.059,3.0,230,22096846.658754166,22109075.945648123,22475760.0,25733496.0,0.055344036562390925,1.7147846799023638,16.457775163159276,3.563781114960658,13.789999961853027,12.970719,12229.286893956363,366684.0543518774,3257736.0,1.0,1.0,1.0,3.2976230023817545,5.049756303817007,4.9918341636657715,5.873631477355957,0.56727636,0.89502174,True,0.2812735985610243,2210.9075945648124,8.715006848654184,2247.576,83.64293484865419,2573.3496,2209.6846658754166,7.676171821789528,2880221.607714597,1566400.594712633,78975.38070598635,other
136,21,belt,3.57,3.0,210,55687219.03590603,55695029.84637084,51096616.0,55214244.0,0.014026217505619372,-8.243548726945946,-0.8493421723951894,2.0778517984074316,7.9090447425842285,7.2539268,7810.810464806855,-4598413.846370839,4117628.0,1.0,1.0,1.0,1.8409495147216457,2.5182239043758536,2.4952189922332764,3.4244749546051025,0.48716775,0.92216164,False,0.16402701976095158,5569.5029846370835,-96.4026637540265,5109.6616,-9.932475754026608,5521.4244,5568.721903590603,0.06588381416935037,845352239.3711166,3561070.6685870923,927175.7653104062,other
137,21,belt,3.015,3.0,210,40815638.564149745,41560435.814604886,40554720.0,44953296.0,1.8247840206751802,-0.6392612570293623,10.13743158605033,2.6501102633679867,10.143948554992676,9.450514,744797.2504551411,-1005715.8146048859,4398576.0,1.0,1.0,1.0,2.6026701786450728,3.4615286310540263,3.2384796142578125,4.324342250823975,0.098406196,0.359515,False,15.640742259558031,4156.043581460489,-5.479289847144591,4055.472,86.89080615285536,4495.3296,4081.5638564149745,6.403757426194228,6490007.826437045,2826375.5052734283,137960.41026018746,other
138,10,multi_cluster,9.377,7.0,100,51543301.48099444,51645907.24081249,49831764.0,50421828.0,0.19906710837271668,-3.320581786220147,-2.175788994439872,0.13473313248199462,0.5430788397789001,7.7276416,102605.75981804729,-1814143.240812488,590064.0,1.0,1.0,1.0,0.09606054730579024,0.1873190265896684,0.13645175099372864,0.504158616065979,0.14478026,0.3554599,False,1.0260575981804323,5164.5907240812485,-17.115374809944388,4983.1764,-11.214734809944456,5042.1828,5154.330148099444,84.75578341756861,609349.6533017363,335437.9274443986,154743.18227852765,other
139,20,rule_grid,4.01,5.0,200,29422846.26511419,29561041.744428445,29676574.0,32487610.0,0.46968766403171136,0.862349388633585,10.416272128368535,1.8872420216742716,1.4174381494522095,10.310818,138195.47931425646,115532.25557155535,2811036.0,1.0,1.0,1.0,1.3199773603162561,2.2787797161923624,0.890855610370636,1.6801533699035645,1.1057312,1.7748294,True,2.763909586285081,2956.1041744428444,5.074554697716212,2967.6574,61.295274697716195,3248.761,2942.284626511419,7.508242439499615,3937145.3416198604,605582.5732068156,545542.6441201658,other
140,20,belt,3.434,3.0,200,54816869.739565685,54830403.909540154,50222336.0,54590524.0,0.024689789910969623,-8.381605446269118,-0.41291255892766476,1.8910491664502544,7.529129981994629,7.379419,13534.169974468648,-4608067.909540154,4368188.0,1.0,1.0,1.0,1.6311281599261547,2.3574768971323916,2.0663907527923584,2.8158011436462402,0.13688499,0.35113555,False,0.2706833994894623,5483.0403909540155,-91.89067479131373,5022.2336,-4.52691479131372,5459.0524,5481.686973956568,0.06956638516682356,788173825.3044798,3500139.571621056,167536.79390624905,other
141,18,multi_cluster,1.759,3.0,180,23578270.973548904,24334613.933027014,19067130.0,23867954.0,3.2077965357451674,-19.132619938967075,1.2286016509695497,19.838778039069396,10.861091613769531,18.553112,756342.9594781101,-5267483.933027014,4800824.0,1.0,1.0,1.0,19.148925588407643,20.947051712976595,8.010221481323242,8.958224296569824,4.0627565,4.904115,False,13.614173270605916,2433.4613933027013,-81.20053752388031,1906.713,5.214294476119685,2386.7954,2357.8270973548906,5.620357827603491,4329726.803783105,698788.0231620611,400798.54242581985,Vietnam
142,18,rule_grid,2.394,3.0,180,38324902.76713959,38568792.09408737,35252676.0,45814804.0,0.6363729829391589,-8.016267610139298,19.543170868217764,1.1228435321501902,0.9236403107643127,9.530785,243889.32694777846,-3316116.0940873697,10562128.0,1.0,1.0,0.8,0.7302319560155163,1.923856649911976,0.5796276926994324,1.0676640272140503,-0.16522154,0.45350128,False,4.390007885060013,3856.879209408737,-55.30008180851264,3525.2676,134.81822219148742,4581.4804,3832.4902767139592,3.3140558484062215,11637942.707765674,1998262.220122815,140604.35425758496,other
143,16,belt,1.944,3.0,160,28757469.707706414,28936383.871941898,25586926.0,28101796.0,0.6221484923881829,-11.025113613722327,-2.2800118173495183,16.567040996062474,23.896196365356445,16.523455,178914.16423548386,-3349457.871941898,2514870.0,1.0,1.0,1.0,15.666329140604532,17.242109937900935,10.637995719909668,15.139941215515137,2.7485218,4.3436933,False,2.8626266277677495,2893.63838719419,-50.72869932330264,2558.6926,-10.49077932330263,2810.1796,2875.7469707706414,0.03031901184001951,954397327.4797626,1783226.73419133,471894.6113415392,Vietnam
144,16,belt,1.812,3.0,160,46461237.80188872,46474122.967721894,44063864.0,49001316.0,0.027733152285175193,-5.159943891532013,5.46709110278595,3.7554644767697587,8.201515197753906,8.655456,12885.165833175182,-2410258.9677218944,4937452.0,1.0,1.0,0.8,3.772585504683936,4.279206958656226,1.496466875076294,2.9389190673828125,-0.02489831,0.2821745,False,0.20616265333082992,4647.41229677219,-38.35798083021946,4406.3864,40.641251169780446,4900.1316,4646.123780188872,3.0301551051835545,15337209.269657725,3070937.880407006,150383.67061336475,other
145,14,cluster,2.386,3.0,140,40729175.42699831,41124480.60326734,39181280.0,43111664.0,0.970570044997755,-3.8004585429742095,5.849587054056588,4.8312857306029695,2.13138484954834,9.941265,395305.17626903206,-1943200.6032673419,3930384.0,1.0,1.0,1.0,4.476344184673975,5.036805065066099,1.3848525285720825,2.770305871963501,1.341431,2.0585144,False,5.534272467766423,4112.448060326734,-21.670535977976296,3918.128,33.354840022023694,4311.1664,4072.917542699831,4.280744468567726,9606852.47746801,703766.8317157723,723945.2570065993,other
146,12,rule_grid,9.169,7.0,120,50881538.21776617,50935216.26493376,48842896.0,50265732.0,0.10549611715323826,-4.006644235166511,-1.2102743732522492,0.16951512187238904,0.35772407054901123,7.8006053,53678.0471675843,-2092320.2649337575,1422836.0,1.0,1.0,1.0,0.0441455834645405,0.31115291966296327,0.263329416513443,0.5810681581497192,0.05107043,0.3814408,False,0.6441365660110386,5093.521626493376,-24.46370661319408,4884.2896,-7.389674613194111,5026.5732,5088.153821776617,25.412204602896296,2004360.3874938318,508515.3149401353,154264.12801296334,other
147,12,belt,3.425,3.0,120,28318591.446125355,28458324.686655726,24290148.0,28306742.0,0.49343287711257416,-14.225437214238775,-0.04184334573242307,1.3778440125102704,10.978569030761719,12.390174,139733.24053037167,-4168176.6866557263,4016594.0,1.0,1.0,1.0,0.8272742475827431,2.1302848633265885,2.271669626235962,3.4105730056762695,0.1176029,0.5953542,False,1.6767988863644678,2845.832468665573,-48.341321353504284,2429.0148,-0.14219335350428083,2830.6742,2831.8591446125356,2.3676266662303647,12019768.611563187,1692850.5319890347,86872.60083107764,other
148,11,rule_grid,3.149,3.0,110,38569986.714698344,38851836.47683164,32090040.0,41765016.0,0.7307489220002372,-16.800489879943232,8.283718915786109,0.6263893126014881,0.8738322257995605,9.667177,281849.76213329285,-6761796.476831637,9674976.0,1.0,1.0,1.0,0.41554798703473184,0.8424346131259419,0.3771798312664032,1.4385664463043213,0.06052102,0.43186527,False,3.100347383466219,3885.1836476831636,-71.27941386168179,3209.004,35.14532213831818,4176.5016,3856.9986714698343,3.7285294292446634,10420150.146086512,1818991.4029286723,128175.6679617729,other
149,11,multi_cluster,0.852,3.0,110,32074500.32979144,32074500.32979144,29472324.0,36038264.0,0.0,-8.112913071242728,12.357990395650639,9.047336759429617,2.8249547481536865,11.40895,0.0,-2602176.3297914416,6565940.0,1.0,1.0,1.0,8.428122660404325,11.039392461742146,0.10457764565944672,1.3838870525360107,0.8476004,1.2783009,False,0.0,3207.450032979144,-28.623939627705855,2947.2324,43.60140037229415,3603.8264,3207.450032979144,0.31109531330476226,103101843.57669796,1080126.2185736275,110600.4259733245,other
150,11,rule_grid,4.156,5.0,110,42639618.31742905,43117264.440244086,40821752.0,44813020.0,1.1201932420201712,-4.263326899166903,5.097141504389512,0.9263858580395276,0.5977844595909119,9.412632,477646.1228150353,-2295512.440244086,3991268.0,1.0,0.8,1.0,0.34302868966211114,1.29347717076278,-0.1700066328048706,0.8497333526611328,0.040252708,0.28275022,False,5.254107350965442,4311.726444024409,-19.996529491719524,4082.1752,23.907418508280426,4481.302,4263.961831742905,4.257827278381261,10126588.426723685,833011.978369554,752514.9871538681,other
151,10,rule_grid,4.766,5.0,100,36661404.53121441,36661404.53121441,33231122.0,36282680.0,0.0,-9.356658794383568,-1.0330333386216923,1.5021505090136187,1.0175832509994507,9.638189,0.0,-3430282.5312144086,3051558.0,1.0,1.0,1.0,1.2427498234015677,1.7754053260561389,0.8016284108161926,1.3082621097564697,0.81796336,1.3382021,False,0.0,3666.1404531214407,-34.302825312144066,3323.1122,-3.7872453121440683,3628.268,3666.1404531214407,9.103050338054828,4027375.788306181,678116.9676563615,609270.7091400648,other
152,10,multi_cluster,1.464,3.0,100,47333234.12814588,47346397.28523365,42594264.0,49433652.0,0.027809545090725994,-10.01192970528066,4.437511846681827,3.133810835719896,2.737220525741577,8.945235,13163.157087765634,-4752133.285233647,6839388.0,1.0,1.0,1.0,2.708764265519233,3.715303516082069,0.6828903555870056,1.5760457515716553,0.80910856,1.0466832,False,0.13163157087765284,4734.639728523364,-47.38970128145875,4259.4264,21.004178718541244,4943.3652,4733.323412814588,3.0542387909271564,15501864.957605686,1561029.978743678,830106.1611056069,other
153,10,rule_grid,0.912,3.0,100,30331144.81169102,30429179.512360096,32164370.0,42991952.0,0.323214640521215,6.044035593415423,41.7419364383138,6.388566900920512,1.3909286260604858,10.873622,98034.7006690763,1735190.487639904,10827582.0,1.0,0.8,1.0,5.396693085211495,7.606194071749472,0.10677121579647064,1.932040810585022,0.7870847,1.4005557,True,0.9803470066907721,3042.9179512360097,18.332251883089793,3216.437,126.6080718830898,4299.1952,3033.114481169102,0.30803787078755884,98783891.19676086,1823204.7236655643,721935.0136857483,other
154,10,belt,1.489,3.0,100,47565437.803013034,47779751.63658826,45657264.0,50064796.0,0.45056630081443433,-4.011681361823102,5.254567838390933,6.771475105295734,9.620491981506348,8.743135,214313.83357522637,-2122487.6365882605,4407532.0,1.0,1.0,1.0,6.001119889221688,7.9124688654329285,3.0926129817962646,4.054940223693848,0.60781646,1.0495846,False,2.1431383357522464,4777.975163658826,-19.081738030130417,4565.7264,24.99358196986959,5006.4796,4756.543780301304,0.005169073768898501,9243387456.389473,3181986.526041908,840704.5389666001,other
155,9,sparse,3.022,3.0,90,21179148.85430685,23603220.53268753,,24881286.0,11.445557586171535,,17.480103526163695,7.915939936363501,,14.531848,2424071.6783806793,,1278065.46731247,1.0,0.0,1.0,6.964769872315604,8.541413614531121,,,2.5113802,2.9011629,False,21.816645105426105,2360.322053268753,,,33.319234311238354,2488.1286,2117.914885430685,1.1762939277211373,20065750.55472285,,417814.74702355964,Italy
156,6,sparse,9.371,7.0,60,48420223.48978022,48534858.270506784,,47226484.0,0.23674979680910027,,-2.4653737710074246,0.19778326940828356,,8.561269,114634.78072656691,,-1308374.2705067843,1.0,0.0,1.0,0.14901512050410792,0.29971635502889504,,,0.029867316,0.447531,False,0.6878086843593882,4853.485827050678,,,-7.162436938681313,4722.6484,4842.022348978022,13.774041018219526,3523646.997007458,,144936.7607613506,other
157,7,sparse,2.27,3.0,70,42344719.804949656,45545086.41239783,,45782108.0,7.557888261369688,,8.11763122033588,4.267443980364538,,9.813024,3200366.6074481755,,237021.58760216832,1.0,0.0,1.0,3.5960312772533776,5.065554701695642,,,0.73846084,1.0384414,False,22.40256625213724,4554.508641239783,,,24.061717365352408,4578.2108,4234.4719804949655,0.010461265437327342,4353688058.60582,,140504.0111465066,Denmark
158,7,sparse,3.142,3.0,70,44512432.62132902,45433840.9186085,,45306304.0,2.0700021163030606,,1.7834823484587174,2.000825267057411,,8.861244,921408.2972794846,,-127536.91860850155,1.0,0.0,1.0,1.6175840749656922,2.5339446508645747,,,0.2560737,0.40533942,False,6.449858080956401,4543.38409186085,,,5.557099650696882,4530.6304,4451.243262132902,0.22572281496851795,201281562.63222775,,139043.7819556718,other
159,7,sparse,1.947,3.0,70,25160308.516187783,26401884.78600619,,26367548.0,4.934662343347634,,4.7981903045246685,16.020729881271404,,18.03708,1241576.2698184066,,-34336.78600618988,1.0,0.0,1.0,14.663908344815995,17.00497404011099,,,3.6985672,4.7759547,False,8.691033888728844,2640.188478600619,,,8.450676386685528,2636.7548,2516.0308516187783,0.6587771782268279,40077109.01138045,,442772.5479001192,Vietnam
160,5,sparse,4.225,5.0,50,49327403.14844275,50669190.05353674,,49859304.0,2.720165302552218,,1.07830702126479,1.26918984472255,,7.8978424,1341786.9050939903,,-809886.0535367429,1.0,0.0,1.0,0.993904130894098,1.5016425085394172,,,0.09704277,0.30395395,False,6.708934525469931,5066.919005353674,,,2.6595042577862387,4985.9304,4932.740314844275,0.3939022796794251,128633909.13800637,,153016.811829046,other
161,5,sparse,5.052,5.0,50,53097552.23414201,53497255.015700825,,52704780.0,0.7527706358218913,,-0.7397181557636064,0.5728792802923185,,7.476926,399702.78155881166,,-792475.0157008246,1.0,0.0,1.0,0.3910876630557252,0.739979811709081,,,0.042161208,0.26457047,False,1.9985139077940404,5349.725501570082,,,-1.9638611707100608,5270.478,5309.755223414201,3.113176751094575,17184136.749348234,,161749.49822306517,other
162,5,sparse,5.078,5.0,50,44331179.51221191,44581609.13431652,,43459972.0,0.5649062913735956,,-1.9652252022121808,0.8812405011506117,,9.914107,250429.62210460752,,-1121637.134316519,1.0,0.0,1.0,0.4676419238850724,1.0274665656845885,,,0.14036399,0.41479313,False,1.2521481105230579,4458.160913431652,,,-4.356037561059566,4345.9972,4433.117951221191,0.48004572296844433,92869505.96838684,,133377.44060004543,other
163,5,sparse,1.876,3.0,50,42625813.94398442,43098563.23837068,,47497252.0,1.1090680755269826,,11.428375449715169,0.5834469990921259,,8.822551,472749.2943862602,,4398688.761629321,1.0,0.0,1.0,0.15436693972019105,0.7400057027578933,,,0.07001184,0.3095612,False,2.3637464719312904,4309.856323837068,,,24.357190280077884,4749.7252,4262.581394398442,0.24412309971333504,176544388.01153913,,145767.74019309974,other
164,5,sparse,7.002,7.0,50,55851614.28474638,55894371.069437176,,55375164.0,0.07655425046948844,,-0.8530644831809309,0.15563732329007152,,6.815691,42756.78469079733,,-519207.069437176,1.0,0.0,0.8,0.05543308609410903,0.1926211709197159,,,-0.03376814,0.22801353,False,0.21378392345400243,5589.4371069437175,,,-2.38225142373185,5537.5164,5585.161428474637,2.512208007647719,22249101.54703842,,169944.83215791703,other
165,4,sparse,3.047,3.0,40,24541730.797406808,24937208.158939663,,25367836.0,1.6114485355476384,,3.366124457206101,1.3568431894455086,,13.183874,395477.3615328558,,430627.8410603367,1.0,0.0,1.0,1.4178129849847514,1.7714447995009273,,,0.25601056,0.41105318,False,1.5819094461314125,2493.720815893966,,,3.304420810372776,2536.7836,2454.173079740681,0.3515893668429668,70927082.87187073,,77853.18037576495,other
166,4,sparse,4.703,5.0,40,35158840.659071356,35464163.19326233,,34871764.0,0.868408993207797,,-0.8165134392657717,0.8964091151037609,,11.062325,305322.53419097513,,-592399.1932623312,1.0,0.0,1.0,0.7373891681338756,1.221150016892317,,,1.3249456,1.8671851,False,1.2212901367638915,3546.416319326233,,,-1.1483066362854333,3487.1764,3515.8840659071357,1.7428159027806989,20348771.856326606,,107020.47004376355,other
167,3,sparse,4.561,5.0,30,48705420.48021585,48705502.63630717,,47457260.0,0.0001686795648512199,,-2.5626726304987977,1.6233363730421102,,8.015907,82.15609132498503,,-1248242.6363071725,1.0,0.0,1.0,1.5101127059329211,1.6717918058147085,,,0.8926929,1.1806165,False,0.0002464682739901036,4870.550263630717,,,-3.7444814406475415,4745.726,4870.542048021584,0.004658664439109931,10454820962.724821,,796917.9358868869,other
168,3,sparse,3.158,3.0,30,23132378.782338668,23659808.77563027,,23204978.0,2.2800508250984066,,0.3138424212418703,1.9615005828236394,,14.200357,527429.9932916015,,-454830.7756302692,1.0,0.0,1.0,1.728350235965817,2.5353181153000213,,,0.39736545,0.8605783,False,1.582289979874795,2365.9808775630268,,,0.21779765298399525,2320.4978,2313.237878233867,0.10475970930779592,225848362.2373852,,71215.42956402183,other
169,3,sparse,4.036,5.0,30,29914163.378749058,30082796.250207268,,29871484.0,0.5637225060354066,,-0.14267281424081868,0.3464173969809843,,11.958795,168632.87145821005,,-211312.2502072677,0.8,0.0,0.8,-0.12191696167227228,0.7342432469214424,,,0.057926815,0.458502,False,0.5058986143746234,3008.2796250207266,,,-0.1280381362471735,2987.1484,2991.416337874906,0.3574028838439925,84170547.04947066,,93957.6440984509,other
170,3,sparse,3.006,3.0,30,41591680.24165142,41591680.24165142,,40795964.0,0.0,,-1.9131620483429377,2.9445235152312104,,9.622485,0.0,,-795716.2416514233,1.0,0.0,1.0,2.5046390984281435,3.438495796786584,,,0.5277235,1.0187029,False,0.0,4159.168024165142,,,-2.3871487249542636,4079.5964,4159.168024165142,0.004180462273436836,9949062453.195667,,125201.67443116603,other
