farm_id,year,n_turb,centroid_lon,centroid_lat,pc1_angle,pc1_share,aspect_ratio,spacing_d,ce_r,layout_type
0,2014,8,121.4547,32.7488,12.8,0.8737,2.22,27.77,1.144,belt
0,2015,8,121.4547,32.7488,12.8,0.8737,2.22,27.77,1.144,belt
0,2016,47,121.2883,32.7549,73.5,0.7056,0.8,5.28,0.41,multi_cluster
0,2017,170,121.241,32.7515,78.0,0.7355,0.66,3.91,0.515,multi_cluster
0,2018,227,121.2478,32.7711,70.2,0.8021,1.08,3.97,0.511,multi_cluster
0,2019,436,121.3084,32.8776,64.8,0.9019,1.18,3.55,0.584,multi_cluster
0,2020,635,121.3339,32.8602,64.4,0.8017,1.19,3.27,0.65,multi_cluster
0,2021,928,121.4239,32.8436,28.8,0.6343,1.43,3.14,0.722,multi_cluster
0,2022,928,121.4239,32.8436,28.8,0.6343,1.43,3.14,0.722,multi_cluster
0,2023,928,121.4239,32.8436,28.8,0.6343,1.43,3.14,0.722,multi_cluster
0,2024,928,121.4239,32.8436,28.8,0.6343,1.43,3.14,0.722,multi_cluster
1,2016,2,121.1275,33.4729,0.0,0.0,0.0,189.69,,sparse
1,2017,78,121.1432,33.3152,-28.0,0.5398,0.63,4.89,0.992,multi_cluster
1,2018,238,121.1655,33.3859,111.1,0.8295,1.98,3.54,0.872,multi_cluster
1,2019,325,121.1794,33.389,110.5,0.873,2.2,3.19,0.796,belt
1,2020,455,121.1486,33.4545,110.3,0.9028,2.15,3.14,0.829,belt
1,2021,588,121.1857,33.462,114.7,0.7616,1.29,3.34,0.841,multi_cluster
1,2022,588,121.1857,33.462,114.7,0.7616,1.29,3.34,0.841,multi_cluster
1,2023,588,121.1857,33.462,114.7,0.7616,1.29,3.34,0.841,multi_cluster
1,2024,588,121.1857,33.462,114.7,0.7616,1.29,3.34,0.841,multi_cluster
2,2014,183,2.8862,51.6149,-44.8,0.8793,2.36,2.95,1.156,belt
2,2015,183,2.8862,51.6149,-44.8,0.8793,2.36,2.95,1.156,belt
2,2016,204,2.8792,51.6214,134.6,0.8842,2.46,2.97,1.194,belt
2,2017,233,2.8722,51.6248,-44.5,0.8809,2.48,2.96,1.275,belt
2,2018,274,2.8831,51.6198,-42.1,0.8795,2.38,3.08,1.429,belt
2,2019,321,2.8998,51.6078,-42.2,0.9048,2.93,3.28,1.413,belt
2,2020,572,2.9165,51.6448,-24.8,0.6232,1.07,4.46,1.524,cluster
2,2021,572,2.9165,51.6448,-24.8,0.6232,1.07,4.46,1.524,cluster
2,2022,572,2.9165,51.6448,-24.8,0.6232,1.07,4.46,1.524,cluster
2,2023,572,2.9165,51.6448,-24.8,0.6232,1.07,4.46,1.524,cluster
2,2024,572,2.9165,51.6448,-24.8,0.6232,1.07,4.46,1.524,cluster
3,2019,2,121.6193,32.6529,0.0,0.0,0.0,35.93,,sparse
3,2020,54,121.7789,32.6944,4.2,0.7775,2.19,4.31,0.799,multi_cluster
3,2021,440,121.8044,32.6831,7.1,0.8525,2.24,2.44,0.948,belt
3,2022,440,121.8044,32.6831,7.1,0.8525,2.24,2.44,0.948,belt
3,2023,440,121.8044,32.6831,7.1,0.8525,2.24,2.44,0.948,belt
3,2024,441,121.8049,32.683,7.0,0.8524,2.27,2.44,0.944,belt
4,2019,6,111.5307,21.2524,6.2,0.986,7.82,13.94,3.257,belt
4,2020,51,111.5073,21.2517,21.3,0.764,1.47,4.3,0.889,multi_cluster
4,2021,361,111.5644,21.298,8.3,0.5761,1.03,2.67,1.138,multi_cluster
4,2022,361,111.5644,21.298,8.3,0.5761,1.03,2.67,1.138,multi_cluster
4,2023,362,111.5643,21.2978,9.0,0.5745,1.03,2.67,1.132,multi_cluster
4,2024,364,111.564,21.2977,10.0,0.5766,1.08,2.69,1.121,multi_cluster
5,2018,3,1.93,53.8752,-38.5,1.0,178.88,36.94,493.918,belt
5,2019,174,1.9192,53.8834,-4.4,0.917,3.02,7.3,1.496,belt
5,2020,174,1.9192,53.8834,-4.4,0.917,3.02,7.3,1.496,belt
5,2021,334,1.7976,53.9105,-5.4,0.911,3.37,7.09,1.55,belt
5,2022,339,1.7927,53.9099,-4.9,0.9119,3.4,7.07,1.557,belt
5,2023,339,1.7927,53.9099,-4.9,0.9119,3.4,7.07,1.557,belt
5,2024,339,1.7927,53.9099,-4.9,0.9119,3.4,7.07,1.557,belt
6,2021,116,121.4459,36.4205,32.2,0.6781,1.67,2.58,0.983,multi_cluster
6,2022,116,121.4459,36.4205,32.2,0.6781,1.67,2.58,0.983,multi_cluster
6,2023,239,121.5286,36.4592,35.7,0.7663,1.61,3.23,0.935,multi_cluster
6,2024,292,121.5419,36.468,35.7,0.7876,1.61,3.32,1.065,multi_cluster
7,2014,130,6.5294,53.9958,-42.0,0.8565,2.06,4.08,1.386,belt
7,2015,130,6.5294,53.9958,-42.0,0.8565,2.06,4.08,1.386,belt
7,2016,130,6.5294,53.9958,-42.0,0.8565,2.06,4.08,1.386,belt
7,2017,132,6.529,53.996,-42.0,0.8568,2.06,4.08,1.397,belt
7,2018,253,6.5285,53.9988,113.6,0.5669,1.2,4.19,1.561,cluster
7,2019,269,6.5269,54.0032,110.4,0.6013,1.18,4.22,1.624,cluster
7,2020,284,6.5218,54.0049,121.4,0.5991,1.24,4.24,1.673,cluster
7,2021,284,6.5218,54.0049,121.4,0.5991,1.24,4.24,1.673,cluster
7,2022,284,6.5218,54.0049,121.4,0.5991,1.24,4.24,1.673,cluster
7,2023,284,6.5218,54.0049,121.4,0.5991,1.24,4.24,1.673,cluster
7,2024,284,6.5218,54.0049,121.4,0.5991,1.24,4.24,1.673,cluster
8,2021,22,111.616,20.9775,39.4,0.8857,2.35,4.01,1.096,belt
8,2022,67,111.6089,20.9716,27.8,0.8364,2.31,2.61,1.121,multi_cluster
8,2023,204,111.6063,20.9958,84.1,0.8409,2.47,3.14,1.113,multi_cluster
8,2024,278,111.5761,20.9951,79.2,0.6442,1.44,3.33,1.069,multi_cluster
9,2014,240,-3.4995,54.0304,-39.8,0.7417,1.66,4.01,1.407,cluster
9,2015,240,-3.4995,54.0304,-39.8,0.7417,1.66,4.01,1.407,cluster
9,2016,240,-3.4995,54.0304,-39.8,0.7417,1.66,4.01,1.407,cluster
9,2017,240,-3.4995,54.0304,-39.8,0.7417,1.66,4.01,1.407,cluster
9,2018,267,-3.5107,54.0305,-31.5,0.7344,1.58,4.17,1.453,cluster
9,2019,267,-3.5107,54.0305,-31.5,0.7344,1.58,4.17,1.453,cluster
9,2020,267,-3.5107,54.0305,-31.5,0.7344,1.58,4.17,1.453,cluster
9,2021,267,-3.5107,54.0305,-31.5,0.7344,1.58,4.17,1.453,cluster
9,2022,267,-3.5107,54.0305,-31.5,0.7344,1.58,4.17,1.453,cluster
9,2023,267,-3.5107,54.0305,-31.5,0.7344,1.58,4.17,1.453,cluster
9,2024,267,-3.5107,54.0305,-31.5,0.7344,1.58,4.17,1.453,cluster
10,2014,2,-3.0778,58.0984,0.0,0.0,0.0,4.68,,sparse
10,2015,2,-3.0778,58.0984,0.0,0.0,0.0,4.68,,sparse
10,2016,2,-3.0778,58.0984,0.0,0.0,0.0,4.68,,sparse
10,2017,2,-3.0778,58.0984,0.0,0.0,0.0,4.68,,sparse
10,2018,46,-2.9214,58.2281,45.2,0.8916,4.2,6.29,1.376,belt
10,2019,88,-2.885,58.2517,37.3,0.7689,1.3,7.28,1.172,multi_cluster
10,2020,88,-2.885,58.2517,37.3,0.7689,1.3,7.28,1.172,multi_cluster
10,2021,186,-2.8002,58.2158,-15.6,0.6764,1.33,6.02,1.173,multi_cluster
10,2022,186,-2.8002,58.2158,-15.6,0.6764,1.33,6.02,1.173,multi_cluster
10,2023,187,-2.8011,58.2153,-14.7,0.6727,1.35,6.17,1.206,cluster
10,2024,246,-2.8564,58.1844,26.7,0.7725,2.04,6.16,1.249,cluster
11,2014,208,7.6974,54.454,82.7,0.7999,1.77,3.59,1.398,cluster
11,2015,208,7.6974,54.454,82.7,0.7999,1.77,3.59,1.398,cluster
11,2016,208,7.6974,54.454,82.7,0.7999,1.77,3.59,1.398,cluster
11,2017,208,7.6974,54.454,82.7,0.7999,1.77,3.59,1.398,cluster
11,2018,208,7.6974,54.454,82.7,0.7999,1.77,3.59,1.398,cluster
11,2019,208,7.6974,54.454,82.7,0.7999,1.77,3.59,1.398,cluster
11,2020,208,7.6974,54.454,82.7,0.7999,1.77,3.59,1.398,cluster
11,2021,208,7.6974,54.454,82.7,0.7999,1.77,3.59,1.398,cluster
11,2022,246,7.6964,54.4594,83.4,0.786,1.79,3.48,1.474,cluster
11,2023,246,7.6964,54.4594,83.4,0.786,1.79,3.48,1.474,cluster
11,2024,246,7.6964,54.4594,83.4,0.786,1.79,3.48,1.474,cluster
12,2021,53,116.2571,22.6514,43.9,0.7959,1.78,2.53,1.149,multi_cluster
12,2022,239,116.2175,22.632,24.9,0.9706,5.74,2.77,1.056,belt
12,2023,244,116.2218,22.6333,24.8,0.9721,5.76,2.75,1.058,belt
12,2024,244,116.2218,22.6333,24.8,0.9721,5.76,2.75,1.058,belt
13,2014,215,-3.5741,53.4442,3.5,0.7711,1.73,3.5,1.373,cluster
13,2015,215,-3.5741,53.4442,3.5,0.7711,1.73,3.5,1.373,cluster
13,2016,215,-3.5741,53.4442,3.5,0.7711,1.73,3.5,1.373,cluster
13,2017,215,-3.5741,53.4442,3.5,0.7711,1.73,3.5,1.373,cluster
13,2018,215,-3.5741,53.4442,3.5,0.7711,1.73,3.5,1.373,cluster
13,2019,215,-3.5741,53.4442,3.5,0.7711,1.73,3.5,1.373,cluster
13,2020,215,-3.5741,53.4442,3.5,0.7711,1.73,3.5,1.373,cluster
13,2021,215,-3.5741,53.4442,3.5,0.7711,1.73,3.5,1.373,cluster
13,2022,215,-3.5741,53.4442,3.5,0.7711,1.73,3.5,1.373,cluster
13,2023,215,-3.5741,53.4442,3.5,0.7711,1.73,3.5,1.373,cluster
13,2024,215,-3.5741,53.4442,3.5,0.7711,1.73,3.5,1.373,cluster
14,2017,3,123.3274,39.5258,87.1,0.9325,3.31,16.46,4.735,belt
14,2018,37,123.3509,39.5185,124.0,0.6746,1.31,3.76,1.309,cluster
14,2019,66,123.3516,39.5125,109.9,0.7085,1.55,4.05,1.464,cluster
14,2020,73,123.3485,39.509,99.0,0.6622,1.73,4.1,1.499,cluster
14,2021,142,123.3706,39.48,100.5,0.8035,1.5,3.65,0.976,multi_cluster
14,2022,142,123.3706,39.48,100.5,0.8035,1.5,3.65,0.976,multi_cluster
14,2023,142,123.3706,39.48,100.5,0.8035,1.5,3.65,0.976,multi_cluster
14,2024,181,123.3807,39.4777,98.2,0.7347,1.49,3.7,1.064,multi_cluster
15,2014,44,4.1601,52.4024,46.8,0.8945,5.17,5.0,1.967,belt
15,2015,44,4.1601,52.4024,46.8,0.8945,5.17,5.0,1.967,belt
15,2016,44,4.1601,52.4024,46.8,0.8945,5.17,5.0,1.967,belt
15,2017,44,4.1601,52.4024,46.8,0.8945,5.17,5.0,1.967,belt
15,2018,44,4.1601,52.4024,46.8,0.8945,5.17,5.0,1.967,belt
15,2019,44,4.1601,52.4024,46.8,0.8945,5.17,5.0,1.967,belt
15,2020,44,4.1601,52.4024,46.8,0.8945,5.17,5.0,1.967,belt
15,2021,44,4.1601,52.4024,46.8,0.8945,5.17,5.0,1.967,belt
15,2022,133,4.0854,52.3551,31.7,0.8255,1.69,5.76,1.37,cluster
15,2023,182,4.0757,52.3293,46.4,0.8109,1.74,6.02,1.529,cluster
15,2024,182,4.0757,52.3293,46.4,0.8109,1.74,6.02,1.529,cluster
16,2014,80,5.9824,54.3573,77.3,0.7332,1.7,4.65,1.906,rule_grid
16,2015,80,5.9824,54.3573,77.3,0.7332,1.7,4.65,1.906,rule_grid
16,2016,81,5.9815,54.3568,75.0,0.7271,1.58,4.75,1.82,rule_grid
16,2017,147,5.9334,54.3398,33.4,0.7892,1.87,4.59,1.66,cluster
16,2018,147,5.9334,54.3398,33.4,0.7892,1.87,4.59,1.66,cluster
16,2019,178,5.9083,54.3337,25.0,0.8547,2.31,4.49,1.652,belt
16,2020,178,5.9083,54.3337,25.0,0.8547,2.31,4.49,1.652,belt
16,2021,178,5.9083,54.3337,25.0,0.8547,2.31,4.49,1.652,belt
16,2022,178,5.9083,54.3337,25.0,0.8547,2.31,4.49,1.652,belt
16,2023,178,5.9083,54.3337,25.0,0.8547,2.31,4.49,1.652,belt
16,2024,178,5.9083,54.3337,25.0,0.8547,2.31,4.49,1.652,belt
17,2014,175,1.4972,51.6283,103.5,0.5199,1.1,3.71,1.687,cluster
17,2015,175,1.4972,51.6283,103.5,0.5199,1.1,3.71,1.687,cluster
17,2016,175,1.4972,51.6283,103.5,0.5199,1.1,3.71,1.687,cluster
17,2017,175,1.4972,51.6283,103.5,0.5199,1.1,3.71,1.687,cluster
17,2018,175,1.4972,51.6283,103.5,0.5199,1.1,3.71,1.687,cluster
17,2019,175,1.4972,51.6283,103.5,0.5199,1.1,3.71,1.687,cluster
17,2020,175,1.4972,51.6283,103.5,0.5199,1.1,3.71,1.687,cluster
17,2021,175,1.4972,51.6283,103.5,0.5199,1.1,3.71,1.687,cluster
17,2022,175,1.4972,51.6283,103.5,0.5199,1.1,3.71,1.687,cluster
17,2023,175,1.4972,51.6283,103.5,0.5199,1.1,3.71,1.687,cluster
17,2024,175,1.4972,51.6283,103.5,0.5199,1.1,3.71,1.687,cluster
18,2014,77,6.995,54.0528,32.7,0.6084,1.45,5.03,1.365,cluster
18,2015,77,6.995,54.0528,32.7,0.6084,1.45,5.03,1.365,cluster
18,2016,101,6.9889,54.0411,53.8,0.6492,1.33,4.9,1.506,cluster
18,2017,151,6.9299,54.021,24.6,0.8961,2.27,4.61,1.379,belt
18,2018,151,6.9299,54.021,24.6,0.8961,2.27,4.61,1.379,belt
18,2019,151,6.9299,54.021,24.6,0.8961,2.27,4.61,1.379,belt
18,2020,151,6.9299,54.021,24.6,0.8961,2.27,4.61,1.379,belt
18,2021,151,6.9299,54.021,24.6,0.8961,2.27,4.61,1.379,belt
18,2022,151,6.9299,54.021,24.6,0.8961,2.27,4.61,1.379,belt
18,2023,151,6.9299,54.021,24.6,0.8961,2.27,4.61,1.379,belt
18,2024,174,6.953,54.0239,20.3,0.8993,2.4,4.76,1.422,belt
19,2018,13,120.5575,34.2452,106.4,0.7819,1.76,3.91,1.279,cluster
19,2019,96,120.5737,34.2571,-23.3,0.744,1.86,3.24,1.441,cluster
19,2020,163,120.6177,34.275,15.8,0.8069,2.1,3.16,1.2,cluster
19,2021,171,120.6226,34.2763,16.1,0.8207,2.1,3.12,1.21,cluster
19,2022,171,120.6226,34.2763,16.1,0.8207,2.1,3.12,1.21,cluster
19,2023,171,120.6226,34.2763,16.1,0.8207,2.1,3.12,1.21,cluster
19,2024,171,120.6226,34.2763,16.1,0.8207,2.1,3.12,1.21,cluster
20,2014,80,6.3649,54.5089,118.3,0.559,1.13,3.58,1.735,cluster
20,2015,80,6.3649,54.5089,118.3,0.559,1.13,3.58,1.735,cluster
20,2016,80,6.3649,54.5089,118.3,0.559,1.13,3.58,1.735,cluster
20,2017,80,6.3649,54.5089,118.3,0.559,1.13,3.58,1.735,cluster
20,2018,80,6.3649,54.5089,118.3,0.559,1.13,3.58,1.735,cluster
20,2019,167,6.3397,54.4774,69.0,0.5765,0.99,3.83,1.53,cluster
20,2020,167,6.3397,54.4774,69.0,0.5765,0.99,3.83,1.53,cluster
20,2021,167,6.3397,54.4774,69.0,0.5765,0.99,3.83,1.53,cluster
20,2022,167,6.3397,54.4774,69.0,0.5765,0.99,3.83,1.53,cluster
20,2023,167,6.3397,54.4774,69.0,0.5765,0.99,3.83,1.53,cluster
20,2024,167,6.3397,54.4774,69.0,0.5765,0.99,3.83,1.53,cluster
21,2021,3,120.9509,27.2551,-0.1,1.0,51.27,9.35,46.788,belt
21,2022,126,120.9463,27.2922,124.7,0.7195,1.19,2.15,0.694,multi_cluster
21,2023,162,120.9217,27.286,-8.7,0.5871,1.34,2.34,0.78,multi_cluster
21,2024,162,120.9217,27.286,-8.7,0.5871,1.34,2.34,0.78,multi_cluster
22,2014,108,11.6177,54.5527,-5.8,0.9731,5.09,3.45,1.372,belt
22,2015,108,11.6177,54.5527,-5.8,0.9731,5.09,3.45,1.372,belt
22,2016,161,11.6189,54.5529,-5.8,0.9746,5.03,3.14,1.516,belt
22,2017,161,11.6189,54.5529,-5.8,0.9746,5.03,3.14,1.516,belt
22,2018,161,11.6189,54.5529,-5.8,0.9746,5.03,3.14,1.516,belt
22,2019,161,11.6189,54.5529,-5.8,0.9746,5.03,3.14,1.516,belt
22,2020,161,11.6189,54.5529,-5.8,0.9746,5.03,3.14,1.516,belt
22,2021,161,11.6189,54.5529,-5.8,0.9746,5.03,3.14,1.516,belt
22,2022,161,11.6189,54.5529,-5.8,0.9746,5.03,3.14,1.516,belt
22,2023,161,11.6189,54.5529,-5.8,0.9746,5.03,3.14,1.516,belt
22,2024,161,11.6189,54.5529,-5.8,0.9746,5.03,3.14,1.516,belt
23,2014,22,6.0269,54.0511,-33.3,0.7621,2.53,4.77,1.899,rule_grid
23,2015,22,6.0269,54.0511,-33.3,0.7621,2.53,4.77,1.899,rule_grid
23,2016,75,6.0416,54.0387,129.8,0.7266,1.68,3.59,1.883,rule_grid
23,2017,75,6.0416,54.0387,129.8,0.7266,1.68,3.59,1.883,rule_grid
23,2018,75,6.0416,54.0387,129.8,0.7266,1.68,3.59,1.883,rule_grid
23,2019,75,6.0416,54.0387,129.8,0.7266,1.68,3.59,1.883,rule_grid
23,2020,75,6.0416,54.0387,129.8,0.7266,1.68,3.59,1.883,rule_grid
23,2021,75,6.0416,54.0387,129.8,0.7266,1.68,3.59,1.883,rule_grid
23,2022,75,6.0416,54.0387,129.8,0.7266,1.68,3.59,1.883,rule_grid
23,2023,75,6.0416,54.0387,129.8,0.7266,1.68,3.59,1.883,rule_grid
23,2024,156,6.1219,54.0432,2.8,0.9243,3.19,4.58,1.712,belt
24,2014,147,121.2317,32.5332,-18.2,0.7962,1.92,3.65,1.559,cluster
24,2015,147,121.2317,32.5332,-18.2,0.7962,1.92,3.65,1.559,cluster
24,2016,156,121.232,32.5335,-18.4,0.8118,1.93,3.62,1.587,cluster
24,2017,156,121.232,32.5335,-18.4,0.8118,1.93,3.62,1.587,cluster
24,2018,156,121.232,32.5335,-18.4,0.8118,1.93,3.62,1.587,cluster
24,2019,156,121.232,32.5335,-18.4,0.8118,1.93,3.62,1.587,cluster
24,2020,156,121.232,32.5335,-18.4,0.8118,1.93,3.62,1.587,cluster
24,2021,156,121.232,32.5335,-18.4,0.8118,1.93,3.62,1.587,cluster
24,2022,156,121.232,32.5335,-18.4,0.8118,1.93,3.62,1.587,cluster
24,2023,156,121.232,32.5335,-18.4,0.8118,1.93,3.62,1.587,cluster
24,2024,156,121.232,32.5335,-18.4,0.8118,1.93,3.62,1.587,cluster
25,2014,79,13.1627,54.9829,26.1,0.8865,3.0,3.45,1.936,belt
25,2015,79,13.1627,54.9829,26.1,0.8865,3.0,3.45,1.936,belt
25,2016,80,13.1627,54.9829,26.1,0.8865,3.0,3.45,1.948,belt
25,2017,80,13.1627,54.9829,26.1,0.8865,3.0,3.45,1.948,belt
25,2018,80,13.1627,54.9829,26.1,0.8865,3.0,3.45,1.948,belt
25,2019,80,13.1627,54.9829,26.1,0.8865,3.0,3.45,1.948,belt
25,2020,80,13.1627,54.9829,26.1,0.8865,3.0,3.45,1.948,belt
25,2021,152,13.0559,55.0056,-10.0,0.917,2.51,5.07,1.188,belt
25,2022,152,13.0559,55.0056,-10.0,0.917,2.51,5.07,1.188,belt
25,2023,152,13.0559,55.0056,-10.0,0.917,2.51,5.07,1.188,belt
25,2024,152,13.0559,55.0056,-10.0,0.917,2.51,5.07,1.188,belt
26,2014,102,1.9307,51.9169,43.4,0.6366,1.35,5.13,1.801,rule_grid
26,2015,102,1.9307,51.9169,43.4,0.6366,1.35,5.13,1.801,rule_grid
26,2016,102,1.9307,51.9169,43.4,0.6366,1.35,5.13,1.801,rule_grid
26,2017,140,1.9623,51.9273,26.9,0.783,2.13,5.22,1.667,cluster
26,2018,140,1.9623,51.9273,26.9,0.783,2.13,5.22,1.667,cluster
26,2019,140,1.9623,51.9273,26.9,0.783,2.13,5.22,1.667,cluster
26,2020,140,1.9623,51.9273,26.9,0.783,2.13,5.22,1.667,cluster
26,2021,140,1.9623,51.9273,26.9,0.783,2.13,5.22,1.667,cluster
26,2022,140,1.9623,51.9273,26.9,0.783,2.13,5.22,1.667,cluster
26,2023,140,1.9623,51.9273,26.9,0.783,2.13,5.22,1.667,cluster
26,2024,140,1.9623,51.9273,26.9,0.783,2.13,5.22,1.667,cluster
27,2014,81,7.5842,55.6002,67.0,0.8124,2.01,3.59,1.842,rule_grid
27,2015,81,7.5842,55.6002,67.0,0.8124,2.01,3.59,1.842,rule_grid
27,2016,89,7.5844,55.5999,65.8,0.8176,1.98,3.59,1.93,rule_grid
27,2017,89,7.5844,55.5999,65.8,0.8176,1.98,3.59,1.93,rule_grid
27,2018,133,7.6089,55.6304,57.7,0.8087,1.24,4.48,1.268,cluster
27,2019,138,7.6098,55.6337,59.9,0.7937,1.23,4.51,1.296,cluster
27,2020,138,7.6098,55.6337,59.9,0.7937,1.23,4.51,1.296,cluster
27,2021,138,7.6098,55.6337,59.9,0.7937,1.23,4.51,1.296,cluster
27,2022,138,7.6098,55.6337,59.9,0.7937,1.23,4.51,1.296,cluster
27,2023,138,7.6098,55.6337,59.9,0.7937,1.23,4.51,1.296,cluster
27,2024,138,7.6098,55.6337,59.9,0.7937,1.23,4.51,1.296,cluster
28,2021,134,122.1411,32.1239,-32.1,0.8757,3.06,2.65,1.102,belt
28,2022,134,122.1411,32.1239,-32.1,0.8757,3.06,2.65,1.102,belt
28,2023,134,122.1411,32.1239,-32.1,0.8757,3.06,2.65,1.102,belt
28,2024,134,122.1411,32.1239,-32.1,0.8757,3.06,2.65,1.102,belt
29,2017,71,14.0692,54.8358,36.7,0.5738,0.7,4.05,1.637,cluster
29,2018,131,14.0932,54.8111,131.9,0.7345,1.43,3.84,1.609,cluster
29,2019,131,14.0932,54.8111,131.9,0.7345,1.43,3.84,1.609,cluster
29,2020,131,14.0932,54.8111,131.9,0.7345,1.43,3.84,1.609,cluster
29,2021,131,14.0932,54.8111,131.9,0.7345,1.43,3.84,1.609,cluster
29,2022,131,14.0932,54.8111,131.9,0.7345,1.43,3.84,1.609,cluster
29,2023,131,14.0932,54.8111,131.9,0.7345,1.43,3.84,1.609,cluster
29,2024,131,14.0932,54.8111,131.9,0.7345,1.43,3.84,1.609,cluster
30,2014,129,0.4738,53.1798,78.7,0.7601,1.71,3.03,1.474,cluster
30,2015,129,0.4738,53.1798,78.7,0.7601,1.71,3.03,1.474,cluster
30,2016,129,0.4738,53.1798,78.7,0.7601,1.71,3.03,1.474,cluster
30,2017,129,0.4738,53.1798,78.7,0.7601,1.71,3.03,1.474,cluster
30,2018,129,0.4738,53.1798,78.7,0.7601,1.71,3.03,1.474,cluster
30,2019,129,0.4738,53.1798,78.7,0.7601,1.71,3.03,1.474,cluster
30,2020,129,0.4738,53.1798,78.7,0.7601,1.71,3.03,1.474,cluster
30,2021,129,0.4738,53.1798,78.7,0.7601,1.71,3.03,1.474,cluster
30,2022,129,0.4738,53.1798,78.7,0.7601,1.71,3.03,1.474,cluster
30,2023,129,0.4738,53.1798,78.7,0.7601,1.71,3.03,1.474,cluster
30,2024,129,0.4738,53.1798,78.7,0.7601,1.71,3.03,1.474,cluster
31,2014,49,4.2241,52.5885,-8.0,0.7464,1.69,2.97,1.977,rule_grid
31,2015,49,4.2241,52.5885,-8.0,0.7464,1.69,2.97,1.977,rule_grid
31,2016,59,4.2239,52.5882,-5.4,0.7278,1.66,2.9,2.091,rule_grid
31,2017,59,4.2239,52.5882,-5.4,0.7278,1.66,2.9,2.091,rule_grid
31,2018,60,4.224,52.5879,-6.2,0.7193,1.64,2.9,2.097,rule_grid
31,2019,60,4.224,52.5879,-6.2,0.7193,1.64,2.9,2.097,rule_grid
31,2020,60,4.224,52.5879,-6.2,0.7193,1.64,2.9,2.097,rule_grid
31,2021,60,4.224,52.5879,-6.2,0.7193,1.64,2.9,2.097,rule_grid
31,2022,60,4.224,52.5879,-6.2,0.7193,1.64,2.9,2.097,rule_grid
31,2023,129,4.2423,52.6531,69.7,0.8489,1.75,4.78,1.343,cluster
31,2024,129,4.2423,52.6531,69.7,0.8489,1.75,4.78,1.343,cluster
32,2019,7,112.2651,21.4886,41.3,0.95,3.97,6.82,2.832,belt
32,2020,92,112.2301,21.4574,-43.5,0.5158,1.06,2.47,0.92,multi_cluster
32,2021,128,112.2209,21.4359,72.5,0.7353,1.45,2.45,0.93,multi_cluster
32,2022,128,112.2209,21.4359,72.5,0.7353,1.45,2.45,0.93,multi_cluster
32,2023,128,112.2209,21.4359,72.5,0.7353,1.45,2.45,0.93,multi_cluster
32,2024,128,112.2209,21.4359,72.5,0.7353,1.45,2.45,0.93,multi_cluster
33,2024,109,109.1899,20.1449,-11.1,0.7147,1.55,5.12,1.304,cluster
34,2014,5,119.3805,25.1426,69.9,0.7926,1.83,6.46,2.75,sparse
34,2015,5,119.3805,25.1426,69.9,0.7926,1.83,6.46,2.75,sparse
34,2016,11,119.385,25.1509,70.0,0.873,2.74,4.2,2.104,belt
34,2017,11,119.385,25.1509,70.0,0.873,2.74,4.2,2.104,belt
34,2018,11,119.385,25.1509,70.0,0.873,2.74,4.2,2.104,belt
34,2019,19,119.4049,25.1541,30.9,0.805,1.89,3.84,1.136,cluster
34,2020,47,119.4001,25.1487,22.5,0.9071,2.16,3.21,0.968,belt
34,2021,110,119.3944,25.1344,29.7,0.8375,1.69,3.04,1.141,multi_cluster
34,2022,125,119.3921,25.1304,31.9,0.8161,1.62,3.04,1.201,cluster
34,2023,125,119.3921,25.1304,31.9,0.8161,1.62,3.04,1.201,cluster
34,2024,125,119.3921,25.1304,31.9,0.8161,1.62,3.04,1.201,cluster
35,2021,95,110.7621,20.5855,79.3,0.839,2.22,2.85,1.251,cluster
35,2022,95,110.7621,20.5855,79.3,0.839,2.22,2.85,1.251,cluster
35,2023,97,110.7613,20.5865,80.9,0.8291,1.94,2.88,1.173,multi_cluster
35,2024,120,110.7555,20.5948,89.8,0.8124,2.02,3.09,1.324,cluster
36,2017,116,-0.2783,50.6701,9.7,0.8597,2.24,3.92,1.907,belt
36,2018,116,-0.2783,50.6701,9.7,0.8597,2.24,3.92,1.907,belt
36,2019,116,-0.2783,50.6701,9.7,0.8597,2.24,3.92,1.907,belt
36,2020,116,-0.2783,50.6701,9.7,0.8597,2.24,3.92,1.907,belt
36,2021,116,-0.2783,50.6701,9.7,0.8597,2.24,3.92,1.907,belt
36,2022,116,-0.2783,50.6701,9.7,0.8597,2.24,3.92,1.907,belt
36,2023,116,-0.2783,50.6701,9.7,0.8597,2.24,3.92,1.907,belt
36,2024,116,-0.2783,50.6701,9.7,0.8597,2.24,3.92,1.907,belt
37,2021,113,121.5712,30.6258,8.1,0.9016,2.21,3.52,1.021,belt
37,2022,113,121.5712,30.6258,8.1,0.9016,2.21,3.52,1.021,belt
37,2023,113,121.5712,30.6258,8.1,0.9016,2.21,3.52,1.021,belt
37,2024,114,121.5708,30.6254,8.2,0.9003,2.22,3.58,1.043,belt
38,2014,63,121.9638,30.7722,-11.1,0.826,1.8,2.9,1.379,cluster
38,2015,63,121.9638,30.7722,-11.1,0.826,1.8,2.9,1.379,cluster
38,2016,63,121.9638,30.7722,-11.1,0.826,1.8,2.9,1.379,cluster
38,2017,63,121.9638,30.7722,-11.1,0.826,1.8,2.9,1.379,cluster
38,2018,63,121.9638,30.7722,-11.1,0.826,1.8,2.9,1.379,cluster
38,2019,63,121.9638,30.7722,-11.1,0.826,1.8,2.9,1.379,cluster
38,2020,71,121.9697,30.7652,-32.5,0.769,1.94,2.98,1.093,multi_cluster
38,2021,115,121.983,30.7484,132.6,0.8758,2.42,2.79,1.124,belt
38,2022,115,121.983,30.7484,132.6,0.8758,2.42,2.79,1.124,belt
38,2023,115,121.983,30.7484,132.6,0.8758,2.42,2.79,1.124,belt
38,2024,115,121.983,30.7484,132.6,0.8758,2.42,2.79,1.124,belt
39,2020,3,120.2282,23.9722,91.7,0.9667,6.16,6.2,6.362,belt
39,2021,21,120.242,23.9863,68.7,0.9159,3.37,2.58,1.713,belt
39,2022,26,120.2274,23.9949,-41.2,0.8189,2.09,3.05,1.058,multi_cluster
39,2023,73,120.1683,23.995,-6.5,0.7974,1.59,3.66,1.288,cluster
39,2024,114,120.158,23.9706,76.5,0.6873,1.43,3.79,1.199,multi_cluster
40,2021,5,-1.7018,56.6277,117.8,0.942,3.64,15.42,3.353,belt
40,2022,73,-1.7081,56.6032,-13.4,0.8598,2.21,8.65,1.353,belt
40,2023,114,-1.6988,56.5947,-6.1,0.82,1.98,7.45,1.361,cluster
40,2024,114,-1.6988,56.5947,-6.1,0.82,1.98,7.45,1.361,cluster
41,2021,35,117.048,23.2775,9.6,0.8813,2.43,2.58,1.431,belt
41,2022,35,117.048,23.2775,9.6,0.8813,2.43,2.58,1.431,belt
41,2023,88,117.02,23.2391,47.5,0.8142,1.93,2.85,1.068,multi_cluster
41,2024,102,117.0226,23.2409,47.1,0.8031,1.89,2.95,1.169,multi_cluster
42,2022,80,119.9077,24.1711,-7.4,0.9278,3.51,2.26,0.834,belt
42,2023,107,119.9125,24.1627,-9.9,0.8683,2.92,2.16,0.876,belt
42,2024,111,119.9117,24.1616,-9.6,0.8582,2.89,2.15,0.885,belt
43,2014,111,11.2166,56.6015,110.6,0.7892,1.53,3.99,1.296,cluster
43,2015,111,11.2166,56.6015,110.6,0.7892,1.53,3.99,1.296,cluster
43,2016,111,11.2166,56.6015,110.6,0.7892,1.53,3.99,1.296,cluster
43,2017,111,11.2166,56.6015,110.6,0.7892,1.53,3.99,1.296,cluster
43,2018,111,11.2166,56.6015,110.6,0.7892,1.53,3.99,1.296,cluster
43,2019,111,11.2166,56.6015,110.6,0.7892,1.53,3.99,1.296,cluster
43,2020,111,11.2166,56.6015,110.6,0.7892,1.53,3.99,1.296,cluster
43,2021,111,11.2166,56.6015,110.6,0.7892,1.53,3.99,1.296,cluster
43,2022,111,11.2166,56.6015,110.6,0.7892,1.53,3.99,1.296,cluster
43,2023,111,11.2166,56.6015,110.6,0.7892,1.53,3.99,1.296,cluster
43,2024,111,11.2166,56.6015,110.6,0.7892,1.53,3.99,1.296,cluster
44,2022,49,118.8577,38.2805,-14.1,0.9491,3.83,3.38,0.892,belt
44,2023,108,118.942,38.2743,-8.0,0.967,3.89,3.11,1.055,belt
44,2024,108,118.942,38.2743,-8.0,0.967,3.89,3.11,1.055,belt
45,2014,8,119.556,25.2493,44.9,0.8855,1.93,3.53,1.302,cluster
45,2015,8,119.556,25.2493,44.9,0.8855,1.93,3.53,1.302,cluster
45,2016,8,119.556,25.2493,44.9,0.8855,1.93,3.53,1.302,cluster
45,2017,17,119.5478,25.2377,48.7,0.8824,2.25,2.87,1.144,belt
45,2018,45,119.5304,25.2439,-30.8,0.6349,1.39,2.42,1.003,multi_cluster
45,2019,55,119.5274,25.246,-29.4,0.705,1.43,2.39,1.073,multi_cluster
45,2020,66,119.5281,25.2471,-22.9,0.6755,1.38,2.2,1.039,multi_cluster
45,2021,96,119.5425,25.2515,4.3,0.6888,1.61,1.99,1.067,multi_cluster
45,2022,103,119.5436,25.2522,8.2,0.7005,1.57,1.93,1.073,multi_cluster
45,2023,105,119.5442,25.2526,9.3,0.701,1.55,1.93,1.083,multi_cluster
45,2024,106,119.5441,25.2524,9.5,0.7003,1.55,1.9,1.074,multi_cluster
46,2014,2,119.9617,25.7761,0.0,0.0,0.0,11.11,,sparse
46,2015,2,119.9617,25.7761,0.0,0.0,0.0,11.11,,sparse
46,2016,2,119.9617,25.7761,0.0,0.0,0.0,11.11,,sparse
46,2017,2,119.9617,25.7761,0.0,0.0,0.0,11.11,,sparse
46,2018,2,119.9617,25.7761,0.0,0.0,0.0,11.11,,sparse
46,2019,2,119.9617,25.7761,0.0,0.0,0.0,11.11,,sparse
46,2020,2,119.9617,25.7761,0.0,0.0,0.0,11.11,,sparse
46,2021,57,119.9897,25.8003,82.2,0.8399,1.96,3.51,1.233,cluster
46,2022,98,119.9973,25.8155,73.9,0.8653,2.47,2.86,1.204,belt
46,2023,105,119.9959,25.8097,75.6,0.8887,2.66,2.84,1.226,belt
46,2024,105,119.9959,25.8097,75.6,0.8887,2.66,2.84,1.226,belt
47,2021,40,114.997,22.3095,79.1,0.6006,1.48,3.69,1.494,cluster
47,2022,40,114.997,22.3095,79.1,0.6006,1.48,3.69,1.494,cluster
47,2023,104,114.9472,22.3059,22.5,0.7752,1.71,4.1,1.383,cluster
47,2024,104,114.9472,22.3059,22.5,0.7752,1.71,4.1,1.383,cluster
48,2019,59,2.5036,52.2474,79.7,0.8089,2.05,3.85,0.983,multi_cluster
48,2020,102,2.5034,52.2364,78.0,0.791,1.84,3.82,1.149,multi_cluster
48,2021,102,2.5034,52.2364,78.0,0.791,1.84,3.82,1.149,multi_cluster
48,2022,102,2.5034,52.2364,78.0,0.791,1.84,3.82,1.149,multi_cluster
48,2023,102,2.5034,52.2364,78.0,0.791,1.84,3.82,1.149,multi_cluster
48,2024,102,2.5034,52.2364,78.0,0.791,1.84,3.82,1.149,multi_cluster
49,2014,101,1.632,51.4309,-27.5,0.7792,1.85,2.63,1.82,rule_grid
49,2015,101,1.632,51.4309,-27.5,0.7792,1.85,2.63,1.82,rule_grid
49,2016,101,1.632,51.4309,-27.5,0.7792,1.85,2.63,1.82,rule_grid
49,2017,101,1.632,51.4309,-27.5,0.7792,1.85,2.63,1.82,rule_grid
49,2018,101,1.632,51.4309,-27.5,0.7792,1.85,2.63,1.82,rule_grid
49,2019,101,1.632,51.4309,-27.5,0.7792,1.85,2.63,1.82,rule_grid
49,2020,101,1.632,51.4309,-27.5,0.7792,1.85,2.63,1.82,rule_grid
49,2021,101,1.632,51.4309,-27.5,0.7792,1.85,2.63,1.82,rule_grid
49,2022,101,1.632,51.4309,-27.5,0.7792,1.85,2.63,1.82,rule_grid
49,2023,101,1.632,51.4309,-27.5,0.7792,1.85,2.63,1.82,rule_grid
49,2024,101,1.632,51.4309,-27.5,0.7792,1.85,2.63,1.82,rule_grid
50,2017,47,120.3535,34.4867,-1.3,0.677,1.48,4.05,1.201,cluster
50,2018,99,120.3623,34.5052,6.9,0.7316,1.92,3.29,1.237,cluster
50,2019,100,120.3623,34.5055,7.0,0.7279,1.92,3.29,1.242,cluster
50,2020,100,120.3623,34.5055,7.0,0.7279,1.92,3.29,1.242,cluster
50,2021,100,120.3623,34.5055,7.0,0.7279,1.92,3.29,1.242,cluster
50,2022,100,120.3623,34.5055,7.0,0.7279,1.92,3.29,1.242,cluster
50,2023,100,120.3623,34.5055,7.0,0.7279,1.92,3.29,1.242,cluster
50,2024,100,120.3623,34.5055,7.0,0.7279,1.92,3.29,1.242,cluster
51,2017,91,0.842,53.2762,-41.1,0.8599,2.08,4.51,1.752,belt
51,2018,91,0.842,53.2762,-41.1,0.8599,2.08,4.51,1.752,belt
51,2019,91,0.842,53.2762,-41.1,0.8599,2.08,4.51,1.752,belt
51,2020,91,0.842,53.2762,-41.1,0.8599,2.08,4.51,1.752,belt
51,2021,91,0.842,53.2762,-41.1,0.8599,2.08,4.51,1.752,belt
51,2022,91,0.842,53.2762,-41.1,0.8599,2.08,4.51,1.752,belt
51,2023,91,0.842,53.2762,-41.1,0.8599,2.08,4.51,1.752,belt
51,2024,91,0.842,53.2762,-41.1,0.8599,2.08,4.51,1.752,belt
52,2019,6,119.7792,25.6772,116.1,0.9662,4.92,7.97,3.028,belt
52,2020,13,119.7759,25.6864,120.9,0.7571,1.94,5.28,1.539,cluster
52,2021,59,119.7391,25.6778,-12.2,0.8182,2.48,2.06,0.696,multi_cluster
52,2022,76,119.7531,25.6716,-22.2,0.8804,2.94,1.82,0.668,belt
52,2023,80,119.7562,25.6702,-23.0,0.8899,2.93,1.8,0.674,belt
52,2024,90,119.7641,25.6651,-26.5,0.8967,2.8,1.85,0.708,belt
53,2021,90,0.8387,53.4775,-24.5,0.8422,2.4,5.74,1.653,cluster
53,2022,90,0.8387,53.4775,-24.5,0.8422,2.4,5.74,1.653,cluster
53,2023,90,0.8387,53.4775,-24.5,0.8422,2.4,5.74,1.653,cluster
53,2024,90,0.8387,53.4775,-24.5,0.8422,2.4,5.74,1.653,cluster
54,2021,89,5.2635,53.0019,-2.8,0.5994,1.31,3.5,2.028,rule_grid
54,2022,89,5.2635,53.0019,-2.8,0.5994,1.31,3.5,2.028,rule_grid
54,2023,89,5.2635,53.0019,-2.8,0.5994,1.31,3.5,2.028,rule_grid
54,2024,89,5.2635,53.0019,-2.8,0.5994,1.31,3.5,2.028,rule_grid
55,2014,88,1.1474,53.1359,-31.5,0.864,2.54,3.57,2.068,belt
55,2015,88,1.1474,53.1359,-31.5,0.864,2.54,3.57,2.068,belt
55,2016,88,1.1474,53.1359,-31.5,0.864,2.54,3.57,2.068,belt
55,2017,88,1.1474,53.1359,-31.5,0.864,2.54,3.57,2.068,belt
55,2018,88,1.1474,53.1359,-31.5,0.864,2.54,3.57,2.068,belt
55,2019,88,1.1474,53.1359,-31.5,0.864,2.54,3.57,2.068,belt
55,2020,88,1.1474,53.1359,-31.5,0.864,2.54,3.57,2.068,belt
55,2021,88,1.1474,53.1359,-31.5,0.864,2.54,3.57,2.068,belt
55,2022,88,1.1474,53.1359,-31.5,0.864,2.54,3.57,2.068,belt
55,2023,88,1.1474,53.1359,-31.5,0.864,2.54,3.57,2.068,belt
55,2024,88,1.1474,53.1359,-31.5,0.864,2.54,3.57,2.068,belt
56,2023,9,108.1948,21.3639,24.2,0.8679,2.43,3.73,1.477,belt
56,2024,83,108.211,21.3394,71.1,0.7598,2.0,3.55,1.612,cluster
57,2014,48,105.8064,9.2247,35.8,0.9056,3.02,1.31,1.361,belt
57,2015,48,105.8064,9.2247,35.8,0.9056,3.02,1.31,1.361,belt
57,2016,62,105.8027,9.2222,38.4,0.9088,2.98,1.24,1.396,belt
57,2017,62,105.8027,9.2222,38.4,0.9088,2.98,1.24,1.396,belt
57,2018,63,105.8027,9.2224,39.0,0.9,2.5,1.28,1.315,belt
57,2019,68,105.8041,9.2211,48.0,0.8024,1.84,1.63,1.032,multi_cluster
57,2020,68,105.8041,9.2211,48.0,0.8024,1.84,1.63,1.032,multi_cluster
57,2021,76,105.8089,9.2225,36.4,0.8214,1.5,1.56,0.983,multi_cluster
57,2022,76,105.8089,9.2225,36.4,0.8214,1.5,1.56,0.983,multi_cluster
57,2023,79,105.8096,9.2207,44.5,0.7181,1.49,1.83,1.01,multi_cluster
57,2024,80,105.8101,9.2204,44.6,0.6876,1.49,1.75,0.958,multi_cluster
58,2018,2,-2.5717,47.1718,0.0,0.0,0.0,89.73,,sparse
58,2019,2,-2.5717,47.1718,0.0,0.0,0.0,89.73,,sparse
58,2020,2,-2.5717,47.1718,0.0,0.0,0.0,89.73,,sparse
58,2021,2,-2.5717,47.1718,0.0,0.0,0.0,89.73,,sparse
58,2022,81,-2.6062,47.1594,-12.3,0.8523,2.49,5.61,1.808,belt
58,2023,81,-2.6062,47.1594,-12.3,0.8523,2.49,5.61,1.808,belt
58,2024,81,-2.6062,47.1594,-12.3,0.8523,2.49,5.61,1.808,belt
59,2014,73,7.8398,55.4868,-3.8,0.7513,1.78,2.84,1.864,rule_grid
59,2015,73,7.8398,55.4868,-3.8,0.7513,1.78,2.84,1.864,rule_grid
59,2016,80,7.8406,55.4865,-4.4,0.7501,1.76,2.84,1.948,rule_grid
59,2017,80,7.8406,55.4865,-4.4,0.7501,1.76,2.84,1.948,rule_grid
59,2018,80,7.8406,55.4865,-4.4,0.7501,1.76,2.84,1.948,rule_grid
59,2019,80,7.8406,55.4865,-4.4,0.7501,1.76,2.84,1.948,rule_grid
59,2020,80,7.8406,55.4865,-4.4,0.7501,1.76,2.84,1.948,rule_grid
59,2021,80,7.8406,55.4865,-4.4,0.7501,1.76,2.84,1.948,rule_grid
59,2022,80,7.8406,55.4865,-4.4,0.7501,1.76,2.84,1.948,rule_grid
59,2023,80,7.8406,55.4865,-4.4,0.7501,1.76,2.84,1.948,rule_grid
59,2024,80,7.8406,55.4865,-4.4,0.7501,1.76,2.84,1.948,rule_grid
60,2014,80,7.1997,55.141,96.7,0.9075,3.11,4.5,1.669,belt
60,2015,80,7.1997,55.141,96.7,0.9075,3.11,4.5,1.669,belt
60,2016,80,7.1997,55.141,96.7,0.9075,3.11,4.5,1.669,belt
60,2017,80,7.1997,55.141,96.7,0.9075,3.11,4.5,1.669,belt
60,2018,80,7.1997,55.141,96.7,0.9075,3.11,4.5,1.669,belt
60,2019,80,7.1997,55.141,96.7,0.9075,3.11,4.5,1.669,belt
60,2020,80,7.1997,55.141,96.7,0.9075,3.11,4.5,1.669,belt
60,2021,80,7.1997,55.141,96.7,0.9075,3.11,4.5,1.669,belt
60,2022,80,7.1997,55.141,96.7,0.9075,3.11,4.5,1.669,belt
60,2023,80,7.1997,55.141,96.7,0.9075,3.11,4.5,1.669,belt
60,2024,80,7.1997,55.141,96.7,0.9075,3.11,4.5,1.669,belt
61,2014,80,7.7741,55.0168,96.1,0.7623,1.8,3.78,2.068,rule_grid
61,2015,80,7.7741,55.0168,96.1,0.7623,1.8,3.78,2.068,rule_grid
61,2016,80,7.7741,55.0168,96.1,0.7623,1.8,3.78,2.068,rule_grid
61,2017,80,7.7741,55.0168,96.1,0.7623,1.8,3.78,2.068,rule_grid
61,2018,80,7.7741,55.0168,96.1,0.7623,1.8,3.78,2.068,rule_grid
61,2019,80,7.7741,55.0168,96.1,0.7623,1.8,3.78,2.068,rule_grid
61,2020,80,7.7741,55.0168,96.1,0.7623,1.8,3.78,2.068,rule_grid
61,2021,80,7.7741,55.0168,96.1,0.7623,1.8,3.78,2.068,rule_grid
61,2022,80,7.7741,55.0168,96.1,0.7623,1.8,3.78,2.068,rule_grid
61,2023,80,7.7741,55.0168,96.1,0.7623,1.8,3.78,2.068,rule_grid
61,2024,80,7.7741,55.0168,96.1,0.7623,1.8,3.78,2.068,rule_grid
62,2021,11,120.0294,23.5745,60.9,0.942,4.19,6.17,2.269,belt
62,2022,16,120.0234,23.572,57.2,0.8999,2.86,4.86,1.886,belt
62,2023,35,120.0258,23.5746,67.6,0.9308,3.18,4.48,1.486,belt
62,2024,79,120.028,23.5921,76.9,0.8754,2.63,3.7,1.598,belt
63,2016,2,118.7738,38.9817,0.0,0.0,0.0,16.14,,sparse
63,2017,10,118.7856,38.988,28.1,0.9399,5.05,6.25,2.567,belt
63,2018,40,118.8145,38.9981,25.3,0.837,1.86,4.1,1.566,cluster
63,2019,65,118.8045,39.0027,23.8,0.7465,1.55,3.99,1.676,cluster
63,2020,75,118.8044,38.9986,28.6,0.6927,1.46,3.91,1.699,cluster
63,2021,75,118.8044,38.9986,28.6,0.6927,1.46,3.91,1.699,cluster
63,2022,75,118.8044,38.9986,28.6,0.6927,1.46,3.91,1.699,cluster
63,2023,75,118.8044,38.9986,28.6,0.6927,1.46,3.91,1.699,cluster
63,2024,75,118.8044,38.9986,28.6,0.6927,1.46,3.91,1.699,cluster
64,2021,49,106.8328,10.1456,86.3,0.9564,4.02,1.88,0.563,belt
64,2022,74,106.8473,10.1599,80.3,0.9004,2.45,2.07,0.659,belt
64,2023,75,106.8469,10.1591,80.1,0.9013,2.44,2.07,0.661,belt
64,2024,75,106.8469,10.1591,80.1,0.9013,2.44,2.07,0.661,belt
65,2016,75,5.8848,54.0341,-27.3,0.7518,1.76,3.49,1.856,rule_grid
65,2017,75,5.8848,54.0341,-27.3,0.7518,1.76,3.49,1.856,rule_grid
65,2018,75,5.8848,54.0341,-27.3,0.7518,1.76,3.49,1.856,rule_grid
65,2019,75,5.8848,54.0341,-27.3,0.7518,1.76,3.49,1.856,rule_grid
65,2020,75,5.8848,54.0341,-27.3,0.7518,1.76,3.49,1.856,rule_grid
65,2021,75,5.8848,54.0341,-27.3,0.7518,1.76,3.49,1.856,rule_grid
65,2022,75,5.8848,54.0341,-27.3,0.7518,1.76,3.49,1.856,rule_grid
65,2023,75,5.8848,54.0341,-27.3,0.7518,1.76,3.49,1.856,rule_grid
65,2024,75,5.8848,54.0341,-27.3,0.7518,1.76,3.49,1.856,rule_grid
66,2020,3,121.4552,30.4982,89.7,1.0,12.22,2.74,41.536,belt
66,2021,74,121.4796,30.462,99.2,0.8598,2.83,2.19,1.183,belt
66,2022,74,121.4796,30.462,99.2,0.8598,2.83,2.19,1.183,belt
66,2023,74,121.4796,30.462,99.2,0.8598,2.83,2.19,1.183,belt
66,2024,74,121.4796,30.462,99.2,0.8598,2.83,2.19,1.183,belt
67,2014,73,0.2928,53.6443,39.1,0.6281,1.36,3.13,2.05,rule_grid
67,2015,73,0.2928,53.6443,39.1,0.6281,1.36,3.13,2.05,rule_grid
67,2016,73,0.2928,53.6443,39.1,0.6281,1.36,3.13,2.05,rule_grid
67,2017,73,0.2928,53.6443,39.1,0.6281,1.36,3.13,2.05,rule_grid
67,2018,73,0.2928,53.6443,39.1,0.6281,1.36,3.13,2.05,rule_grid
67,2019,73,0.2928,53.6443,39.1,0.6281,1.36,3.13,2.05,rule_grid
67,2020,73,0.2928,53.6443,39.1,0.6281,1.36,3.13,2.05,rule_grid
67,2021,73,0.2928,53.6443,39.1,0.6281,1.36,3.13,2.05,rule_grid
67,2022,73,0.2928,53.6443,39.1,0.6281,1.36,3.13,2.05,rule_grid
67,2023,73,0.2928,53.6443,39.1,0.6281,1.36,3.13,2.05,rule_grid
67,2024,73,0.2928,53.6443,39.1,0.6281,1.36,3.13,2.05,rule_grid
68,2014,37,6.8441,55.2024,112.0,0.9606,5.59,5.25,2.014,belt
68,2015,37,6.8441,55.2024,112.0,0.9606,5.59,5.25,2.014,belt
68,2016,71,6.8517,55.2028,106.8,0.9523,4.86,5.13,1.901,belt
68,2017,72,6.8522,55.2017,106.9,0.9534,4.81,5.11,1.906,belt
68,2018,72,6.8522,55.2017,106.9,0.9534,4.81,5.11,1.906,belt
68,2019,72,6.8522,55.2017,106.9,0.9534,4.81,5.11,1.906,belt
68,2020,72,6.8522,55.2017,106.9,0.9534,4.81,5.11,1.906,belt
68,2021,72,6.8522,55.2017,106.9,0.9534,4.81,5.11,1.906,belt
68,2022,72,6.8522,55.2017,106.9,0.9534,4.81,5.11,1.906,belt
68,2023,72,6.8522,55.2017,106.9,0.9534,4.81,5.11,1.906,belt
68,2024,72,6.8522,55.2017,106.9,0.9534,4.81,5.11,1.906,belt
69,2023,43,0.2256,49.8863,48.6,0.6808,1.55,5.68,1.986,rule_grid
69,2024,71,0.2344,49.896,56.9,0.8118,2.0,5.57,2.153,rule_grid
70,2022,70,121.2355,36.427,83.3,0.8327,1.97,3.28,1.405,cluster
70,2023,70,121.2355,36.427,83.3,0.8327,1.97,3.28,1.405,cluster
70,2024,70,121.2355,36.427,83.3,0.8327,1.97,3.28,1.405,cluster
71,2016,3,120.8155,24.6957,43.4,0.936,4.27,5.01,5.494,belt
71,2017,3,120.8155,24.6957,43.4,0.936,4.27,5.01,5.494,belt
71,2018,3,120.8155,24.6957,43.4,0.936,4.27,5.01,5.494,belt
71,2019,22,120.8145,24.7078,54.9,0.8177,1.9,2.69,1.631,cluster
71,2020,22,120.8145,24.7078,54.9,0.8177,1.9,2.69,1.631,cluster
71,2021,22,120.8145,24.7078,54.9,0.8177,1.9,2.69,1.631,cluster
71,2022,66,120.7762,24.7067,50.5,0.8578,2.56,4.17,1.432,belt
71,2023,69,120.7773,24.7084,51.1,0.8611,2.58,4.1,1.44,belt
71,2024,69,120.7773,24.7084,51.1,0.8611,2.58,4.1,1.44,belt
72,2018,3,110.5923,20.5875,101.3,0.9155,3.63,6.56,5.214,belt
72,2019,36,110.6142,20.5759,95.6,0.8772,2.41,3.06,1.479,belt
72,2020,36,110.6142,20.5759,95.6,0.8772,2.41,3.06,1.479,belt
72,2021,68,110.6321,20.5798,81.8,0.7387,1.72,3.12,1.428,cluster
72,2022,68,110.6321,20.5798,81.8,0.7387,1.72,3.12,1.428,cluster
72,2023,68,110.6321,20.5798,81.8,0.7387,1.72,3.12,1.428,cluster
72,2024,68,110.6321,20.5798,81.8,0.7387,1.72,3.12,1.428,cluster
73,2017,67,1.3778,53.2671,-38.0,0.7441,1.9,5.09,2.011,rule_grid
73,2018,67,1.3778,53.2671,-38.0,0.7441,1.9,5.09,2.011,rule_grid
73,2019,67,1.3778,53.2671,-38.0,0.7441,1.9,5.09,2.011,rule_grid
73,2020,67,1.3778,53.2671,-38.0,0.7441,1.9,5.09,2.011,rule_grid
73,2021,67,1.3778,53.2671,-38.0,0.7441,1.9,5.09,2.011,rule_grid
73,2022,67,1.3778,53.2671,-38.0,0.7441,1.9,5.09,2.011,rule_grid
73,2023,67,1.3778,53.2671,-38.0,0.7441,1.9,5.09,2.011,rule_grid
73,2024,67,1.3778,53.2671,-38.0,0.7441,1.9,5.09,2.011,rule_grid
74,2017,10,122.1895,29.5822,32.0,0.848,1.96,3.01,1.949,rule_grid
74,2018,52,122.2196,29.5794,8.4,0.8861,4.22,1.88,1.104,belt
74,2019,62,122.2286,29.5814,10.7,0.907,4.38,1.74,1.088,belt
74,2020,62,122.2286,29.5814,10.7,0.907,4.38,1.74,1.088,belt
74,2021,62,122.2286,29.5814,10.7,0.907,4.38,1.74,1.088,belt
74,2022,62,122.2286,29.5814,10.7,0.907,4.38,1.74,1.088,belt
74,2023,62,122.2286,29.5814,10.7,0.907,4.38,1.74,1.088,belt
74,2024,62,122.2286,29.5814,10.7,0.907,4.38,1.74,1.088,belt
75,2023,62,-2.542,48.857,122.6,0.8188,2.05,5.87,1.89,rule_grid
75,2024,62,-2.542,48.857,122.6,0.8188,2.05,5.87,1.89,rule_grid
76,2022,61,118.5609,38.3074,-23.8,0.8425,2.32,2.98,0.806,multi_cluster
76,2023,61,118.5609,38.3074,-23.8,0.8425,2.32,2.98,0.806,multi_cluster
76,2024,61,118.5609,38.3074,-23.8,0.8425,2.32,2.98,0.806,multi_cluster
77,2024,60,109.4278,20.1438,-22.4,0.764,1.82,3.34,1.295,cluster
78,2020,24,123.1993,39.4678,0.6,0.5734,1.01,4.22,1.477,cluster
78,2021,59,123.2029,39.4763,82.6,0.701,1.35,3.21,1.434,cluster
78,2022,60,123.2027,39.4769,83.6,0.7072,1.33,3.2,1.441,cluster
78,2023,60,123.2027,39.4769,83.6,0.7072,1.33,3.2,1.441,cluster
78,2024,60,123.2027,39.4769,83.6,0.7072,1.33,3.2,1.441,cluster
79,2023,41,120.3264,37.8518,24.7,0.846,2.18,3.75,1.344,cluster
79,2024,60,120.3113,37.8351,41.5,0.8479,2.53,3.84,1.357,cluster
80,2017,40,-3.8524,54.128,16.2,0.8302,2.37,5.85,1.998,rule_grid
80,2018,60,-3.8162,54.1164,-16.7,0.8601,2.37,5.67,1.685,belt
80,2019,60,-3.8162,54.1164,-16.7,0.8601,2.37,5.67,1.685,belt
80,2020,60,-3.8162,54.1164,-16.7,0.8601,2.37,5.67,1.685,belt
80,2021,60,-3.8162,54.1164,-16.7,0.8601,2.37,5.67,1.685,belt
80,2022,60,-3.8162,54.1164,-16.7,0.8601,2.37,5.67,1.685,belt
80,2023,60,-3.8162,54.1164,-16.7,0.8601,2.37,5.67,1.685,belt
80,2024,60,-3.8162,54.1164,-16.7,0.8601,2.37,5.67,1.685,belt
81,2017,6,119.4523,25.3822,101.4,0.9481,4.06,2.47,2.378,belt
81,2018,14,119.4551,25.3845,50.0,0.6213,1.14,2.59,1.75,cluster
81,2019,21,119.4305,25.3898,-19.7,0.8752,2.2,3.25,1.04,belt
81,2020,52,119.402,25.404,-30.0,0.8701,2.48,2.5,1.154,belt
81,2021,59,119.3996,25.4058,-30.4,0.8513,2.48,2.44,1.187,belt
81,2022,59,119.3996,25.4058,-30.4,0.8513,2.48,2.44,1.187,belt
81,2023,59,119.3996,25.4058,-30.4,0.8513,2.48,2.44,1.187,belt
81,2024,59,119.3996,25.4058,-30.4,0.8513,2.48,2.44,1.187,belt
82,2021,58,121.5926,33.3213,2.4,0.8807,3.76,3.08,1.521,belt
82,2022,58,121.5926,33.3213,2.4,0.8807,3.76,3.08,1.521,belt
82,2023,58,121.5926,33.3213,2.4,0.8807,3.76,3.08,1.521,belt
82,2024,58,121.5926,33.3213,2.4,0.8807,3.76,3.08,1.521,belt
83,2014,58,-3.713,54.7534,15.1,0.6427,1.39,2.4,1.981,rule_grid
83,2015,58,-3.713,54.7534,15.1,0.6427,1.39,2.4,1.981,rule_grid
83,2016,58,-3.713,54.7534,15.1,0.6427,1.39,2.4,1.981,rule_grid
83,2017,58,-3.713,54.7534,15.1,0.6427,1.39,2.4,1.981,rule_grid
83,2018,58,-3.713,54.7534,15.1,0.6427,1.39,2.4,1.981,rule_grid
83,2019,58,-3.713,54.7534,15.1,0.6427,1.39,2.4,1.981,rule_grid
83,2020,58,-3.713,54.7534,15.1,0.6427,1.39,2.4,1.981,rule_grid
83,2021,58,-3.713,54.7534,15.1,0.6427,1.39,2.4,1.981,rule_grid
83,2022,58,-3.713,54.7534,15.1,0.6427,1.39,2.4,1.981,rule_grid
83,2023,58,-3.713,54.7534,15.1,0.6427,1.39,2.4,1.981,rule_grid
83,2024,58,-3.713,54.7534,15.1,0.6427,1.39,2.4,1.981,rule_grid
84,2014,25,-3.1904,53.4886,-20.8,0.8874,2.73,3.27,2.122,belt
84,2015,25,-3.1904,53.4886,-20.8,0.8874,2.73,3.27,2.122,belt
84,2016,57,-3.2425,53.4864,-3.1,0.9389,4.1,4.61,1.806,belt
84,2017,57,-3.2425,53.4864,-3.1,0.9389,4.1,4.61,1.806,belt
84,2018,57,-3.2425,53.4864,-3.1,0.9389,4.1,4.61,1.806,belt
84,2019,57,-3.2425,53.4864,-3.1,0.9389,4.1,4.61,1.806,belt
84,2020,57,-3.2425,53.4864,-3.1,0.9389,4.1,4.61,1.806,belt
84,2021,57,-3.2425,53.4864,-3.1,0.9389,4.1,4.61,1.806,belt
84,2022,57,-3.2425,53.4864,-3.1,0.9389,4.1,4.61,1.806,belt
84,2023,57,-3.2425,53.4864,-3.1,0.9389,4.1,4.61,1.806,belt
84,2024,57,-3.2425,53.4864,-3.1,0.9389,4.1,4.61,1.806,belt
85,2023,54,121.9991,28.9282,74.0,0.8702,2.56,3.18,1.355,belt
85,2024,56,121.9986,28.9259,75.0,0.8836,2.89,3.18,1.346,belt
86,2021,19,105.4224,8.9754,97.4,0.9497,3.7,2.76,1.427,belt
86,2022,56,105.3984,8.9219,72.0,0.9846,4.77,1.68,0.813,belt
86,2023,56,105.3984,8.9219,72.0,0.9846,4.77,1.68,0.813,belt
86,2024,56,105.3984,8.9219,72.0,0.9846,4.77,1.68,0.813,belt
87,2014,38,1.9669,51.7719,48.8,0.6652,1.48,4.73,1.944,rule_grid
87,2015,38,1.9669,51.7719,48.8,0.6652,1.48,4.73,1.944,rule_grid
87,2016,38,1.9669,51.7719,48.8,0.6652,1.48,4.73,1.944,rule_grid
87,2017,56,1.9848,51.7743,35.6,0.7014,1.55,4.71,1.631,cluster
87,2018,56,1.9848,51.7743,35.6,0.7014,1.55,4.71,1.631,cluster
87,2019,56,1.9848,51.7743,35.6,0.7014,1.55,4.71,1.631,cluster
87,2020,56,1.9848,51.7743,35.6,0.7014,1.55,4.71,1.631,cluster
87,2021,56,1.9848,51.7743,35.6,0.7014,1.55,4.71,1.631,cluster
87,2022,56,1.9848,51.7743,35.6,0.7014,1.55,4.71,1.631,cluster
87,2023,56,1.9848,51.7743,35.6,0.7014,1.55,4.71,1.631,cluster
87,2024,56,1.9848,51.7743,35.6,0.7014,1.55,4.71,1.631,cluster
88,2014,19,120.0391,34.512,-19.0,0.9513,3.58,4.08,1.619,belt
88,2015,19,120.0391,34.512,-19.0,0.9513,3.58,4.08,1.619,belt
88,2016,46,120.0456,34.5067,-27.6,0.9132,4.2,3.48,1.714,belt
88,2017,55,120.0532,34.5028,-28.0,0.9274,4.56,3.42,1.817,belt
88,2018,55,120.0532,34.5028,-28.0,0.9274,4.56,3.42,1.817,belt
88,2019,55,120.0532,34.5028,-28.0,0.9274,4.56,3.42,1.817,belt
88,2020,55,120.0532,34.5028,-28.0,0.9274,4.56,3.42,1.817,belt
88,2021,55,120.0532,34.5028,-28.0,0.9274,4.56,3.42,1.817,belt
88,2022,55,120.0532,34.5028,-28.0,0.9274,4.56,3.42,1.817,belt
88,2023,55,120.0532,34.5028,-28.0,0.9274,4.56,3.42,1.817,belt
88,2024,55,120.0532,34.5028,-28.0,0.9274,4.56,3.42,1.817,belt
89,2014,2,122.1269,30.9213,0.0,0.0,0.0,33.81,,sparse
89,2015,2,122.1269,30.9213,0.0,0.0,0.0,33.81,,sparse
89,2016,29,122.1343,30.9525,67.7,0.7912,2.88,4.94,2.207,rule_grid
89,2017,29,122.1343,30.9525,67.7,0.7912,2.88,4.94,2.207,rule_grid
89,2018,52,122.1235,30.931,67.8,0.9059,2.94,4.28,2.042,belt
89,2019,55,122.1242,30.9301,68.3,0.8966,3.0,4.24,2.077,belt
89,2020,55,122.1242,30.9301,68.3,0.8966,3.0,4.24,2.077,belt
89,2021,55,122.1242,30.9301,68.3,0.8966,3.0,4.24,2.077,belt
89,2022,55,122.1242,30.9301,68.3,0.8966,3.0,4.24,2.077,belt
89,2023,55,122.1242,30.9301,68.3,0.8966,3.0,4.24,2.077,belt
89,2024,55,122.1242,30.9301,68.3,0.8966,3.0,4.24,2.077,belt
90,2021,55,116.1203,22.7327,21.1,0.9634,4.25,2.66,1.108,belt
90,2022,55,116.1203,22.7327,21.1,0.9634,4.25,2.66,1.108,belt
90,2023,55,116.1203,22.7327,21.1,0.9634,4.25,2.66,1.108,belt
90,2024,55,116.1203,22.7327,21.1,0.9634,4.25,2.66,1.108,belt
91,2020,34,113.439,21.9058,36.3,0.9072,2.14,2.53,1.053,belt
91,2021,55,113.4405,21.901,32.9,0.7986,1.86,2.04,0.974,multi_cluster
91,2022,55,113.4405,21.901,32.9,0.7986,1.86,2.04,0.974,multi_cluster
91,2023,55,113.4405,21.901,32.9,0.7986,1.86,2.04,0.974,multi_cluster
91,2024,55,113.4405,21.901,32.9,0.7986,1.86,2.04,0.974,multi_cluster
92,2019,6,121.8791,30.4465,-8.5,0.9911,9.45,3.7,1.535,belt
92,2020,54,121.896,30.4497,-5.5,0.7719,1.45,2.26,0.9,multi_cluster
92,2021,54,121.896,30.4497,-5.5,0.7719,1.45,2.26,0.9,multi_cluster
92,2022,54,121.896,30.4497,-5.5,0.7719,1.45,2.26,0.9,multi_cluster
92,2023,54,121.896,30.4497,-5.5,0.7719,1.45,2.26,0.9,multi_cluster
92,2024,54,121.896,30.4497,-5.5,0.7719,1.45,2.26,0.9,multi_cluster
93,2021,2,-2.2186,56.2523,0.0,0.0,0.0,50.48,,sparse
93,2022,2,-2.2186,56.2523,0.0,0.0,0.0,50.48,,sparse
93,2023,32,-2.2513,56.2676,-39.0,0.6044,1.34,6.75,1.415,cluster
93,2024,39,-2.2527,56.2659,-27.7,0.6467,1.33,6.77,1.516,cluster
94,2022,50,119.4511,37.2621,115.2,0.6438,1.31,3.04,1.338,cluster
94,2023,50,119.4511,37.2621,115.2,0.6438,1.31,3.04,1.338,cluster
94,2024,50,119.4511,37.2621,115.2,0.6438,1.31,3.04,1.338,cluster
95,2023,3,13.8999,54.8323,123.7,0.9717,6.51,14.21,6.408,belt
95,2024,50,13.8582,54.8305,-12.7,0.7026,1.57,4.27,1.583,cluster
96,2014,50,1.2299,51.7298,21.3,0.8767,2.85,2.32,1.413,belt
96,2015,50,1.2299,51.7298,21.3,0.8767,2.85,2.32,1.413,belt
96,2016,50,1.2299,51.7298,21.3,0.8767,2.85,2.32,1.413,belt
96,2017,50,1.2299,51.7298,21.3,0.8767,2.85,2.32,1.413,belt
96,2018,50,1.2299,51.7298,21.3,0.8767,2.85,2.32,1.413,belt
96,2019,50,1.2299,51.7298,21.3,0.8767,2.85,2.32,1.413,belt
96,2020,50,1.2299,51.7298,21.3,0.8767,2.85,2.32,1.413,belt
96,2021,50,1.2299,51.7298,21.3,0.8767,2.85,2.32,1.413,belt
96,2022,50,1.2299,51.7298,21.3,0.8767,2.85,2.32,1.413,belt
96,2023,50,1.2299,51.7298,21.3,0.8767,2.85,2.32,1.413,belt
96,2024,50,1.2299,51.7298,21.3,0.8767,2.85,2.32,1.413,belt
97,2014,5,113.7278,22.1367,49.7,0.8308,2.15,5.16,3.031,sparse
97,2015,5,113.7278,22.1367,49.7,0.8308,2.15,5.16,3.031,sparse
97,2016,6,113.7296,22.1336,80.6,0.6792,1.2,5.57,2.566,rule_grid
97,2017,18,113.7312,22.1268,101.0,0.7683,1.63,3.36,2.146,rule_grid
97,2018,32,113.7292,22.1288,87.3,0.7191,1.43,3.22,1.954,rule_grid
97,2019,32,113.7292,22.1288,87.3,0.7191,1.43,3.22,1.954,rule_grid
97,2020,33,113.7297,22.1279,92.2,0.7256,1.6,3.19,1.941,rule_grid
97,2021,47,113.7322,22.1209,97.5,0.7945,1.71,3.11,1.753,cluster
97,2022,47,113.7322,22.1209,97.5,0.7945,1.71,3.11,1.753,cluster
97,2023,47,113.7322,22.1209,97.5,0.7945,1.71,3.11,1.753,cluster
97,2024,49,113.7329,22.12,99.0,0.7963,1.74,3.07,1.766,cluster
98,2018,2,119.8102,34.5864,0.0,0.0,0.0,25.59,,sparse
98,2019,7,119.7753,34.5909,2.6,0.9506,4.15,8.41,2.945,belt
98,2020,27,119.7761,34.6018,-4.4,0.5899,1.46,4.99,1.99,rule_grid
98,2021,48,119.7916,34.6039,-5.7,0.5954,1.22,4.8,1.997,rule_grid
98,2022,48,119.7916,34.6039,-5.7,0.5954,1.22,4.8,1.997,rule_grid
98,2023,48,119.7916,34.6039,-5.7,0.5954,1.22,4.8,1.997,rule_grid
98,2024,48,119.7916,34.6039,-5.7,0.5954,1.22,4.8,1.997,rule_grid
99,2014,15,12.7806,55.5122,29.4,0.6969,1.47,2.66,1.713,cluster
99,2015,15,12.7806,55.5122,29.4,0.6969,1.47,2.66,1.713,cluster
99,2016,48,12.7808,55.5128,21.3,0.6814,1.47,1.99,2.171,rule_grid
99,2017,48,12.7808,55.5128,21.3,0.6814,1.47,1.99,2.171,rule_grid
99,2018,48,12.7808,55.5128,21.3,0.6814,1.47,1.99,2.171,rule_grid
99,2019,48,12.7808,55.5128,21.3,0.6814,1.47,1.99,2.171,rule_grid
99,2020,48,12.7808,55.5128,21.3,0.6814,1.47,1.99,2.171,rule_grid
99,2021,48,12.7808,55.5128,21.3,0.6814,1.47,1.99,2.171,rule_grid
99,2022,48,12.7808,55.5128,21.3,0.6814,1.47,1.99,2.171,rule_grid
99,2023,48,12.7808,55.5128,21.3,0.6814,1.47,1.99,2.171,rule_grid
99,2024,48,12.7808,55.5128,21.3,0.6814,1.47,1.99,2.171,rule_grid
100,2014,48,5.5908,52.747,73.0,0.9712,5.29,2.29,1.275,belt
100,2015,48,5.5908,52.747,73.0,0.9712,5.29,2.29,1.275,belt
100,2016,48,5.5908,52.747,73.0,0.9712,5.29,2.29,1.275,belt
100,2017,48,5.5908,52.747,73.0,0.9712,5.29,2.29,1.275,belt
100,2018,48,5.5908,52.747,73.0,0.9712,5.29,2.29,1.275,belt
100,2019,48,5.5908,52.747,73.0,0.9712,5.29,2.29,1.275,belt
100,2020,48,5.5908,52.747,73.0,0.9712,5.29,2.29,1.275,belt
100,2021,48,5.5908,52.747,73.0,0.9712,5.29,2.29,1.275,belt
100,2022,48,5.5908,52.747,73.0,0.9712,5.29,2.29,1.275,belt
100,2023,48,5.5908,52.747,73.0,0.9712,5.29,2.29,1.275,belt
100,2024,48,5.5908,52.747,73.0,0.9712,5.29,2.29,1.275,belt
101,2014,2,119.5956,25.5932,0.0,0.0,0.0,11.07,,sparse
101,2015,2,119.5956,25.5932,0.0,0.0,0.0,11.07,,sparse
101,2016,3,119.6042,25.5841,126.1,0.9999,48.54,11.86,24.728,belt
101,2017,3,119.6042,25.5841,126.1,0.9999,48.54,11.86,24.728,belt
101,2018,3,119.6042,25.5841,126.1,0.9999,48.54,11.86,24.728,belt
101,2019,3,119.6042,25.5841,126.1,0.9999,48.54,11.86,24.728,belt
101,2020,15,119.5956,25.5988,123.9,0.7486,1.59,2.71,1.162,cluster
101,2021,47,119.6054,25.5817,109.4,0.9123,2.8,2.26,1.111,belt
101,2022,47,119.6054,25.5817,109.4,0.9123,2.8,2.26,1.111,belt
101,2023,47,119.6054,25.5817,109.4,0.9123,2.8,2.26,1.111,belt
101,2024,47,119.6054,25.5817,109.4,0.9123,2.8,2.26,1.111,belt
102,2014,45,1.0879,51.458,-6.3,0.85,2.37,3.56,2.208,belt
102,2015,45,1.0879,51.458,-6.3,0.85,2.37,3.56,2.208,belt
102,2016,45,1.0879,51.458,-6.3,0.85,2.37,3.56,2.208,belt
102,2017,45,1.0879,51.458,-6.3,0.85,2.37,3.56,2.208,belt
102,2018,45,1.0879,51.458,-6.3,0.85,2.37,3.56,2.208,belt
102,2019,45,1.0879,51.458,-6.3,0.85,2.37,3.56,2.208,belt
102,2020,45,1.0879,51.458,-6.3,0.85,2.37,3.56,2.208,belt
102,2021,45,1.0879,51.458,-6.3,0.85,2.37,3.56,2.208,belt
102,2022,45,1.0879,51.458,-6.3,0.85,2.37,3.56,2.208,belt
102,2023,45,1.0879,51.458,-6.3,0.85,2.37,3.56,2.208,belt
102,2024,45,1.0879,51.458,-6.3,0.85,2.37,3.56,2.208,belt
103,2021,38,122.0282,29.0642,65.3,0.8711,2.41,2.45,1.216,belt
103,2022,41,122.0286,29.0656,67.8,0.8667,2.47,2.32,1.185,belt
103,2023,41,122.0286,29.0656,67.8,0.8667,2.47,2.32,1.185,belt
103,2024,41,122.0286,29.0656,67.8,0.8667,2.47,2.32,1.185,belt
104,2023,24,121.6816,30.3894,119.7,0.8811,2.13,4.13,1.442,belt
104,2024,39,121.6841,30.3869,123.5,0.8274,1.91,4.0,1.587,cluster
105,2023,40,121.8575,28.8353,7.3,0.7572,1.78,2.84,1.68,cluster
105,2024,40,121.8575,28.8353,7.3,0.7572,1.78,2.84,1.68,cluster
106,2024,37,119.2658,38.0243,-7.6,0.8431,2.5,3.17,1.194,multi_cluster
107,2020,11,105.5684,9.0798,25.3,0.7195,1.16,2.63,1.254,cluster
107,2021,39,105.5854,9.0822,39.8,0.923,2.5,1.62,0.759,belt
107,2022,39,105.5854,9.0822,39.8,0.923,2.5,1.62,0.759,belt
107,2023,39,105.5854,9.0822,39.8,0.923,2.5,1.62,0.759,belt
107,2024,39,105.5854,9.0822,39.8,0.923,2.5,1.62,0.759,belt
108,2022,38,119.6233,37.2428,-3.2,0.8236,2.72,3.82,1.549,cluster
108,2023,38,119.6233,37.2428,-3.2,0.8236,2.72,3.82,1.549,cluster
108,2024,38,119.6233,37.2428,-3.2,0.8236,2.72,3.82,1.549,cluster
109,2014,19,121.6732,32.3755,-12.0,0.95,3.87,4.28,1.729,belt
109,2015,19,121.6732,32.3755,-12.0,0.95,3.87,4.28,1.729,belt
109,2016,38,121.6844,32.3706,-10.8,0.9428,4.46,3.77,1.956,belt
109,2017,38,121.6844,32.3706,-10.8,0.9428,4.46,3.77,1.956,belt
109,2018,38,121.6844,32.3706,-10.8,0.9428,4.46,3.77,1.956,belt
109,2019,38,121.6844,32.3706,-10.8,0.9428,4.46,3.77,1.956,belt
109,2020,38,121.6844,32.3706,-10.8,0.9428,4.46,3.77,1.956,belt
109,2021,38,121.6844,32.3706,-10.8,0.9428,4.46,3.77,1.956,belt
109,2022,38,121.6844,32.3706,-10.8,0.9428,4.46,3.77,1.956,belt
109,2023,38,121.6844,32.3706,-10.8,0.9428,4.46,3.77,1.956,belt
109,2024,38,121.6844,32.3706,-10.8,0.9428,4.46,3.77,1.956,belt
110,2022,2,122.0372,29.5332,0.0,0.0,0.0,42.49,,sparse
110,2023,38,122.0568,29.531,96.9,0.9157,3.09,3.28,1.271,belt
110,2024,38,122.0568,29.531,96.9,0.9157,3.09,3.28,1.271,belt
111,2020,3,115.9225,22.6864,9.3,0.9846,7.19,5.81,5.541,belt
111,2021,35,115.9375,22.678,19.6,0.8326,2.09,2.3,1.105,multi_cluster
111,2022,36,115.9363,22.6779,18.9,0.8399,2.07,2.29,1.115,multi_cluster
111,2023,36,115.9363,22.6779,18.9,0.8399,2.07,2.29,1.115,multi_cluster
111,2024,36,115.9363,22.6779,18.9,0.8399,2.07,2.29,1.115,multi_cluster
112,2020,2,106.5609,9.6014,0.0,0.0,0.0,4.52,,sparse
112,2021,36,106.579,9.6266,73.9,0.9699,4.87,1.49,0.876,belt
112,2022,36,106.579,9.6266,73.9,0.9699,4.87,1.49,0.876,belt
112,2023,36,106.579,9.6266,73.9,0.9699,4.87,1.49,0.876,belt
112,2024,36,106.579,9.6266,73.9,0.9699,4.87,1.49,0.876,belt
113,2014,36,4.4203,52.607,-32.6,0.7691,2.04,3.65,1.81,rule_grid
113,2015,36,4.4203,52.607,-32.6,0.7691,2.04,3.65,1.81,rule_grid
113,2016,36,4.4203,52.607,-32.6,0.7691,2.04,3.65,1.81,rule_grid
113,2017,36,4.4203,52.607,-32.6,0.7691,2.04,3.65,1.81,rule_grid
113,2018,36,4.4203,52.607,-32.6,0.7691,2.04,3.65,1.81,rule_grid
113,2019,36,4.4203,52.607,-32.6,0.7691,2.04,3.65,1.81,rule_grid
113,2020,36,4.4203,52.607,-32.6,0.7691,2.04,3.65,1.81,rule_grid
113,2021,36,4.4203,52.607,-32.6,0.7691,2.04,3.65,1.81,rule_grid
113,2022,36,4.4203,52.607,-32.6,0.7691,2.04,3.65,1.81,rule_grid
113,2023,36,4.4203,52.607,-32.6,0.7691,2.04,3.65,1.81,rule_grid
113,2024,36,4.4203,52.607,-32.6,0.7691,2.04,3.65,1.81,rule_grid
114,2023,34,121.8836,37.9144,103.5,0.78,1.83,4.98,1.92,rule_grid
114,2024,34,121.8836,37.9144,103.5,0.78,1.83,4.98,1.92,rule_grid
115,2020,3,106.6804,9.934,90.4,1.0,69.29,12.24,69.158,belt
115,2021,21,106.6892,9.9354,105.9,0.8642,2.08,1.87,0.725,belt
115,2022,35,106.6985,9.9279,112.9,0.8271,2.14,1.67,0.786,multi_cluster
115,2023,35,106.6985,9.9279,112.9,0.8271,2.14,1.67,0.786,multi_cluster
115,2024,35,106.6985,9.9279,112.9,0.8271,2.14,1.67,0.786,multi_cluster
116,2014,35,0.1494,53.8058,4.9,0.6339,1.31,5.36,1.928,rule_grid
116,2015,35,0.1494,53.8058,4.9,0.6339,1.31,5.36,1.928,rule_grid
116,2016,35,0.1494,53.8058,4.9,0.6339,1.31,5.36,1.928,rule_grid
116,2017,35,0.1494,53.8058,4.9,0.6339,1.31,5.36,1.928,rule_grid
116,2018,35,0.1494,53.8058,4.9,0.6339,1.31,5.36,1.928,rule_grid
116,2019,35,0.1494,53.8058,4.9,0.6339,1.31,5.36,1.928,rule_grid
116,2020,35,0.1494,53.8058,4.9,0.6339,1.31,5.36,1.928,rule_grid
116,2021,35,0.1494,53.8058,4.9,0.6339,1.31,5.36,1.928,rule_grid
116,2022,35,0.1494,53.8058,4.9,0.6339,1.31,5.36,1.928,rule_grid
116,2023,35,0.1494,53.8058,4.9,0.6339,1.31,5.36,1.928,rule_grid
116,2024,35,0.1494,53.8058,4.9,0.6339,1.31,5.36,1.928,rule_grid
117,2023,7,-70.4453,41.0206,93.2,0.8961,2.88,13.3,2.815,belt
117,2024,32,-70.4336,41.0536,99.6,0.744,1.65,9.67,1.987,rule_grid
118,2021,32,121.7988,30.7438,46.1,0.5296,1.0,3.23,1.231,cluster
118,2022,32,121.7988,30.7438,46.1,0.5296,1.0,3.23,1.231,cluster
118,2023,32,121.7988,30.7438,46.1,0.5296,1.0,3.23,1.231,cluster
118,2024,32,121.7988,30.7438,46.1,0.5296,1.0,3.23,1.231,cluster
119,2021,22,121.5007,28.1931,111.0,0.6515,1.33,2.81,1.93,rule_grid
119,2022,22,121.5007,28.1931,111.0,0.6515,1.33,2.81,1.93,rule_grid
119,2023,22,121.5007,28.1931,111.0,0.6515,1.33,2.81,1.93,rule_grid
119,2024,32,121.5002,28.1833,89.0,0.8347,2.09,2.83,1.596,cluster
120,2021,32,110.5573,20.7161,111.7,0.8045,1.91,2.79,1.243,cluster
120,2022,32,110.5573,20.7161,111.7,0.8045,1.91,2.79,1.243,cluster
120,2023,32,110.5573,20.7161,111.7,0.8045,1.91,2.79,1.243,cluster
120,2024,32,110.5573,20.7161,111.7,0.8045,1.91,2.79,1.243,cluster
121,2014,30,6.4755,53.6928,10.0,0.9439,5.17,3.08,2.391,belt
121,2015,30,6.4755,53.6928,10.0,0.9439,5.17,3.08,2.391,belt
121,2016,30,6.4755,53.6928,10.0,0.9439,5.17,3.08,2.391,belt
121,2017,30,6.4755,53.6928,10.0,0.9439,5.17,3.08,2.391,belt
121,2018,30,6.4755,53.6928,10.0,0.9439,5.17,3.08,2.391,belt
121,2019,30,6.4755,53.6928,10.0,0.9439,5.17,3.08,2.391,belt
121,2020,30,6.4755,53.6928,10.0,0.9439,5.17,3.08,2.391,belt
121,2021,30,6.4755,53.6928,10.0,0.9439,5.17,3.08,2.391,belt
121,2022,30,6.4755,53.6928,10.0,0.9439,5.17,3.08,2.391,belt
121,2023,30,6.4755,53.6928,10.0,0.9439,5.17,3.08,2.391,belt
121,2024,30,6.4755,53.6928,10.0,0.9439,5.17,3.08,2.391,belt
122,2014,30,1.7875,52.6458,77.7,0.8003,1.99,1.92,1.844,rule_grid
122,2015,30,1.7875,52.6458,77.7,0.8003,1.99,1.92,1.844,rule_grid
122,2016,30,1.7875,52.6458,77.7,0.8003,1.99,1.92,1.844,rule_grid
122,2017,30,1.7875,52.6458,77.7,0.8003,1.99,1.92,1.844,rule_grid
122,2018,30,1.7875,52.6458,77.7,0.8003,1.99,1.92,1.844,rule_grid
122,2019,30,1.7875,52.6458,77.7,0.8003,1.99,1.92,1.844,rule_grid
122,2020,30,1.7875,52.6458,77.7,0.8003,1.99,1.92,1.844,rule_grid
122,2021,30,1.7875,52.6458,77.7,0.8003,1.99,1.92,1.844,rule_grid
122,2022,30,1.7875,52.6458,77.7,0.8003,1.99,1.92,1.844,rule_grid
122,2023,30,1.7875,52.6458,77.7,0.8003,1.99,1.92,1.844,rule_grid
122,2024,30,1.7875,52.6458,77.7,0.8003,1.99,1.92,1.844,rule_grid
123,2014,30,-3.2982,53.9928,-18.0,0.6734,1.51,2.92,1.994,rule_grid
123,2015,30,-3.2982,53.9928,-18.0,0.6734,1.51,2.92,1.994,rule_grid
123,2016,30,-3.2982,53.9928,-18.0,0.6734,1.51,2.92,1.994,rule_grid
123,2017,30,-3.2982,53.9928,-18.0,0.6734,1.51,2.92,1.994,rule_grid
123,2018,30,-3.2982,53.9928,-18.0,0.6734,1.51,2.92,1.994,rule_grid
123,2019,30,-3.2982,53.9928,-18.0,0.6734,1.51,2.92,1.994,rule_grid
123,2020,30,-3.2982,53.9928,-18.0,0.6734,1.51,2.92,1.994,rule_grid
123,2021,30,-3.2982,53.9928,-18.0,0.6734,1.51,2.92,1.994,rule_grid
123,2022,30,-3.2982,53.9928,-18.0,0.6734,1.51,2.92,1.994,rule_grid
123,2023,30,-3.2982,53.9928,-18.0,0.6734,1.51,2.92,1.994,rule_grid
123,2024,30,-3.2982,53.9928,-18.0,0.6734,1.51,2.92,1.994,rule_grid
124,2016,2,119.3637,25.2948,0.0,0.0,0.0,7.71,,sparse
124,2017,2,119.3637,25.2948,0.0,0.0,0.0,7.71,,sparse
124,2018,2,119.3637,25.2948,0.0,0.0,0.0,7.71,,sparse
124,2019,2,119.3637,25.2948,0.0,0.0,0.0,7.71,,sparse
124,2020,17,119.3758,25.2938,-10.6,0.6099,1.29,2.32,1.575,cluster
124,2021,29,119.3727,25.2975,130.6,0.753,2.15,2.04,1.535,cluster
124,2022,29,119.3727,25.2975,130.6,0.753,2.15,2.04,1.535,cluster
124,2023,29,119.3727,25.2975,130.6,0.753,2.15,2.04,1.535,cluster
124,2024,29,119.3727,25.2975,130.6,0.753,2.15,2.04,1.535,cluster
125,2023,23,118.2157,23.9194,47.6,0.6388,1.15,3.41,1.525,cluster
125,2024,28,118.2136,23.9216,47.1,0.6156,1.14,3.27,1.568,cluster
126,2021,25,106.4511,9.5221,22.1,0.8918,2.14,1.43,0.874,belt
126,2022,25,106.4511,9.5221,22.1,0.8918,2.14,1.43,0.874,belt
126,2023,26,106.4529,9.5227,22.8,0.9081,2.97,1.78,1.014,belt
126,2024,27,106.4546,9.5235,23.9,0.9181,2.94,1.46,0.837,belt
127,2022,9,13.6289,54.8376,-21.8,0.9283,3.22,6.48,2.212,belt
127,2023,27,13.657,54.8185,-24.6,0.9517,3.98,5.49,1.955,belt
127,2024,27,13.657,54.8185,-24.6,0.9517,3.98,5.49,1.955,belt
128,2014,24,-1.0943,54.6454,-18.3,0.8818,2.77,2.15,2.051,belt
128,2015,24,-1.0943,54.6454,-18.3,0.8818,2.77,2.15,2.051,belt
128,2016,27,-1.0941,54.6456,-19.1,0.8724,2.81,2.06,2.086,belt
128,2017,27,-1.0941,54.6456,-19.1,0.8724,2.81,2.06,2.086,belt
128,2018,27,-1.0941,54.6456,-19.1,0.8724,2.81,2.06,2.086,belt
128,2019,27,-1.0941,54.6456,-19.1,0.8724,2.81,2.06,2.086,belt
128,2020,27,-1.0941,54.6456,-19.1,0.8724,2.81,2.06,2.086,belt
128,2021,27,-1.0941,54.6456,-19.1,0.8724,2.81,2.06,2.086,belt
128,2022,27,-1.0941,54.6456,-19.1,0.8724,2.81,2.06,2.086,belt
128,2023,27,-1.0941,54.6456,-19.1,0.8724,2.81,2.06,2.086,belt
128,2024,27,-1.0941,54.6456,-19.1,0.8724,2.81,2.06,2.086,belt
129,2023,5,1.7214,54.7318,-1.9,0.8206,2.18,15.69,3.053,sparse
129,2024,22,1.7807,54.7312,-19.3,0.9529,3.64,11.42,1.493,belt
130,2020,2,105.6919,9.1479,0.0,0.0,0.0,1.5,,sparse
130,2021,26,105.7125,9.1406,42.2,0.6765,1.14,1.47,0.928,multi_cluster
130,2022,26,105.7125,9.1406,42.2,0.6765,1.14,1.47,0.928,multi_cluster
130,2023,26,105.7125,9.1406,42.2,0.6765,1.14,1.47,0.928,multi_cluster
130,2024,26,105.7125,9.1406,42.2,0.6765,1.14,1.47,0.928,multi_cluster
131,2014,10,120.1824,34.4059,129.1,0.7495,1.81,4.41,1.974,rule_grid
131,2015,10,120.1824,34.4059,129.1,0.7495,1.81,4.41,1.974,rule_grid
131,2016,17,120.1931,34.4016,-35.9,0.8356,1.94,3.76,1.652,cluster
131,2017,25,120.1958,34.4035,-38.3,0.8059,2.0,3.38,1.743,cluster
131,2018,25,120.1958,34.4035,-38.3,0.8059,2.0,3.38,1.743,cluster
131,2019,25,120.1958,34.4035,-38.3,0.8059,2.0,3.38,1.743,cluster
131,2020,25,120.1958,34.4035,-38.3,0.8059,2.0,3.38,1.743,cluster
131,2021,25,120.1958,34.4035,-38.3,0.8059,2.0,3.38,1.743,cluster
131,2022,25,120.1958,34.4035,-38.3,0.8059,2.0,3.38,1.743,cluster
131,2023,25,120.1958,34.4035,-38.3,0.8059,2.0,3.38,1.743,cluster
131,2024,25,120.1958,34.4035,-38.3,0.8059,2.0,3.38,1.743,cluster
132,2024,24,118.0399,38.6684,-9.2,0.9146,3.65,3.41,2.013,belt
133,2021,12,105.156,8.6774,91.2,0.8185,1.61,2.47,1.604,cluster
133,2022,17,105.1594,8.6776,94.0,0.7204,1.64,1.74,1.348,cluster
133,2023,20,105.1561,8.6745,65.8,0.7483,1.6,1.83,1.166,cluster
133,2024,24,105.1538,8.6706,66.9,0.8233,1.83,1.75,1.097,multi_cluster
134,2023,19,5.5731,52.6047,15.6,0.9649,7.01,4.22,2.323,belt
134,2024,24,5.5748,52.6039,17.9,0.9617,5.13,4.18,2.213,belt
135,2016,3,139.981,40.2069,37.7,0.9562,4.67,6.63,5.256,belt
135,2017,3,139.981,40.2069,37.7,0.9562,4.67,6.63,5.256,belt
135,2018,3,139.981,40.2069,37.7,0.9562,4.67,6.63,5.256,belt
135,2019,3,139.981,40.2069,37.7,0.9562,4.67,6.63,5.256,belt
135,2020,3,139.981,40.2069,37.7,0.9562,4.67,6.63,5.256,belt
135,2021,3,139.981,40.2069,37.7,0.9562,4.67,6.63,5.256,belt
135,2022,23,139.9778,40.2006,78.9,0.8949,2.33,2.21,1.509,belt
135,2023,23,139.9778,40.2006,78.9,0.8949,2.33,2.21,1.509,belt
135,2024,23,139.9778,40.2006,78.9,0.8949,2.33,2.21,1.509,belt
136,2023,21,8.0257,56.5932,90.6,1.0,142.01,3.57,21.574,belt
136,2024,21,8.0257,56.5932,90.6,1.0,142.01,3.57,21.574,belt
137,2014,20,12.6498,54.6091,39.1,0.9082,3.19,3.13,1.907,belt
137,2015,20,12.6498,54.6091,39.1,0.9082,3.19,3.13,1.907,belt
137,2016,21,12.6507,54.6098,39.7,0.9117,3.22,3.13,1.95,belt
137,2017,21,12.6507,54.6098,39.7,0.9117,3.22,3.13,1.95,belt
137,2018,21,12.6507,54.6098,39.7,0.9117,3.22,3.13,1.95,belt
137,2019,21,12.6507,54.6098,39.7,0.9117,3.22,3.13,1.95,belt
137,2020,21,12.6507,54.6098,39.7,0.9117,3.22,3.13,1.95,belt
137,2021,21,12.6507,54.6098,39.7,0.9117,3.22,3.13,1.95,belt
137,2022,21,12.6507,54.6098,39.7,0.9117,3.22,3.13,1.95,belt
137,2023,21,12.6507,54.6098,39.7,0.9117,3.22,3.13,1.95,belt
137,2024,21,12.6507,54.6098,39.7,0.9117,3.22,3.13,1.95,belt
138,2024,10,-70.9953,41.1325,-21.2,0.8956,2.71,10.64,1.434,belt
139,2017,3,126.3281,35.4822,8.5,0.8025,2.32,3.92,4.92,sparse
139,2018,13,126.3215,35.4862,14.0,0.6341,1.25,3.86,2.627,rule_grid
139,2019,20,126.3176,35.4818,34.3,0.6508,1.4,3.85,2.564,rule_grid
139,2020,20,126.3176,35.4818,34.3,0.6508,1.4,3.85,2.564,rule_grid
139,2021,20,126.3176,35.4818,34.3,0.6508,1.4,3.85,2.564,rule_grid
139,2022,20,126.3176,35.4818,34.3,0.6508,1.4,3.85,2.564,rule_grid
139,2023,20,126.3176,35.4818,34.3,0.6508,1.4,3.85,2.564,rule_grid
139,2024,20,126.3176,35.4818,34.3,0.6508,1.4,3.85,2.564,rule_grid
140,2023,20,7.9536,56.0791,90.2,1.0,130.28,3.43,19.821,belt
140,2024,20,7.9536,56.0791,90.2,1.0,130.28,3.43,19.821,belt
141,2021,18,106.585,9.7455,-35.5,0.944,3.26,1.64,1.316,belt
141,2022,18,106.585,9.7455,-35.5,0.944,3.26,1.64,1.316,belt
141,2023,18,106.585,9.7455,-35.5,0.944,3.26,1.64,1.316,belt
141,2024,18,106.585,9.7455,-35.5,0.944,3.26,1.64,1.316,belt
142,2016,18,8.1683,53.8357,-38.5,0.6382,1.42,2.63,2.135,rule_grid
142,2017,18,8.1683,53.8357,-38.5,0.6382,1.42,2.63,2.135,rule_grid
142,2018,18,8.1683,53.8357,-38.5,0.6382,1.42,2.63,2.135,rule_grid
142,2019,18,8.1683,53.8357,-38.5,0.6382,1.42,2.63,2.135,rule_grid
142,2020,18,8.1683,53.8357,-38.5,0.6382,1.42,2.63,2.135,rule_grid
142,2021,18,8.1683,53.8357,-38.5,0.6382,1.42,2.63,2.135,rule_grid
142,2022,18,8.1683,53.8357,-38.5,0.6382,1.42,2.63,2.135,rule_grid
142,2023,18,8.1683,53.8357,-38.5,0.6382,1.42,2.63,2.135,rule_grid
142,2024,18,8.1683,53.8357,-38.5,0.6382,1.42,2.63,2.135,rule_grid
143,2021,4,104.9308,8.5691,90.0,1.0,19.51,2.96,50.582,belt
143,2022,8,104.9308,8.5638,90.0,1.0,27.36,1.95,27.687,belt
143,2023,13,104.9308,8.5537,90.0,1.0,54.64,2.11,20.941,belt
143,2024,16,104.9308,8.5498,90.0,1.0,58.55,1.96,19.705,belt
144,2014,16,17.0187,56.9863,130.1,0.9527,4.62,2.11,1.622,belt
144,2015,16,17.0187,56.9863,130.1,0.9527,4.62,2.11,1.622,belt
144,2016,16,17.0187,56.9863,130.1,0.9527,4.62,2.11,1.622,belt
144,2017,16,17.0187,56.9863,130.1,0.9527,4.62,2.11,1.622,belt
144,2018,16,17.0187,56.9863,130.1,0.9527,4.62,2.11,1.622,belt
144,2019,16,17.0187,56.9863,130.1,0.9527,4.62,2.11,1.622,belt
144,2020,16,17.0187,56.9863,130.1,0.9527,4.62,2.11,1.622,belt
144,2021,16,17.0187,56.9863,130.1,0.9527,4.62,2.11,1.622,belt
144,2022,16,17.0187,56.9863,130.1,0.9527,4.62,2.11,1.622,belt
144,2023,16,17.0187,56.9863,130.1,0.9527,4.62,2.11,1.622,belt
144,2024,16,17.0187,56.9863,130.1,0.9527,4.62,2.11,1.622,belt
145,2023,14,141.2564,43.2114,40.0,0.625,1.84,2.47,1.721,cluster
145,2024,14,141.2564,43.2114,40.0,0.625,1.84,2.47,1.721,cluster
146,2023,10,-71.1526,41.0928,-2.4,0.779,1.88,9.2,2.346,rule_grid
146,2024,12,-71.1478,41.093,-7.9,0.7784,1.76,9.22,2.487,rule_grid
147,2017,4,117.6537,38.665,-0.3,1.0,40.02,5.89,54.461,belt
147,2018,12,117.6375,38.6666,-5.3,0.9956,14.91,3.32,2.986,belt
147,2019,12,117.6375,38.6666,-5.3,0.9956,14.91,3.32,2.986,belt
147,2020,12,117.6375,38.6666,-5.3,0.9956,14.91,3.32,2.986,belt
147,2021,12,117.6375,38.6666,-5.3,0.9956,14.91,3.32,2.986,belt
147,2022,12,117.6375,38.6666,-5.3,0.9956,14.91,3.32,2.986,belt
147,2023,12,117.6375,38.6666,-5.3,0.9956,14.91,3.32,2.986,belt
147,2024,12,117.6375,38.6666,-5.3,0.9956,14.91,3.32,2.986,belt
148,2016,2,21.3579,61.6269,0.0,0.0,0.0,5.12,,sparse
148,2017,11,21.3546,61.6279,-35.9,0.7027,1.47,4.12,2.212,rule_grid
148,2018,11,21.3546,61.6279,-35.9,0.7027,1.47,4.12,2.212,rule_grid
148,2019,11,21.3546,61.6279,-35.9,0.7027,1.47,4.12,2.212,rule_grid
148,2020,11,21.3546,61.6279,-35.9,0.7027,1.47,4.12,2.212,rule_grid
148,2021,11,21.3546,61.6279,-35.9,0.7027,1.47,4.12,2.212,rule_grid
148,2022,11,21.3546,61.6279,-35.9,0.7027,1.47,4.12,2.212,rule_grid
148,2023,11,21.3546,61.6279,-35.9,0.7027,1.47,4.12,2.212,rule_grid
148,2024,11,21.3546,61.6279,-35.9,0.7027,1.47,4.12,2.212,rule_grid
149,2014,9,12.6699,55.6961,93.0,0.9962,17.21,1.54,3.567,belt
149,2015,9,12.6699,55.6961,93.0,0.9962,17.21,1.54,3.567,belt
149,2016,11,12.6698,55.6945,90.7,0.995,16.55,1.21,2.443,belt
149,2017,11,12.6698,55.6945,90.7,0.995,16.55,1.21,2.443,belt
149,2018,11,12.6698,55.6945,90.7,0.995,16.55,1.21,2.443,belt
149,2019,11,12.6698,55.6945,90.7,0.995,16.55,1.21,2.443,belt
149,2020,11,12.6698,55.6945,90.7,0.995,16.55,1.21,2.443,belt
149,2021,11,12.6698,55.6945,90.7,0.995,16.55,1.21,2.443,belt
149,2022,11,12.6698,55.6945,90.7,0.995,16.55,1.21,2.443,belt
149,2023,11,12.6698,55.6945,90.7,0.995,16.55,1.21,2.443,belt
149,2024,11,12.6698,55.6945,90.7,0.995,16.55,1.21,2.443,belt
150,2018,11,-1.9953,57.2233,41.8,0.8163,2.14,4.87,2.606,rule_grid
150,2019,11,-1.9953,57.2233,41.8,0.8163,2.14,4.87,2.606,rule_grid
150,2020,11,-1.9953,57.2233,41.8,0.8163,2.14,4.87,2.606,rule_grid
150,2021,11,-1.9953,57.2233,41.8,0.8163,2.14,4.87,2.606,rule_grid
150,2022,11,-1.9953,57.2233,41.8,0.8163,2.14,4.87,2.606,rule_grid
150,2023,11,-1.9953,57.2233,41.8,0.8163,2.14,4.87,2.606,rule_grid
150,2024,11,-1.9953,57.2233,41.8,0.8163,2.14,4.87,2.606,rule_grid
151,2024,10,125.9495,34.9712,33.0,0.6763,1.47,4.46,1.909,rule_grid
152,2014,6,8.2216,56.6605,112.2,0.9999,17.79,1.5,12.69,belt
152,2015,6,8.2216,56.6605,112.2,0.9999,17.79,1.5,12.69,belt
152,2016,6,8.2216,56.6605,112.2,0.9999,17.79,1.5,12.69,belt
152,2017,9,8.2286,56.6643,39.4,0.8037,2.02,3.08,2.062,rule_grid
152,2018,10,8.2313,56.6648,30.0,0.8255,1.87,2.92,1.772,cluster
152,2019,10,8.2313,56.6648,30.0,0.8255,1.87,2.92,1.772,cluster
152,2020,10,8.2313,56.6648,30.0,0.8255,1.87,2.92,1.772,cluster
152,2021,10,8.2313,56.6648,30.0,0.8255,1.87,2.92,1.772,cluster
152,2022,10,8.2313,56.6648,30.0,0.8255,1.87,2.92,1.772,cluster
152,2023,10,8.2313,56.6648,30.0,0.8255,1.87,2.92,1.772,cluster
152,2024,10,8.2313,56.6648,30.0,0.8255,1.87,2.92,1.772,cluster
153,2014,10,10.3553,55.9692,129.7,0.5676,1.09,0.91,1.762,cluster
153,2015,10,10.3553,55.9692,129.7,0.5676,1.09,0.91,1.762,cluster
153,2016,10,10.3553,55.9692,129.7,0.5676,1.09,0.91,1.762,cluster
153,2017,10,10.3553,55.9692,129.7,0.5676,1.09,0.91,1.762,cluster
153,2018,10,10.3553,55.9692,129.7,0.5676,1.09,0.91,1.762,cluster
153,2019,10,10.3553,55.9692,129.7,0.5676,1.09,0.91,1.762,cluster
153,2020,10,10.3553,55.9692,129.7,0.5676,1.09,0.91,1.762,cluster
153,2021,10,10.3553,55.9692,129.7,0.5676,1.09,0.91,1.762,cluster
153,2022,10,10.3553,55.9692,129.7,0.5676,1.09,0.91,1.762,cluster
153,2023,10,10.3553,55.9692,129.7,0.5676,1.09,0.91,1.762,cluster
153,2024,10,10.3553,55.9692,129.7,0.5676,1.09,0.91,1.762,cluster
154,2014,8,10.5834,55.7201,90.1,1.0,23.94,1.5,19.469,belt
154,2015,8,10.5834,55.7201,90.1,1.0,23.94,1.5,19.469,belt
154,2016,10,10.5833,55.7218,90.1,1.0,26.91,1.49,20.764,belt
154,2017,10,10.5833,55.7218,90.1,1.0,26.91,1.49,20.764,belt
154,2018,10,10.5833,55.7218,90.1,1.0,26.91,1.49,20.764,belt
154,2019,10,10.5833,55.7218,90.1,1.0,26.91,1.49,20.764,belt
154,2020,10,10.5833,55.7218,90.1,1.0,26.91,1.49,20.764,belt
154,2021,10,10.5833,55.7218,90.1,1.0,26.91,1.49,20.764,belt
154,2022,10,10.5833,55.7218,90.1,1.0,26.91,1.49,20.764,belt
154,2023,10,10.5833,55.7218,90.1,1.0,26.91,1.49,20.764,belt
154,2024,10,10.5833,55.7218,90.1,1.0,26.91,1.49,20.764,belt
155,2021,2,17.1433,40.491,0.0,0.0,0.0,5.88,,sparse
155,2022,9,17.1398,40.4919,61.9,0.948,4.19,2.41,2.63,belt
155,2023,9,17.1398,40.4919,61.9,0.948,4.19,2.41,2.63,belt
155,2024,9,17.1398,40.4919,61.9,0.948,4.19,2.41,2.63,belt
156,2024,6,-71.164,41.1957,55.3,0.9489,4.23,9.48,2.454,belt
157,2014,7,10.9604,55.3441,9.4,1.0,35.94,3.02,26.375,belt
157,2015,7,10.9604,55.3441,9.4,1.0,35.94,3.02,26.375,belt
157,2016,7,10.9604,55.3441,9.4,1.0,35.94,3.02,26.375,belt
157,2017,7,10.9604,55.3441,9.4,1.0,35.94,3.02,26.375,belt
157,2018,7,10.9604,55.3441,9.4,1.0,35.94,3.02,26.375,belt
157,2019,7,10.9604,55.3441,9.4,1.0,35.94,3.02,26.375,belt
157,2020,7,10.9604,55.3441,9.4,1.0,35.94,3.02,26.375,belt
157,2021,7,10.9604,55.3441,9.4,1.0,35.94,3.02,26.375,belt
157,2022,7,10.9604,55.3441,9.4,1.0,35.94,3.02,26.375,belt
157,2023,7,10.9604,55.3441,9.4,1.0,35.94,3.02,26.375,belt
157,2024,7,10.9604,55.3441,9.4,1.0,35.94,3.02,26.375,belt
158,2014,7,-5.9468,52.7915,78.3,0.9985,23.81,3.17,6.229,belt
158,2015,7,-5.9468,52.7915,78.3,0.9985,23.81,3.17,6.229,belt
158,2016,7,-5.9468,52.7915,78.3,0.9985,23.81,3.17,6.229,belt
158,2017,7,-5.9468,52.7915,78.3,0.9985,23.81,3.17,6.229,belt
158,2018,7,-5.9468,52.7915,78.3,0.9985,23.81,3.17,6.229,belt
158,2019,7,-5.9468,52.7915,78.3,0.9985,23.81,3.17,6.229,belt
158,2020,7,-5.9468,52.7915,78.3,0.9985,23.81,3.17,6.229,belt
158,2021,7,-5.9468,52.7915,78.3,0.9985,23.81,3.17,6.229,belt
158,2022,7,-5.9468,52.7915,78.3,0.9985,23.81,3.17,6.229,belt
158,2023,7,-5.9468,52.7915,78.3,0.9985,23.81,3.17,6.229,belt
158,2024,7,-5.9468,52.7915,78.3,0.9985,23.81,3.17,6.229,belt
159,2021,7,106.1245,9.2966,75.8,0.9571,5.07,1.79,2.621,belt
159,2022,7,106.1245,9.2966,75.8,0.9571,5.07,1.79,2.621,belt
159,2023,7,106.1245,9.2966,75.8,0.9571,5.07,1.79,2.621,belt
159,2024,7,106.1245,9.2966,75.8,0.9571,5.07,1.79,2.621,belt
160,2016,5,-71.5218,41.1157,40.1,0.9955,17.11,4.28,5.984,belt
160,2017,5,-71.5218,41.1157,40.1,0.9955,17.11,4.28,5.984,belt
160,2018,5,-71.5218,41.1157,40.1,0.9955,17.11,4.28,5.984,belt
160,2019,5,-71.5218,41.1157,40.1,0.9955,17.11,4.28,5.984,belt
160,2020,5,-71.5218,41.1157,40.1,0.9955,17.11,4.28,5.984,belt
160,2021,5,-71.5218,41.1157,40.1,0.9955,17.11,4.28,5.984,belt
160,2022,5,-71.5218,41.1157,40.1,0.9955,17.11,4.28,5.984,belt
160,2023,5,-71.5218,41.1157,40.1,0.9955,17.11,4.28,5.984,belt
160,2024,5,-71.5218,41.1157,40.1,0.9955,17.11,4.28,5.984,belt
161,2021,5,-1.8649,57.0045,49.6,0.757,1.46,5.5,2.331,sparse
161,2022,5,-1.8649,57.0045,49.6,0.757,1.46,5.5,2.331,sparse
161,2023,5,-1.8649,57.0045,49.6,0.757,1.46,5.5,2.331,sparse
161,2024,5,-1.8649,57.0045,49.6,0.757,1.46,5.5,2.331,sparse
162,2017,5,-1.4019,55.1313,113.7,0.9952,16.45,5.28,5.841,belt
162,2018,5,-1.4019,55.1313,113.7,0.9952,16.45,5.28,5.841,belt
162,2019,5,-1.4019,55.1313,113.7,0.9952,16.45,5.28,5.841,belt
162,2020,5,-1.4019,55.1313,113.7,0.9952,16.45,5.28,5.841,belt
162,2021,5,-1.4019,55.1313,113.7,0.9952,16.45,5.28,5.841,belt
162,2022,5,-1.4019,55.1313,113.7,0.9952,16.45,5.28,5.841,belt
162,2023,5,-1.4019,55.1313,113.7,0.9952,16.45,5.28,5.841,belt
162,2024,5,-1.4019,55.1313,113.7,0.9952,16.45,5.28,5.841,belt
163,2014,5,18.1467,57.0371,-3.3,0.7198,1.41,2.06,3.119,sparse
163,2015,5,18.1467,57.0371,-3.3,0.7198,1.41,2.06,3.119,sparse
163,2016,5,18.1467,57.0371,-3.3,0.7198,1.41,2.06,3.119,sparse
163,2017,5,18.1467,57.0371,-3.3,0.7198,1.41,2.06,3.119,sparse
163,2018,5,18.1467,57.0371,-3.3,0.7198,1.41,2.06,3.119,sparse
163,2019,5,18.1467,57.0371,-3.3,0.7198,1.41,2.06,3.119,sparse
163,2020,5,18.1467,57.0371,-3.3,0.7198,1.41,2.06,3.119,sparse
163,2021,5,18.1467,57.0371,-3.3,0.7198,1.41,2.06,3.119,sparse
163,2022,5,18.1467,57.0371,-3.3,0.7198,1.41,2.06,3.119,sparse
163,2023,5,18.1467,57.0371,-3.3,0.7198,1.41,2.06,3.119,sparse
163,2024,5,18.1467,57.0371,-3.3,0.7198,1.41,2.06,3.119,sparse
164,2017,5,-1.3561,57.4875,-17.9,0.8157,2.4,7.47,3.498,sparse
164,2018,5,-1.3561,57.4875,-17.9,0.8157,2.4,7.47,3.498,sparse
164,2019,5,-1.3561,57.4875,-17.9,0.8157,2.4,7.47,3.498,sparse
164,2020,5,-1.3561,57.4875,-17.9,0.8157,2.4,7.47,3.498,sparse
164,2021,5,-1.3561,57.4875,-17.9,0.8157,2.4,7.47,3.498,sparse
164,2022,5,-1.3561,57.4875,-17.9,0.8157,2.4,7.47,3.498,sparse
164,2023,5,-1.3561,57.4875,-17.9,0.8157,2.4,7.47,3.498,sparse
164,2024,5,-1.3561,57.4875,-17.9,0.8157,2.4,7.47,3.498,sparse
165,2014,4,118.4427,38.0457,77.4,0.8734,3.0,3.09,4.174,belt
165,2015,4,118.4427,38.0457,77.4,0.8734,3.0,3.09,4.174,belt
165,2016,4,118.4427,38.0457,77.4,0.8734,3.0,3.09,4.174,belt
165,2017,4,118.4427,38.0457,77.4,0.8734,3.0,3.09,4.174,belt
165,2018,4,118.4427,38.0457,77.4,0.8734,3.0,3.09,4.174,belt
165,2019,4,118.4427,38.0457,77.4,0.8734,3.0,3.09,4.174,belt
165,2020,4,118.4427,38.0457,77.4,0.8734,3.0,3.09,4.174,belt
165,2021,4,118.4427,38.0457,77.4,0.8734,3.0,3.09,4.174,belt
165,2022,4,118.4427,38.0457,77.4,0.8734,3.0,3.09,4.174,belt
165,2023,4,118.4427,38.0457,77.4,0.8734,3.0,3.09,4.174,belt
165,2024,4,118.4427,38.0457,77.4,0.8734,3.0,3.09,4.174,belt
166,2022,4,140.0107,39.7726,-39.6,0.9554,4.42,7.04,4.227,belt
166,2023,4,140.0107,39.7726,-39.6,0.9554,4.42,7.04,4.227,belt
166,2024,4,140.0107,39.7726,-39.6,0.9554,4.42,7.04,4.227,belt
167,2023,3,4.794,43.1903,54.6,1.0,18.72,4.7,47.531,belt
167,2024,3,4.794,43.1903,54.6,1.0,18.72,4.7,47.531,belt
168,2014,3,117.5806,38.6193,21.6,0.982,8.24,3.32,7.095,belt
168,2015,3,117.5806,38.6193,21.6,0.982,8.24,3.32,7.095,belt
168,2016,3,117.5806,38.6193,21.6,0.982,8.24,3.32,7.095,belt
168,2017,3,117.5806,38.6193,21.6,0.982,8.24,3.32,7.095,belt
168,2018,3,117.5806,38.6193,21.6,0.982,8.24,3.32,7.095,belt
168,2019,3,117.5806,38.6193,21.6,0.982,8.24,3.32,7.095,belt
168,2020,3,117.5806,38.6193,21.6,0.982,8.24,3.32,7.095,belt
168,2021,3,117.5806,38.6193,21.6,0.982,8.24,3.32,7.095,belt
168,2022,3,117.5806,38.6193,21.6,0.982,8.24,3.32,7.095,belt
168,2023,3,117.5806,38.6193,21.6,0.982,8.24,3.32,7.095,belt
168,2024,3,117.5806,38.6193,21.6,0.982,8.24,3.32,7.095,belt
169,2014,3,119.888,34.4617,129.0,0.6511,1.45,4.13,4.905,sparse
169,2015,3,119.888,34.4617,129.0,0.6511,1.45,4.13,4.905,sparse
169,2016,3,119.888,34.4617,129.0,0.6511,1.45,4.13,4.905,sparse
169,2017,3,119.888,34.4617,129.0,0.6511,1.45,4.13,4.905,sparse
169,2018,3,119.888,34.4617,129.0,0.6511,1.45,4.13,4.905,sparse
169,2019,3,119.888,34.4617,129.0,0.6511,1.45,4.13,4.905,sparse
169,2020,3,119.888,34.4617,129.0,0.6511,1.45,4.13,4.905,sparse
169,2021,3,119.888,34.4617,129.0,0.6511,1.45,4.13,4.905,sparse
169,2022,3,119.888,34.4617,129.0,0.6511,1.45,4.13,4.905,sparse
169,2023,3,119.888,34.4617,129.0,0.6511,1.45,4.13,4.905,sparse
169,2024,3,119.888,34.4617,129.0,0.6511,1.45,4.13,4.905,sparse
170,2020,3,-9.0573,41.6868,0.2,0.9999,12.27,3.09,31.244,belt
170,2021,3,-9.0573,41.6868,0.2,0.9999,12.27,3.09,31.244,belt
170,2022,3,-9.0573,41.6868,0.2,0.9999,12.27,3.09,31.244,belt
170,2023,3,-9.0573,41.6868,0.2,0.9999,12.27,3.09,31.244,belt
170,2024,3,-9.0573,41.6868,0.2,0.9999,12.27,3.09,31.244,belt
