farm_id,n_turb,cent_lon,cent_lat,pc1_angle,axis_bearing,pc1_share,aspect_ratio,nn_mean_m,nn_med_m,spacing_D_mean,spacing_D_med,ce_r,n_comp,layout_type,last_year,country
0,928,121.41044049999999,32.830987,21.62,68.38,0.663,1.403,676.6,642.0,3.417,3.243,0.751,17,multi_cluster,2024,China
1,588,121.1846675,33.4708095,118.68,151.32,0.7418,1.695,717.4,677.4,3.623,3.421,0.877,13,multi_cluster,2024,China
2,572,2.9152525000000002,51.6454315,127.79,142.21,0.5984,1.221,807.6,700.7,4.079,3.539,1.546,1,cluster,2024,Belgium
3,441,121.815548,32.670181,6.07,83.93,0.8749,2.645,525.7,477.8,2.655,2.413,0.983,12,multi_cluster,2024,China
4,364,111.56654,21.297721,4.27,85.73,0.6681,1.419,540.7,518.2,2.731,2.617,1.036,7,multi_cluster,2024,China
5,339,1.771577,53.908667,173.24,96.76,0.8612,2.491,1250.4,1257.1,6.315,6.349,1.587,1,belt,2024,United Kingdom
6,292,121.553896,36.4593535,33.28,56.72,0.7937,1.962,687.2,726.6,3.471,3.67,1.087,1,cluster,2024,China
7,284,6.5257175,54.0031695,103.0,167.0,0.6896,1.49,798.1,780.1,4.031,3.94,1.817,1,rule_grid,2024,Netherlands
8,278,111.5842055,20.990707,61.73,28.27,0.5656,1.141,726.5,712.6,3.669,3.599,1.07,7,multi_cluster,2024,China
9,267,-3.505876,54.030201,131.71,138.29,0.7152,1.585,723.1,738.9,3.652,3.732,1.453,3,multi_cluster,2024,United Kingdom
10,246,-2.850594,58.196648,47.05,42.95,0.732,1.653,1162.1,1130.9,5.869,5.711,1.433,1,cluster,2024,United Kingdom
11,246,7.6926805,54.471491,85.64,4.36,0.863,2.51,650.9,600.4,3.287,3.033,1.596,1,belt,2024,Germany
12,244,116.207802,22.6310215,20.73,69.27,0.9785,6.751,555.4,541.8,2.805,2.736,0.987,21,multi_cluster,2024,China
13,215,-3.593973,53.451647,6.19,83.81,0.673,1.435,636.6,712.0,3.215,3.596,1.428,3,multi_cluster,2024,United Kingdom
14,181,123.371441,39.479305,98.41,171.59,0.7306,1.647,736.4,686.0,3.719,3.465,1.067,3,multi_cluster,2024,China
15,182,4.077370999999999,52.34044,56.26,33.74,0.8258,2.177,1083.2,1106.7,5.471,5.589,1.557,1,cluster,2024,Netherlands
16,178,5.9099155,54.329815999999994,34.99,55.01,0.8171,2.113,823.5,846.6,4.159,4.276,1.754,1,cluster,2024,Netherlands
17,175,1.498285,51.625977,92.11,177.89,0.62,1.277,644.7,647.3,3.256,3.269,1.646,1,cluster,2024,United Kingdom
18,174,6.96841,54.014252,27.53,62.47,0.8621,2.501,846.7,822.1,4.276,4.152,1.459,2,multi_cluster,2024,Germany
19,171,120.620415,34.282251,14.33,75.67,0.8399,2.291,654.5,646.1,3.306,3.263,1.239,3,multi_cluster,2024,China
20,167,6.348662,54.480202,82.8,7.2,0.6915,1.497,702.9,683.5,3.55,3.452,1.627,1,cluster,2024,Netherlands
21,162,120.92248699999999,27.2727215,175.39,94.61,0.6571,1.384,536.9,489.5,2.712,2.472,0.841,11,multi_cluster,2024,China
22,161,11.608343,54.553768,172.18,97.82,0.9571,4.724,535.8,496.6,2.706,2.508,1.499,2,multi_cluster,2024,Germany
23,156,6.0937635,54.04368,3.91,86.09,0.8782,2.685,846.3,804.2,4.274,4.062,1.826,1,belt,2024,Netherlands
24,156,121.232172,32.535934499999996,164.1,105.9,0.8357,2.255,741.5,696.6,3.745,3.518,1.568,1,cluster,2024,China
25,152,13.106219,54.996092000000004,165.69,104.31,0.8672,2.555,929.4,740.8,4.694,3.741,1.27,3,multi_cluster,2024,Sweden
26,140,1.957084,51.925518999999994,37.42,52.58,0.7493,1.729,949.6,896.9,4.796,4.53,1.707,1,cluster,2024,United Kingdom
27,138,7.597775,55.624891500000004,70.14,19.86,0.8513,2.393,767.8,545.8,3.878,2.757,1.296,13,multi_cluster,2024,Denmark
28,134,122.14789400000001,32.128049000000004,151.28,118.72,0.8863,2.793,568.2,540.0,2.87,2.727,1.139,8,multi_cluster,2024,China
29,131,14.088368,54.808451,116.96,153.04,0.7734,1.848,708.3,679.2,3.577,3.43,1.728,1,cluster,2024,Sweden
30,129,0.475343,53.179531,82.46,7.54,0.8342,2.243,596.4,572.2,3.012,2.89,1.657,1,cluster,2024,United Kingdom
31,129,4.233488,52.648853,74.89,15.11,0.8916,2.868,872.3,895.7,4.406,4.524,1.39,2,multi_cluster,2024,Netherlands
32,128,112.213505,21.4380585,62.75,27.25,0.6758,1.444,514.9,483.8,2.601,2.443,0.899,9,multi_cluster,2024,China
33,109,109.154125,20.144969,172.63,97.37,0.7881,1.929,1032.3,977.2,5.213,4.935,1.203,4,multi_cluster,2024,China
34,125,119.3904,25.127755,25.64,64.36,0.8422,2.31,648.4,691.5,3.275,3.492,1.192,2,multi_cluster,2024,China
35,120,110.750843,20.5971575,89.68,0.32,0.7418,1.695,628.7,547.3,3.175,2.764,1.235,4,multi_cluster,2024,China
36,116,-0.2841045,50.670015,12.78,77.22,0.8123,2.08,747.3,749.8,3.774,3.787,2.02,1,rule_grid,2024,United Kingdom
37,114,121.5619085,30.6304955,7.11,82.89,0.9194,3.377,748.3,670.2,3.779,3.385,1.042,4,multi_cluster,2024,China
38,115,121.995605,30.75804,137.07,132.93,0.8757,2.654,615.1,538.3,3.107,2.719,1.182,4,multi_cluster,2024,China
39,114,120.147337,23.98411,66.45,23.55,0.6213,1.281,870.4,934.9,4.396,4.722,1.276,4,multi_cluster,2024,Taiwan
40,114,-1.6795105000000001,56.598254499999996,168.68,101.32,0.7081,1.558,1179.9,1044.3,5.959,5.274,1.283,2,multi_cluster,2024,United Kingdom
41,102,117.0248165,23.232717,38.39,51.61,0.8077,2.05,690.6,689.9,3.488,3.484,1.263,2,multi_cluster,2024,China
42,111,119.921352,24.157376,172.43,97.57,0.895,2.919,507.6,499.6,2.564,2.523,0.968,5,multi_cluster,2024,Taiwan
43,111,11.210169,56.594379,102.83,167.17,0.8667,2.55,725.8,695.8,3.666,3.514,1.402,1,belt,2024,Denmark
44,108,118.9520835,38.2729225,172.19,97.81,0.9687,5.561,628.9,574.3,3.176,2.901,1.066,5,multi_cluster,2024,China
45,106,119.549318,25.2552455,6.61,83.39,0.7643,1.801,410.1,394.0,2.071,1.99,1.079,2,multi_cluster,2024,China
46,105,119.992184,25.818784,72.18,17.82,0.8578,2.456,617.4,620.5,3.118,3.134,1.244,2,multi_cluster,2024,China
47,104,114.9443935,22.305439,16.7,73.3,0.8233,2.159,807.8,782.3,4.08,3.951,1.256,3,multi_cluster,2024,China
48,102,2.5039695,52.233097,81.46,8.54,0.8517,2.397,734.3,740.5,3.708,3.74,1.247,1,belt,2024,United Kingdom
49,101,1.633079,51.431334,142.37,127.63,0.7479,1.722,469.4,476.8,2.371,2.408,1.819,1,rule_grid,2024,France
50,100,120.362833,34.510617999999994,6.0,84.0,0.7564,1.762,699.6,693.3,3.533,3.501,1.29,2,multi_cluster,2024,China
51,91,0.839748,53.272234,129.1,140.9,0.8619,2.498,838.7,836.7,4.236,4.226,1.861,1,belt,2024,United Kingdom
52,90,119.7655905,25.674501499999998,157.9,112.1,0.9156,3.294,397.9,337.2,2.01,1.703,0.713,9,multi_cluster,2024,China
53,90,0.8427925,53.4772775,145.99,124.01,0.804,2.025,993.4,992.3,5.017,5.012,1.639,1,cluster,2024,United Kingdom
54,89,5.263798,53.001633,103.31,166.69,0.5221,1.045,659.7,657.1,3.332,3.319,2.18,1,rule_grid,2024,Netherlands
55,88,1.1474069999999998,53.135954999999996,139.17,130.83,0.8455,2.34,645.6,643.3,3.26,3.249,2.132,1,rule_grid,2024,United Kingdom
56,83,108.208164,21.339756,62.18,27.82,0.7056,1.548,707.1,687.1,3.571,3.47,1.474,1,cluster,2024,Vietnam
57,80,105.8074895,9.2222045,27.25,62.75,0.7225,1.614,354.1,246.6,1.788,1.245,0.864,13,multi_cluster,2024,Vietnam
58,81,-2.611608,47.157816,165.43,104.57,0.8239,2.163,1047.2,997.8,5.289,5.04,1.81,2,multi_cluster,2024,France
59,80,7.840513,55.4864635,169.98,100.02,0.6259,1.293,555.2,555.7,2.804,2.807,2.238,1,rule_grid,2024,Denmark
60,80,7.1963539999999995,55.138005,94.76,175.24,0.9456,4.169,871.3,861.5,4.401,4.351,1.886,1,belt,2024,Denmark
61,80,7.776749,55.0175075,93.85,176.15,0.85,2.381,688.9,688.8,3.48,3.479,2.197,1,belt,2024,Denmark
62,79,120.027985,23.592579,73.26,16.74,0.8362,2.259,834.0,792.7,4.212,4.004,1.669,1,cluster,2024,Taiwan
63,75,118.803596,38.998947,27.5,62.5,0.6969,1.516,778.6,780.8,3.932,3.944,1.7,1,cluster,2024,China
64,75,106.848553,10.163074,76.25,13.75,0.851,2.39,416.3,463.0,2.103,2.338,0.596,10,multi_cluster,2024,Vietnam
65,75,5.884929,54.035374,137.37,132.63,0.7154,1.585,644.2,625.7,3.254,3.16,1.977,1,rule_grid,2024,Netherlands
66,74,121.4767415,30.463653,100.88,169.12,0.8299,2.209,432.4,398.7,2.184,2.014,1.113,3,multi_cluster,2024,China
67,73,0.292219,53.645441,64.56,25.44,0.6586,1.389,582.2,584.8,2.941,2.954,2.186,1,rule_grid,2024,United Kingdom
68,72,6.8501545,55.1948855,102.51,167.49,0.9715,5.84,991.1,991.1,5.005,5.005,2.162,1,belt,2024,Denmark
69,71,0.234987,49.893795,63.4,26.6,0.8368,2.265,1083.2,1088.7,5.471,5.499,2.306,1,rule_grid,2024,France
70,70,121.2344305,36.4325515,82.75,7.25,0.8181,2.121,675.8,659.3,3.413,3.33,1.429,2,multi_cluster,2024,China
71,69,120.789452,24.70959,44.09,45.91,0.8572,2.45,883.1,946.6,4.46,4.781,1.441,1,belt,2024,Taiwan
72,68,110.629524,20.581868,76.39,13.61,0.6584,1.388,638.0,616.4,3.222,3.113,1.339,1,cluster,2024,China
73,67,1.378235,53.267633,127.47,142.53,0.745,1.709,870.1,845.9,4.395,4.272,1.965,1,rule_grid,2024,United Kingdom
74,62,122.229294,29.580327,9.16,80.84,0.9258,3.532,389.8,389.5,1.969,1.967,1.156,2,multi_cluster,2024,China
75,62,-2.5464755,48.855705,117.02,152.98,0.8402,2.293,1072.1,1077.3,5.415,5.441,1.881,1,rule_grid,2024,France
76,61,118.572151,38.326921,156.96,113.04,0.8475,2.357,602.5,551.1,3.043,2.783,0.815,4,multi_cluster,2024,China
77,60,109.4251745,20.144993499999998,163.95,106.05,0.8179,2.119,709.9,701.2,3.585,3.542,1.261,3,multi_cluster,2024,China
78,60,123.2021125,39.473219,83.44,6.56,0.7029,1.538,639.0,619.9,3.227,3.131,1.449,1,cluster,2024,China
79,60,120.3054195,37.8291655,40.11,49.89,0.8492,2.373,781.1,713.5,3.945,3.604,1.374,2,multi_cluster,2024,China
80,60,-3.825689,54.117904499999995,155.92,114.08,0.804,2.025,1027.5,1040.3,5.189,5.254,1.761,1,cluster,2024,United Kingdom
81,59,119.39043,25.404175,155.12,114.88,0.8742,2.636,537.0,521.0,2.712,2.631,1.216,2,multi_cluster,2024,China
82,58,121.590019,33.321808000000004,2.12,87.88,0.8984,2.973,664.4,655.9,3.355,3.312,1.591,1,belt,2024,China
83,58,-3.712881,54.754173,50.8,39.2,0.5757,1.165,442.1,443.2,2.233,2.238,2.12,1,rule_grid,2024,United Kingdom
84,57,-3.222162,53.485783,175.74,94.26,0.9032,3.055,812.9,894.6,4.106,4.518,1.822,1,belt,2024,United Kingdom
85,56,121.997856,28.922221,72.15,17.85,0.8577,2.455,719.5,695.7,3.634,3.514,1.442,1,belt,2024,China
86,56,105.3960245,8.9236965,66.9,23.1,0.9773,6.569,334.6,289.9,1.69,1.464,0.725,6,multi_cluster,2024,Vietnam
87,56,1.9853655,51.774064,50.99,39.01,0.6958,1.512,874.1,830.5,4.414,4.194,1.699,1,cluster,2024,United Kingdom
88,55,120.053371,34.502541,154.03,115.97,0.9332,3.738,713.2,656.7,3.602,3.316,1.846,1,belt,2024,China
89,55,122.126759,30.929973,65.23,24.77,0.8807,2.717,879.1,866.3,4.44,4.375,2.061,1,belt,2024,China
90,55,116.108585,22.730692,17.47,72.53,0.9726,5.954,549.5,539.5,2.775,2.725,1.055,9,multi_cluster,2024,China
91,55,113.44434,21.89814,25.31,64.69,0.83,2.21,479.7,479.0,2.423,2.419,1.053,5,multi_cluster,2024,China
92,54,121.9077835,30.448442,175.55,94.45,0.8114,2.074,467.1,422.8,2.359,2.135,0.888,2,multi_cluster,2024,China
93,39,-2.260965,56.266247,119.04,150.96,0.6426,1.341,1136.0,1018.1,5.737,5.142,1.508,1,cluster,2024,United Kingdom
94,50,119.453169,37.263684,118.65,151.35,0.6326,1.312,620.1,582.7,3.132,2.943,1.355,1,cluster,2024,China
95,50,13.860567,54.8303605,149.04,120.96,0.6057,1.239,829.0,813.7,4.187,4.109,1.787,1,cluster,2024,Sweden
96,50,1.2273654999999999,51.730347,27.6,62.4,0.8433,2.32,433.7,433.5,2.19,2.189,1.484,1,cluster,2024,United Kingdom
97,49,113.734619,22.118271,102.96,167.04,0.7313,1.65,693.5,741.1,3.502,3.743,1.839,1,rule_grid,2024,China
98,48,119.78996649999999,34.604209999999995,175.94,94.06,0.6306,1.307,1006.8,1150.2,5.085,5.809,2.043,1,rule_grid,2024,China
99,48,12.780673,55.513857,48.11,41.89,0.6282,1.3,307.0,307.1,1.551,1.551,1.965,1,rule_grid,2024,Sweden
100,48,5.5863125,52.7398745,76.53,13.47,0.9806,7.109,441.8,414.5,2.232,2.094,1.398,2,multi_cluster,2024,Netherlands
101,47,119.612339,25.596269,113.48,156.52,0.8905,2.852,482.3,483.7,2.436,2.443,1.105,2,multi_cluster,2024,China
102,45,1.088142,51.457764,171.34,98.66,0.7923,1.953,652.8,660.9,3.297,3.338,2.265,1,rule_grid,2024,United Kingdom
103,41,122.028343,29.068049,63.67,26.33,0.8444,2.33,523.0,521.3,2.641,2.633,1.268,4,multi_cluster,2024,China
104,39,121.680122,30.385234,128.69,141.31,0.8163,2.108,872.9,941.5,4.409,4.755,1.654,1,cluster,2024,China
105,40,121.8605425,28.833841999999997,5.75,84.25,0.8032,2.02,638.2,652.0,3.223,3.293,1.79,1,cluster,2024,China
106,37,119.263103,38.020985,172.77,97.23,0.8509,2.389,645.1,609.1,3.258,3.076,1.212,3,multi_cluster,2024,China
107,39,105.581059,9.080946,31.57,58.43,0.934,3.763,327.4,341.7,1.654,1.726,0.683,4,multi_cluster,2024,Vietnam
108,38,119.62264049999999,37.2422925,176.99,93.01,0.8354,2.252,785.1,710.8,3.965,3.59,1.578,1,cluster,2024,China
109,38,121.6859225,32.369460000000004,170.37,99.63,0.9523,4.467,823.2,836.3,4.157,4.224,2.056,1,belt,2024,China
110,38,122.0567915,29.529712500000002,98.14,171.86,0.894,2.904,732.4,677.8,3.699,3.423,1.349,2,multi_cluster,2024,China
111,36,115.9366645,22.67752,14.72,75.28,0.8782,2.685,491.8,487.1,2.484,2.46,1.104,4,multi_cluster,2024,China
112,36,106.581537,9.6247615,69.1,20.9,0.9552,4.618,301.2,300.5,1.521,1.518,0.789,3,multi_cluster,2024,Vietnam
113,36,4.4215915,52.607425,134.94,135.06,0.7507,1.735,646.8,641.4,3.267,3.239,1.821,1,rule_grid,2024,Netherlands
114,34,121.88207650000001,37.9134255,104.26,165.74,0.77,1.829,1008.8,983.3,5.095,4.966,1.939,1,rule_grid,2024,China
115,35,106.698833,9.918907,122.9,147.1,0.7813,1.89,336.5,322.7,1.699,1.63,0.709,8,multi_cluster,2024,Vietnam
116,35,0.151244,53.805363,38.24,51.76,0.5243,1.05,951.2,940.9,4.804,4.752,1.967,1,rule_grid,2024,United Kingdom
117,32,-70.4393295,41.05439,99.34,170.66,0.7487,1.726,1903.6,1845.8,9.614,9.322,1.993,1,rule_grid,2024,United States of America
118,32,121.79905149999999,30.745478,13.43,76.57,0.5651,1.14,712.4,659.2,3.598,3.329,1.297,4,multi_cluster,2024,China
119,32,121.498434,28.18214,88.74,1.26,0.791,1.945,617.1,575.8,3.116,2.908,1.64,1,cluster,2024,China
120,32,110.55883600000001,20.717193,119.75,150.25,0.7609,1.784,581.8,581.6,2.938,2.938,1.189,4,multi_cluster,2024,China
121,30,6.475562,53.692796,13.39,76.61,0.9131,3.241,551.8,551.4,2.787,2.785,2.462,1,belt,2024,Germany
122,30,1.7865615,52.646276,81.25,8.75,0.8607,2.485,375.8,375.3,1.898,1.895,2.052,1,belt,2024,United Kingdom
123,30,-3.297094,53.993015,138.3,131.7,0.607,1.243,491.1,491.4,2.48,2.482,1.932,1,rule_grid,2024,United Kingdom
124,29,119.372505,25.296141,140.26,129.74,0.754,1.751,449.7,395.6,2.271,1.998,1.573,1,cluster,2024,China
125,28,118.215332,23.921969,27.23,62.77,0.6398,1.333,708.3,665.9,3.578,3.363,1.576,1,cluster,2024,China
126,27,106.453918,9.522959,18.17,71.83,0.9427,4.056,295.1,289.8,1.49,1.464,0.756,4,multi_cluster,2024,Vietnam
127,27,13.658768,54.817829,147.81,122.19,0.9352,3.799,938.6,946.6,4.741,4.781,1.946,1,belt,2024,Sweden
128,27,-1.0946,54.645571,152.64,117.36,0.8227,2.154,337.4,337.0,1.704,1.702,1.98,1,rule_grid,2024,United Kingdom
129,22,1.747461,54.7308425,154.35,115.65,0.9313,3.683,1920.5,1434.5,9.699,7.245,1.46,2,multi_cluster,2024,United Kingdom
130,26,105.7125645,9.1405785,24.89,65.11,0.7207,1.606,296.6,296.8,1.498,1.499,0.837,2,multi_cluster,2024,Vietnam
131,25,120.196163,34.403385,145.16,124.84,0.8128,2.084,694.9,699.7,3.51,3.534,1.745,1,cluster,2024,China
132,24,118.040697,38.6674225,170.99,99.01,0.9178,3.342,684.8,663.8,3.459,3.353,2.024,1,belt,2024,China
133,24,105.15375900000001,8.6708005,56.55,33.45,0.777,1.867,376.1,376.3,1.9,1.9,1.055,3,multi_cluster,2024,Vietnam
134,24,5.5727744999999995,52.605609,22.57,67.43,0.9464,4.203,688.3,694.5,3.476,3.507,2.066,1,belt,2024,Netherlands
135,23,139.9785,40.200743,78.95,11.05,0.895,2.92,435.8,407.7,2.201,2.059,1.509,1,belt,2024,Japan
136,21,8.025753,56.593204,90.43,179.57,1.0,2315.856,706.4,706.9,3.568,3.57,25.225,1,belt,2024,Denmark
137,21,12.642478,54.61125,49.41,40.59,0.9111,3.201,608.0,597.0,3.071,3.015,2.202,1,belt,2024,Germany
138,10,-71.02661499999999,41.136463,158.46,111.54,0.8935,2.897,2082.9,1856.7,10.52,9.377,1.431,3,multi_cluster,2024,United States of America
139,20,126.3176345,35.481781999999995,29.03,60.97,0.6639,1.406,794.0,794.0,4.01,4.01,2.592,1,rule_grid,2024,South Korea
140,20,7.953638,56.079059,90.12,179.88,1.0,1922.483,679.8,679.9,3.433,3.434,23.054,1,belt,2024,Denmark
141,18,106.59461,9.746617,151.85,118.15,0.9549,4.604,350.9,348.3,1.772,1.759,1.256,2,multi_cluster,2024,Vietnam
142,18,8.1672975,53.835742,116.79,153.21,0.6645,1.407,473.7,474.1,2.392,2.394,2.208,1,rule_grid,2024,Germany
143,16,104.930775,8.549771,90.02,179.98,1.0,894.582,385.4,384.9,1.946,1.944,17.706,1,belt,2024,Vietnam
144,16,17.013167,56.9842805,120.13,149.87,0.9621,5.037,367.4,358.7,1.856,1.812,1.689,1,belt,2024,Sweden
145,14,141.2565495,43.2115285,45.41,44.59,0.6233,1.286,475.2,472.4,2.4,2.386,1.719,1,cluster,2024,Japan
146,12,-71.146299,41.092738,171.92,98.08,0.7738,1.85,1807.4,1815.5,9.128,9.169,2.484,1,rule_grid,2024,United States of America
147,12,117.6400645,38.6650735,174.77,95.23,0.9958,15.359,669.4,678.1,3.381,3.425,3.014,1,belt,2024,China
148,11,21.352709,61.624704,113.7,156.3,0.7482,1.724,627.8,623.5,3.171,3.149,2.157,1,rule_grid,2024,Finland
149,11,12.670154,55.69585,90.48,179.52,0.9972,19.031,237.9,168.7,1.201,0.852,2.829,4,multi_cluster,2024,Sweden
150,11,-1.998768,57.224085,56.93,33.07,0.8318,2.224,885.6,823.0,4.473,4.156,2.847,1,rule_grid,2024,United Kingdom
151,10,125.94858550000001,34.979393,28.13,61.87,0.6912,1.496,943.7,943.6,4.766,4.766,1.978,1,rule_grid,2024,South Korea
152,10,8.2247185,56.6655215,44.7,45.3,0.798,1.988,545.7,289.9,2.756,1.464,1.975,5,multi_cluster,2024,Denmark
153,10,10.355277000000001,55.969254500000005,100.61,169.39,0.6742,1.439,180.5,180.6,0.912,0.912,2.057,1,rule_grid,2024,Denmark
154,10,10.583343,55.721757499999995,90.05,179.95,1.0,882.267,295.3,294.8,1.492,1.489,25.979,1,belt,2024,Denmark
155,9,17.140531,40.491207,62.06,27.94,0.9483,4.282,475.8,598.4,2.403,3.022,2.632,1,sparse,2024,Italy
156,6,-71.16107550000001,41.193036,55.75,34.25,0.9495,4.335,1854.0,1855.4,9.363,9.371,2.447,1,sparse,2024,United States of America
157,7,10.960365,55.344036,12.52,77.48,1.0,385.976,449.9,449.5,2.272,2.27,23.278,1,sparse,2024,Denmark
158,7,-5.946678,52.791477,80.74,9.26,0.999,31.687,625.1,622.2,3.157,3.142,6.962,1,sparse,2024,Ireland
159,7,106.124901,9.296226,71.29,18.71,0.9352,3.798,385.8,385.6,1.948,1.947,2.515,1,sparse,2024,Vietnam
160,5,-71.521061,41.114956,40.52,49.48,0.9954,14.744,838.4,836.5,4.234,4.225,5.974,1,sparse,2024,United States of America
161,5,-1.866422,57.005665,65.31,24.69,0.8072,2.046,994.9,1000.2,5.025,5.052,2.522,1,sparse,2024,United Kingdom
162,5,-1.400552,55.131786,108.09,161.91,0.9969,17.859,1006.6,1005.4,5.084,5.078,6.497,1,sparse,2024,United Kingdom
163,5,18.143836,57.037056,168.11,101.89,0.5693,1.15,360.6,371.4,1.821,1.876,3.264,1,sparse,2024,Sweden
164,5,-1.352494,57.485243,148.26,121.74,0.7346,1.664,1386.5,1386.4,7.003,7.002,3.912,1,sparse,2024,United Kingdom
165,4,118.44200699999999,38.0456895,76.85,13.15,0.8674,2.558,617.0,603.2,3.116,3.047,4.163,1,sparse,2024,China
166,4,140.0042075,39.774293,140.65,129.35,0.9555,4.632,1395.7,931.1,7.049,4.703,4.229,2,sparse,2024,Japan
167,3,4.794118,43.190374,55.81,34.19,1.0,314.397,914.1,903.1,4.616,4.561,46.391,1,sparse,2024,France
168,3,117.580662,38.620361,21.11,68.89,0.9827,7.535,669.6,625.3,3.382,3.158,7.166,1,sparse,2024,China
169,3,119.887104,34.459923,136.38,133.62,0.6479,1.356,844.1,799.2,4.263,4.036,4.891,1,sparse,2024,China
170,3,-9.05731,41.686756,0.2,89.8,1.0,148.427,597.4,595.1,3.017,3.006,32.008,1,sparse,2024,Portugal
