farm_id,paradigm,A_built,A_fixed,A_C0,A_C1,A_C2,A_C3,t_built_bin,theta_energy_deg,theta_star_off_deg,pos_frac,wake_loss_built,wake_loss_rot,aep_built_MWh
0,S_A,0.2081,0.208,0.2081,0.1707,0.1497,-0.0,19,84.6,175,0.8,0.0314,0.0323,37.7
0,S_B0,0.6382,0.6382,0.6382,0.5721,0.5005,0.0,0,84.6,85,1.0,0.2453,0.2499,29.4
0,S_B45,0.638,0.638,0.638,0.572,0.5005,-0.0,9,84.6,85,1.0,0.2453,0.2499,29.4
0,S_C,0.5118,0.5118,0.5118,0.4378,0.383,0.0,19,84.6,85,0.8,0.1221,0.1209,34.2
0,S_D,0.7729,0.7729,0.7729,0.6529,0.5701,0.0,0,84.6,90,1.0,0.1885,0.1906,31.6
0,S_E,0.1479,0.1479,0.1479,0.1224,0.1078,0.0,19,84.6,175,0.8,0.0211,0.0217,38.1
1,S_A,0.2349,0.2349,0.2349,0.1836,0.1624,0.0,18,91.1,0,1.0,0.0297,0.0319,37.4
1,S_B0,0.6235,0.6235,0.6235,0.5668,0.4993,0.0,0,91.1,90,1.0,0.2431,0.2478,29.2
1,S_B45,0.6235,0.6235,0.6235,0.5668,0.4993,0.0,9,91.1,90,1.0,0.2431,0.2478,29.2
1,S_C,0.5835,0.5835,0.5835,0.466,0.4102,-0.0,18,91.1,90,1.0,0.1176,0.1197,34.0
1,S_D,0.8259,0.8259,0.8259,0.6874,0.6046,0.0,0,91.1,90,1.0,0.1868,0.1889,31.3
1,S_E,0.1683,0.1683,0.1683,0.1342,0.1193,-0.0,18,91.1,0,1.0,0.0198,0.0214,37.8
2,S_A,0.172,0.172,0.172,0.1462,0.1971,0.0,25,236.6,145,1.0,0.0287,0.0257,51.9
2,S_B0,0.5622,0.5622,0.5622,0.4763,0.5549,0.0,0,236.6,0,0.8,0.1881,0.1927,43.4
2,S_B45,0.5617,0.5617,0.5617,0.4759,0.5544,-0.0,9,236.6,90,0.8,0.1881,0.1927,43.4
2,S_C,0.4027,0.4028,0.4027,0.3357,0.4024,-0.0,25,236.6,145,1.0,0.0969,0.0932,48.2
2,S_D,0.5784,0.5784,0.5784,0.4975,0.6002,0.0,0,236.6,0,0.8,0.1414,0.1463,45.9
2,S_E,0.1289,0.1289,0.1289,0.1056,0.1396,-0.0,25,236.6,55,1.0,0.0194,0.0174,52.4
3,S_A,0.1984,0.1983,0.1984,0.1555,0.1401,-0.0,19,83.5,175,0.8,0.0308,0.0314,38.4
3,S_B0,0.6039,0.6039,0.6039,0.4454,0.3968,0.0,0,83.5,70,1.0,0.2416,0.2439,30.0
3,S_B45,0.6036,0.6036,0.6036,0.4455,0.3968,0.0,9,83.5,70,1.0,0.2416,0.2439,30.0
3,S_C,0.4265,0.4265,0.4265,0.3902,0.3488,0.0,19,83.5,85,0.8,0.1206,0.1176,34.8
3,S_D,0.6658,0.6658,0.6658,0.5811,0.5184,0.0,0,83.5,70,1.0,0.1855,0.1858,32.3
3,S_E,0.1446,0.1446,0.1446,0.113,0.1023,0.0,19,83.5,175,0.8,0.0206,0.0211,38.8
4,S_A,0.5475,0.5475,0.5475,0.4509,0.3522,0.0,20,78.9,55,1.0,0.0381,0.0335,37.6
4,S_B0,3.6185,3.6185,3.6185,2.1523,1.6956,0.0,0,78.9,160,1.0,0.2775,0.2643,28.2
4,S_B45,3.6183,3.6182,3.6183,2.1523,1.6955,0.0,9,78.9,160,1.0,0.2775,0.2643,28.2
4,S_C,1.8154,1.8156,1.8154,1.2449,0.9743,0.0,20,78.9,55,1.0,0.1337,0.1275,33.8
4,S_D,2.7516,2.7516,2.7516,1.7147,1.3513,0.0,0,78.9,70,1.0,0.2106,0.2015,30.8
4,S_E,0.368,0.368,0.368,0.3091,0.2418,0.0,20,78.9,55,1.0,0.0259,0.0225,38.1
5,S_A,0.1115,0.1115,0.1115,0.1176,0.1648,-0.0,25,234.3,55,1.0,0.0241,0.0236,55.1
5,S_B0,0.4217,0.4217,0.4217,0.324,0.4092,-0.0,0,234.3,85,0.6,0.1791,0.181,46.3
5,S_B45,0.4218,0.4218,0.4218,0.324,0.4092,-0.0,9,234.3,85,0.6,0.1791,0.181,46.3
5,S_C,0.2477,0.2477,0.2477,0.2037,0.2579,0.0,25,234.3,140,1.0,0.0863,0.0867,51.5
5,S_D,0.3733,0.3733,0.3733,0.2903,0.3822,0.0,0,234.3,175,0.6,0.1347,0.1369,48.8
5,S_E,0.0854,0.0854,0.0854,0.0873,0.1256,0.0,25,234.3,55,0.8,0.0162,0.0159,55.5
6,S_A,0.3419,0.3419,0.3419,0.3063,0.2529,-0.0,17,275.3,35,1.0,0.0383,0.0386,31.8
6,S_B0,1.164,1.164,1.164,0.8254,0.6841,0.0,0,275.3,25,1.0,0.2745,0.2762,24.0
6,S_B45,1.1637,1.1637,1.1637,0.8253,0.684,-0.0,9,275.3,115,1.0,0.2745,0.2762,24.0
6,S_C,0.7193,0.7192,0.7193,0.5546,0.4647,0.0,17,275.3,120,1.0,0.1435,0.138,28.4
6,S_D,0.9149,0.9149,0.9149,0.6821,0.5694,0.0,0,275.3,115,1.0,0.2139,0.2131,26.0
6,S_E,0.2351,0.2351,0.2351,0.2156,0.1776,-0.0,17,275.3,35,1.0,0.0258,0.0261,32.3
7,S_A,0.1461,0.1461,0.1461,0.1248,0.1617,0.0,24,237.8,60,1.0,0.0247,0.0244,54.9
7,S_B0,0.2709,0.2709,0.2709,0.249,0.2932,-0.0,0,237.8,0,0.8,0.1843,0.1865,45.9
7,S_B45,0.2707,0.2707,0.2707,0.2488,0.2931,0.0,9,237.8,0,0.8,0.1843,0.1865,45.9
7,S_C,0.3045,0.3046,0.3045,0.2553,0.3036,0.0,24,237.8,150,1.0,0.0902,0.0895,51.2
7,S_D,0.3622,0.3622,0.3622,0.3282,0.408,-0.0,0,237.8,0,1.0,0.138,0.1411,48.5
7,S_E,0.1093,0.1093,0.1093,0.0919,0.1241,0.0,24,237.8,60,1.0,0.0166,0.0165,55.4
8,S_A,0.6446,0.6447,0.6446,0.4942,0.4196,0.0,19,84.3,60,1.0,0.0383,0.0369,41.1
8,S_B0,3.2538,3.2538,3.2538,1.9436,1.6062,-0.0,0,84.3,160,1.0,0.2841,0.2718,30.6
8,S_B45,3.2534,3.2535,3.2534,1.9434,1.606,0.0,9,84.3,70,1.0,0.2841,0.2718,30.6
8,S_C,1.6508,1.6512,1.6508,1.1671,0.9761,-0.0,19,84.3,155,1.0,0.1434,0.1343,36.6
8,S_D,2.5412,2.5412,2.5412,1.5699,1.3064,-0.0,0,84.3,70,1.0,0.2174,0.2088,33.4
8,S_E,0.436,0.436,0.436,0.3411,0.2911,-0.0,19,84.3,60,1.0,0.0262,0.0249,41.6
9,S_A,0.1928,0.1927,0.1928,0.1571,0.2071,-0.0,25,235.1,55,1.0,0.0248,0.0245,52.0
9,S_B0,0.3918,0.3918,0.3918,0.3595,0.4508,-0.0,0,235.1,5,0.8,0.1827,0.1858,43.6
9,S_B45,0.3917,0.3917,0.3917,0.3595,0.4507,0.0,9,235.1,5,0.8,0.1827,0.1858,43.6
9,S_C,0.4066,0.4065,0.4066,0.3212,0.3897,-0.0,25,235.1,145,1.0,0.0917,0.0895,48.4
9,S_D,0.4214,0.4214,0.4214,0.4166,0.5446,0.0,0,235.1,0,1.0,0.1372,0.1408,46.0
9,S_E,0.1403,0.1403,0.1403,0.114,0.1555,0.0,25,235.1,55,1.0,0.0167,0.0166,52.4
10,S_A,0.1427,0.1427,0.1427,0.1342,0.1847,0.0,28,218.3,130,1.0,0.0245,0.0241,54.6
10,S_B0,0.5824,0.5824,0.5824,0.4185,0.4907,-0.0,0,218.3,70,0.8,0.1815,0.1852,45.8
10,S_B45,0.5822,0.5822,0.5822,0.4183,0.4905,-0.0,9,218.3,70,0.8,0.1815,0.1852,45.8
10,S_C,0.3349,0.3346,0.3349,0.2822,0.3487,0.0,28,218.3,20,1.0,0.09,0.0886,50.9
10,S_D,0.4667,0.4667,0.4667,0.3779,0.4546,0.0,0,218.3,70,1.0,0.1371,0.14,48.3
10,S_E,0.0987,0.0987,0.0987,0.0997,0.1403,-0.0,28,218.3,130,1.0,0.0166,0.0163,55.0
11,S_A,0.1256,0.1255,0.1256,0.1146,0.1465,-0.0,24,239.8,60,1.0,0.0241,0.0238,55.7
11,S_B0,0.1381,0.1381,0.1381,0.1891,0.231,-0.0,0,239.8,170,0.8,0.1836,0.1843,46.6
11,S_B45,0.1382,0.1381,0.1382,0.1891,0.2309,0.0,9,239.8,170,0.8,0.1836,0.1843,46.6
11,S_C,0.218,0.2179,0.218,0.2192,0.2538,-0.0,24,239.8,150,1.0,0.0888,0.0879,52.0
11,S_D,0.2412,0.2412,0.2412,0.2787,0.3601,-0.0,0,239.8,170,0.8,0.1373,0.1391,49.2
11,S_E,0.0936,0.0936,0.0936,0.0843,0.114,0.0,24,239.8,60,1.0,0.0163,0.016,56.1
12,S_A,0.8504,0.8504,0.8504,0.6245,0.554,0.0,24,58.0,150,1.0,0.05,0.0294,39.3
12,S_B0,4.7786,4.7786,4.7786,3.1468,2.6326,0.0,0,58.0,5,1.0,0.2132,0.2416,32.5
12,S_B45,4.7785,4.7785,4.7785,3.1466,2.6325,0.0,9,58.0,95,1.0,0.2132,0.2416,32.5
12,S_C,2.3849,2.3852,2.3849,1.6858,1.4455,-0.0,24,58.0,65,1.0,0.142,0.114,35.5
12,S_D,4.1664,4.1664,4.1664,2.9202,2.4718,0.0,0,58.0,5,1.0,0.1558,0.1825,34.9
12,S_E,0.5617,0.5617,0.5617,0.417,0.373,0.0,24,58.0,150,1.0,0.0337,0.0196,39.9
13,S_A,0.1738,0.1737,0.1738,0.184,0.2026,0.0,25,236.3,55,1.0,0.0317,0.0302,46.3
13,S_B0,0.6431,0.6431,0.6431,0.5346,0.5726,0.0,0,236.3,160,0.8,0.2174,0.2199,37.4
13,S_B45,0.643,0.6431,0.643,0.5345,0.5725,-0.0,9,236.3,70,0.8,0.2174,0.2199,37.4
13,S_C,0.3991,0.3988,0.3991,0.3555,0.3757,0.0,25,236.3,165,0.8,0.111,0.1081,42.5
13,S_D,0.6359,0.6359,0.6359,0.5626,0.6148,-0.0,0,236.3,160,1.0,0.1647,0.1681,39.9
13,S_E,0.1246,0.1246,0.1246,0.1362,0.1533,-0.0,25,236.3,55,1.0,0.0215,0.0205,46.7
14,S_A,0.3309,0.3309,0.3309,0.241,0.2134,0.0,11,303.7,5,1.0,0.0336,0.0354,35.4
14,S_B0,1.5659,1.5659,1.5659,1.0554,0.9202,-0.0,0,303.7,45,1.0,0.2662,0.2601,26.9
14,S_B45,1.5654,1.5654,1.5654,1.055,0.9198,0.0,9,303.7,45,1.0,0.2662,0.2601,26.9
14,S_C,0.94,0.94,0.94,0.6774,0.5961,0.0,11,303.7,80,1.0,0.1247,0.1283,32.1
14,S_D,1.4121,1.4121,1.4121,0.9816,0.8588,0.0,0,303.7,45,1.0,0.207,0.1996,29.1
14,S_E,0.2318,0.2318,0.2318,0.1754,0.1559,-0.0,11,303.7,5,1.0,0.0227,0.0239,35.8
15,S_A,0.1561,0.156,0.1561,0.1512,0.1842,-0.0,25,237.5,55,0.8,0.0301,0.0277,49.7
15,S_B0,0.5719,0.5719,0.5719,0.4766,0.5421,0.0,0,237.5,5,1.0,0.1996,0.2032,41.0
15,S_B45,0.5715,0.5715,0.5715,0.4763,0.5418,0.0,9,237.5,5,1.0,0.1996,0.2032,41.0
15,S_C,0.3482,0.348,0.3482,0.3489,0.4052,0.0,25,237.5,150,1.0,0.1023,0.0994,46.0
15,S_D,0.5842,0.5842,0.5842,0.4978,0.5879,-0.0,0,237.5,5,1.0,0.151,0.155,43.5
15,S_E,0.1191,0.1191,0.1191,0.1119,0.1386,0.0,25,237.5,55,1.0,0.0205,0.0188,50.2
16,S_A,0.1605,0.1604,0.1605,0.1236,0.1677,0.0,24,240.7,60,1.0,0.0234,0.0235,55.9
16,S_B0,0.3184,0.3184,0.3184,0.2769,0.3406,0.0,0,240.7,0,1.0,0.1776,0.1802,47.0
16,S_B45,0.3182,0.3182,0.3182,0.2767,0.3405,0.0,9,240.7,0,1.0,0.1776,0.1802,47.0
16,S_C,0.3424,0.3424,0.3424,0.2608,0.3252,0.0,24,240.7,150,1.0,0.0864,0.0863,52.3
16,S_D,0.4074,0.4074,0.4074,0.3373,0.4366,-0.0,0,240.7,0,1.0,0.1327,0.1363,49.6
16,S_E,0.1169,0.1169,0.1169,0.0898,0.1267,0.0,24,240.7,60,1.0,0.0158,0.0158,56.3
17,S_A,0.2228,0.2227,0.2228,0.1893,0.2185,-0.0,25,234.0,55,1.0,0.0309,0.0289,49.0
17,S_B0,0.7609,0.7609,0.7609,0.6721,0.7308,0.0,0,234.0,175,0.8,0.208,0.2135,40.1
17,S_B45,0.7608,0.7608,0.7608,0.6719,0.7306,0.0,9,234.0,175,0.8,0.208,0.2135,40.1
17,S_C,0.5371,0.537,0.5371,0.4557,0.5021,0.0,25,234.0,145,1.0,0.1051,0.1042,45.3
17,S_D,0.7212,0.7212,0.7212,0.6465,0.7115,-0.0,0,234.0,0,0.8,0.1567,0.1627,42.7
17,S_E,0.1604,0.1604,0.1604,0.1378,0.1623,0.0,25,234.0,55,1.0,0.0209,0.0196,49.5
18,S_A,0.1131,0.113,0.1131,0.1201,0.1562,0.0,25,236.9,55,1.0,0.0243,0.0244,55.0
18,S_B0,0.1682,0.1682,0.1682,0.2284,0.2744,-0.0,0,236.9,5,0.8,0.1852,0.1865,46.0
18,S_B45,0.168,0.168,0.168,0.2282,0.2743,0.0,9,236.9,5,0.8,0.1852,0.1865,46.0
18,S_C,0.2384,0.2383,0.2384,0.2358,0.2809,-0.0,25,236.9,150,0.8,0.0896,0.0894,51.4
18,S_D,0.261,0.261,0.261,0.307,0.3869,0.0,0,236.9,5,0.8,0.1391,0.1411,48.6
18,S_E,0.0845,0.0845,0.0845,0.0874,0.1185,-0.0,25,236.9,55,1.0,0.0164,0.0164,55.5
19,S_A,0.2432,0.2432,0.2432,0.1763,0.1412,0.0,17,92.8,5,1.0,0.0345,0.0361,32.8
19,S_B0,0.8493,0.8493,0.8493,0.4813,0.4009,0.0,0,92.8,90,1.0,0.2649,0.2711,24.9
19,S_B45,0.8492,0.8492,0.8492,0.4812,0.4009,0.0,9,92.8,90,1.0,0.2649,0.2711,24.9
19,S_C,0.6478,0.6479,0.6478,0.4099,0.3367,0.0,17,92.8,95,1.0,0.1312,0.1332,29.5
19,S_D,0.9938,0.9938,0.9938,0.6066,0.495,-0.0,0,92.8,90,1.0,0.205,0.208,27.0
19,S_E,0.1746,0.1746,0.1746,0.1284,0.1024,0.0,17,92.8,5,1.0,0.0231,0.0244,33.1
20,S_A,0.1715,0.1715,0.1715,0.1293,0.1776,0.0,24,241.6,60,1.0,0.0229,0.0232,56.3
20,S_B0,0.3278,0.3278,0.3278,0.277,0.3491,0.0,0,241.6,175,1.0,0.1764,0.1788,47.4
20,S_B45,0.3278,0.3278,0.3278,0.277,0.3491,0.0,9,241.6,175,1.0,0.1764,0.1788,47.4
20,S_C,0.3168,0.3168,0.3168,0.2515,0.3142,0.0,24,241.6,150,1.0,0.0854,0.0854,52.7
20,S_D,0.378,0.378,0.378,0.3261,0.4313,0.0,0,241.6,175,1.0,0.1319,0.1351,50.0
20,S_E,0.1251,0.1251,0.1251,0.093,0.1331,0.0,24,241.6,60,1.0,0.0154,0.0156,56.7
21,S_A,0.5431,0.5431,0.5431,0.4989,0.5985,0.0,29,33.3,40,1.0,0.0338,0.0218,46.5
21,S_B0,2.8932,2.8932,2.8932,2.4764,2.5385,0.0,0,33.3,0,1.0,0.1671,0.1905,40.1
21,S_B45,2.893,2.893,2.893,2.4763,2.5384,0.0,9,33.3,90,1.0,0.1671,0.1905,40.1
21,S_C,1.4657,1.4658,1.4657,1.351,1.4744,0.0,29,33.3,35,1.0,0.1005,0.0868,43.3
21,S_D,2.3973,2.3973,2.3973,2.0557,2.1733,-0.0,0,33.3,30,1.0,0.1243,0.1418,42.1
21,S_E,0.3533,0.3533,0.3533,0.3361,0.4084,-0.0,29,33.3,40,1.0,0.0227,0.0145,47.0
22,S_A,0.1491,0.1491,0.1491,0.1163,0.1294,-0.0,24,237.6,100,1.0,0.029,0.0292,49.9
22,S_B0,0.583,0.583,0.583,0.4154,0.4357,-0.0,0,237.6,40,0.8,0.2198,0.2184,40.1
22,S_B45,0.583,0.583,0.583,0.4155,0.4358,0.0,9,237.6,40,0.8,0.2198,0.2184,40.1
22,S_C,0.4428,0.4425,0.4428,0.3184,0.3356,0.0,24,237.6,10,1.0,0.1034,0.1061,46.0
22,S_D,0.4831,0.4831,0.4831,0.3645,0.3843,0.0,0,237.6,35,1.0,0.1647,0.1662,42.9
22,S_E,0.1009,0.1009,0.1009,0.0833,0.0954,-0.0,24,237.6,100,1.0,0.0196,0.0198,50.3
23,S_A,0.1736,0.1736,0.1736,0.1365,0.1816,0.0,24,238.9,60,1.0,0.0241,0.0241,55.1
23,S_B0,0.3008,0.3008,0.3008,0.2857,0.3442,0.0,0,238.9,0,0.6,0.1817,0.1842,46.2
23,S_B45,0.3006,0.3006,0.3006,0.2855,0.3441,-0.0,9,238.9,0,0.6,0.1817,0.1842,46.2
23,S_C,0.3415,0.3416,0.3415,0.2712,0.3306,-0.0,24,238.9,150,1.0,0.0889,0.0884,51.4
23,S_D,0.4054,0.4054,0.4054,0.3559,0.4515,0.0,0,238.9,0,1.0,0.1359,0.1394,48.8
23,S_E,0.1293,0.1293,0.1293,0.0996,0.1375,0.0,24,238.9,60,1.0,0.0162,0.0163,55.5
24,S_A,0.2656,0.2655,0.2656,0.2007,0.1541,0.0,21,75.3,165,1.0,0.037,0.038,31.5
24,S_B0,0.8269,0.8269,0.8269,0.5616,0.4629,-0.0,0,75.3,85,1.0,0.2747,0.2803,23.8
24,S_B45,0.8267,0.8267,0.8267,0.5616,0.4629,0.0,9,75.3,85,1.0,0.2747,0.2803,23.8
24,S_C,0.63,0.6299,0.63,0.4257,0.3405,0.0,21,75.3,75,1.0,0.1417,0.1388,28.1
24,S_D,0.9038,0.9038,0.9038,0.5952,0.4803,0.0,0,75.3,90,1.0,0.2124,0.2157,25.8
24,S_E,0.1907,0.1907,0.1907,0.1456,0.111,0.0,21,75.3,165,1.0,0.0248,0.0256,31.9
25,S_A,0.1032,0.1032,0.1032,0.085,0.107,-0.0,24,239.0,90,1.0,0.0219,0.0226,53.9
25,S_B0,0.5782,0.5782,0.5782,0.4591,0.5426,0.0,0,239.0,40,1.0,0.1854,0.1831,44.9
25,S_B45,0.5782,0.5782,0.5782,0.4591,0.5425,0.0,9,239.0,40,1.0,0.1854,0.1831,44.9
25,S_C,0.3425,0.3423,0.3425,0.2803,0.3449,0.0,24,239.0,10,1.0,0.0831,0.086,50.5
25,S_D,0.5092,0.5092,0.5092,0.4219,0.5158,0.0,0,239.0,135,1.0,0.1373,0.1378,47.5
25,S_E,0.0688,0.0688,0.0688,0.0624,0.0803,-0.0,24,239.0,90,1.0,0.0147,0.0151,54.3
26,S_A,0.1988,0.1988,0.1988,0.1822,0.2246,0.0,25,233.6,55,1.0,0.0282,0.0268,51.5
26,S_B0,0.6427,0.6427,0.6427,0.5369,0.6101,0.0,0,233.6,0,0.8,0.1961,0.2013,42.6
26,S_B45,0.6421,0.6421,0.6421,0.5368,0.6099,-0.0,9,233.6,0,0.8,0.1961,0.2013,42.6
26,S_C,0.4523,0.4522,0.4523,0.3817,0.4386,-0.0,25,233.6,145,1.0,0.0975,0.0974,47.8
26,S_D,0.6489,0.6489,0.6489,0.5322,0.6132,0.0,0,233.6,0,1.0,0.1474,0.1529,45.2
26,S_E,0.1475,0.1475,0.1475,0.1342,0.1696,-0.0,25,233.6,55,1.0,0.0192,0.0181,52.0
27,S_A,0.1779,0.1779,0.1779,0.1477,0.2066,0.0,23,244.9,65,1.0,0.0233,0.0225,56.9
27,S_B0,0.5849,0.5849,0.5849,0.4325,0.5497,-0.0,0,244.9,10,1.0,0.1716,0.1754,48.3
27,S_B45,0.5847,0.5847,0.5847,0.4324,0.5497,0.0,9,244.9,10,1.0,0.1716,0.1754,48.3
27,S_C,0.4127,0.4126,0.4127,0.3343,0.4236,0.0,23,244.9,160,1.0,0.0842,0.0832,53.4
27,S_D,0.5289,0.5289,0.5289,0.4198,0.544,0.0,0,244.9,5,1.0,0.1281,0.1322,50.8
27,S_E,0.1291,0.1291,0.1291,0.1062,0.1556,-0.0,23,244.9,65,1.0,0.0158,0.0151,57.4
28,S_A,0.1998,0.1997,0.1998,0.1328,0.1235,-0.0,21,74.8,165,1.0,0.0297,0.0302,39.8
28,S_B0,0.8343,0.8343,0.8343,0.4901,0.4463,0.0,0,74.8,45,1.0,0.2382,0.2361,31.2
28,S_B45,0.8339,0.834,0.8339,0.4899,0.4462,-0.0,9,74.8,135,1.0,0.2382,0.2361,31.2
28,S_C,0.4746,0.4743,0.4746,0.3005,0.2791,-0.0,21,74.8,120,1.0,0.119,0.1134,36.1
28,S_D,0.6928,0.6928,0.6928,0.419,0.3851,-0.0,0,74.8,45,1.0,0.1826,0.1795,33.5
28,S_E,0.1463,0.1463,0.1463,0.1001,0.0937,0.0,21,74.8,165,1.0,0.0199,0.0202,40.2
29,S_A,0.0986,0.0986,0.0986,0.1193,0.1569,-0.0,23,243.3,70,1.0,0.0228,0.023,53.7
29,S_B0,0.4747,0.4747,0.4747,0.4916,0.5726,0.0,0,243.3,45,1.0,0.1899,0.1869,44.5
29,S_B45,0.4746,0.4746,0.4746,0.4916,0.5726,-0.0,9,243.3,45,1.0,0.1899,0.1869,44.5
29,S_C,0.28,0.2798,0.28,0.2791,0.342,-0.0,23,243.3,20,0.8,0.0855,0.0876,50.2
29,S_D,0.4592,0.4592,0.4592,0.4811,0.58,0.0,0,243.3,140,1.0,0.1407,0.1405,47.2
29,S_E,0.0738,0.0738,0.0738,0.0811,0.1093,0.0,23,243.3,70,1.0,0.0153,0.0153,54.1
30,S_A,0.1332,0.1331,0.1332,0.1262,0.1441,-0.0,26,232.0,50,1.0,0.03,0.0288,49.9
30,S_B0,0.3826,0.3826,0.3826,0.3703,0.3925,-0.0,0,232.0,0,1.0,0.2105,0.2135,40.6
30,S_B45,0.3821,0.3821,0.3821,0.3699,0.3922,0.0,9,232.0,0,1.0,0.2105,0.2135,40.6
30,S_C,0.3141,0.3141,0.3141,0.2871,0.3118,0.0,26,232.0,140,0.8,0.1041,0.1041,46.1
30,S_D,0.4545,0.4545,0.4545,0.4036,0.4409,0.0,0,232.0,0,1.0,0.1588,0.1626,43.3
30,S_E,0.102,0.102,0.102,0.0945,0.1106,0.0,26,232.0,50,1.0,0.0203,0.0195,50.4
31,S_A,0.1681,0.1681,0.1681,0.1338,0.1709,0.0,24,238.0,60,1.0,0.0264,0.0258,52.0
31,S_B0,0.4289,0.4289,0.4289,0.3171,0.3828,-0.0,0,238.0,65,1.0,0.1903,0.1927,43.3
31,S_B45,0.4289,0.4289,0.4289,0.3171,0.3829,0.0,9,238.0,65,1.0,0.1903,0.1927,43.3
31,S_C,0.2917,0.2918,0.2917,0.228,0.2689,0.0,24,238.0,150,1.0,0.0947,0.0936,48.4
31,S_D,0.3688,0.3688,0.3688,0.2976,0.3583,0.0,0,238.0,0,1.0,0.1434,0.1465,45.8
31,S_E,0.1249,0.1249,0.1249,0.1001,0.1309,0.0,24,238.0,60,1.0,0.0178,0.0175,52.5
32,S_A,0.4809,0.4809,0.4809,0.3122,0.2271,-0.0,22,68.3,15,1.0,0.0379,0.0363,33.5
32,S_B0,3.2633,3.2633,3.2633,1.7912,1.3553,0.0,0,68.3,35,1.0,0.2655,0.2782,25.6
32,S_B45,3.2629,3.263,3.2629,1.7909,1.3551,0.0,9,68.3,125,1.0,0.2655,0.2782,25.6
32,S_C,1.6772,1.6774,1.6772,1.0694,0.8065,0.0,22,68.3,15,1.0,0.1358,0.1361,30.1
32,S_D,3.0659,3.0659,3.0659,1.818,1.3555,0.0,0,68.3,35,1.0,0.2017,0.2132,27.8
32,S_E,0.3025,0.3025,0.3025,0.2173,0.1575,0.0,22,68.3,15,1.0,0.0258,0.0245,34.0
33,S_A,0.5421,0.5421,0.5421,0.3473,0.2677,-0.0,20,82.4,10,1.0,0.0404,0.0408,33.7
33,S_B0,2.5166,2.5166,2.5166,1.4583,1.1559,0.0,0,82.4,120,1.0,0.2871,0.2904,25.0
33,S_B45,2.5163,2.5165,2.5163,1.4581,1.1558,-0.0,9,82.4,120,1.0,0.2871,0.2904,25.0
33,S_C,1.4539,1.4542,1.4539,0.9518,0.7618,0.0,20,82.4,20,1.0,0.1404,0.1459,30.2
33,S_D,2.3617,2.3617,2.3617,1.4383,1.1364,0.0,0,82.4,30,1.0,0.2196,0.2245,27.4
33,S_E,0.3473,0.3473,0.3473,0.2399,0.1858,0.0,20,82.4,10,1.0,0.0275,0.0277,34.1
34,S_A,0.5633,0.5633,0.5633,0.547,0.9666,0.0,30,31.7,30,1.0,0.0291,0.0135,60.0
34,S_B0,3.6437,3.6437,3.6437,3.3163,4.5121,0.0,0,31.7,0,1.0,0.1024,0.134,55.5
34,S_B45,3.6434,3.6434,3.6434,3.3163,4.5121,-0.0,9,31.7,0,1.0,0.1024,0.134,55.5
34,S_C,1.6825,1.6827,1.6825,1.5882,2.4532,0.0,30,31.7,120,1.0,0.0805,0.0573,56.8
34,S_D,2.7983,2.7983,2.7983,2.7063,3.9667,0.0,0,31.7,85,1.0,0.0741,0.0971,57.2
34,S_E,0.3688,0.3689,0.3688,0.3604,0.651,0.0,30,31.7,30,1.0,0.0192,0.0089,60.6
35,S_A,0.6143,0.6143,0.6143,0.4876,0.3818,-0.0,17,93.6,75,1.0,0.0379,0.0402,38.5
35,S_B0,2.9381,2.9381,2.9381,1.8485,1.4663,0.0,0,93.6,160,1.0,0.2936,0.2886,28.3
35,S_B45,2.9377,2.9376,2.9377,1.8483,1.4661,0.0,9,93.6,160,1.0,0.2936,0.2886,28.3
35,S_C,1.6805,1.6807,1.6805,1.1874,0.9412,0.0,17,93.6,165,1.0,0.1407,0.1444,34.4
35,S_D,2.2419,2.2419,2.2419,1.5088,1.2027,0.0,0,93.6,160,1.0,0.2258,0.2228,31.0
35,S_E,0.4192,0.4191,0.4192,0.3424,0.2679,-0.0,17,93.6,75,1.0,0.0258,0.0272,39.0
36,S_A,0.1546,0.1546,0.1546,0.1351,0.1606,-0.0,23,244.4,45,1.0,0.0307,0.0261,47.8
36,S_B0,0.9454,0.9454,0.9454,0.5731,0.6414,0.0,0,244.4,60,1.0,0.198,0.2016,39.6
36,S_B45,0.9452,0.9452,0.9452,0.5731,0.6414,0.0,9,244.4,60,1.0,0.198,0.2016,39.6
36,S_C,0.5515,0.5513,0.5515,0.3895,0.4392,0.0,23,244.4,30,1.0,0.1013,0.0969,44.3
36,S_D,0.7865,0.7865,0.7865,0.6349,0.7245,-0.0,0,244.4,55,1.0,0.1476,0.1531,42.1
36,S_E,0.1044,0.1044,0.1044,0.0918,0.1106,0.0,23,244.4,45,1.0,0.0207,0.0175,48.3
37,S_A,0.3016,0.3016,0.3016,0.2896,0.2057,0.0,18,88.6,0,1.0,0.0381,0.041,28.7
37,S_B0,1.4703,1.4703,1.4703,1.1009,0.849,-0.0,0,88.6,90,1.0,0.2867,0.2971,21.3
37,S_B45,1.47,1.4701,1.47,1.1009,0.8489,0.0,9,88.6,90,1.0,0.2867,0.2971,21.3
37,S_C,0.9865,0.9864,0.9865,0.7545,0.5655,0.0,18,88.6,90,1.0,0.1422,0.1485,25.6
37,S_D,1.5745,1.5745,1.5745,1.1423,0.8609,0.0,0,88.6,90,1.0,0.2238,0.2295,23.2
37,S_E,0.2239,0.2239,0.2239,0.2101,0.1484,-0.0,18,88.6,0,1.0,0.0255,0.0277,29.1
38,S_A,0.1855,0.1854,0.1855,0.1367,0.1234,-0.0,20,81.7,170,1.0,0.0306,0.0315,39.1
38,S_B0,1.0422,1.0422,1.0422,0.5241,0.4613,0.0,0,81.7,45,1.0,0.2473,0.2446,30.3
38,S_B45,1.0419,1.0419,1.0419,0.524,0.4611,-0.0,9,81.7,135,1.0,0.2473,0.2446,30.3
38,S_C,0.5956,0.5954,0.5956,0.3458,0.3092,0.0,20,81.7,125,1.0,0.124,0.118,35.3
38,S_D,0.8521,0.8521,0.8521,0.4636,0.4108,-0.0,0,81.7,45,1.0,0.1906,0.1863,32.6
38,S_E,0.1416,0.1416,0.1416,0.0985,0.0893,0.0,20,81.7,170,1.0,0.0205,0.0211,39.5
39,S_A,0.6747,0.6747,0.6747,0.5995,0.8802,0.0,33,16.3,30,1.0,0.0443,0.0167,44.5
39,S_B0,4.3688,4.3688,4.3688,3.3566,4.5753,0.0,0,16.3,50,1.0,0.1248,0.1477,40.8
39,S_B45,4.3684,4.3684,4.3684,3.3562,4.5748,-0.0,9,16.3,140,1.0,0.1248,0.1477,40.8
39,S_C,2.0447,2.0449,2.0447,1.7545,2.4864,0.0,33,16.3,120,1.0,0.1097,0.067,41.5
39,S_D,3.6702,3.6702,3.6702,2.9007,4.0864,-0.0,0,16.3,50,1.0,0.0942,0.1097,42.2
39,S_E,0.4459,0.4459,0.4459,0.3989,0.5876,-0.0,33,16.3,30,1.0,0.0299,0.0112,45.2
40,S_A,0.1886,0.1886,0.1886,0.1819,0.2562,-0.0,26,229.6,110,1.0,0.0231,0.0229,56.1
40,S_B0,0.6583,0.6583,0.6583,0.5801,0.7384,0.0,0,229.6,45,1.0,0.1765,0.1788,47.3
40,S_B45,0.6583,0.6583,0.6583,0.58,0.7383,-0.0,9,229.6,45,1.0,0.1765,0.1788,47.3
40,S_C,0.4169,0.4166,0.4169,0.3967,0.5091,-0.0,26,229.6,20,1.0,0.0839,0.085,52.6
40,S_D,0.5855,0.5855,0.5855,0.5922,0.7807,-0.0,0,229.6,45,1.0,0.1327,0.1348,49.8
40,S_E,0.1289,0.1289,0.1289,0.1272,0.186,0.0,26,229.6,110,1.0,0.0156,0.0155,56.5
41,S_A,0.7335,0.7335,0.7335,0.564,0.5559,0.0,24,58.2,150,1.0,0.04,0.0263,41.9
41,S_B0,3.718,3.718,3.718,2.5599,2.3268,0.0,0,58.2,5,1.0,0.1977,0.2209,35.0
41,S_B45,3.7178,3.7178,3.7178,2.5597,2.3266,0.0,9,58.2,95,1.0,0.1977,0.2209,35.0
41,S_C,1.8472,1.8473,1.8472,1.3741,1.296,0.0,24,58.2,65,1.0,0.1198,0.103,38.4
41,S_D,3.2266,3.2266,3.2266,2.3833,2.2148,0.0,0,58.2,10,1.0,0.1444,0.166,37.4
41,S_E,0.4849,0.4849,0.4849,0.3779,0.3762,-0.0,24,58.2,150,1.0,0.0269,0.0176,42.5
42,S_A,0.4885,0.4885,0.4885,0.5078,1.0376,-0.0,31,27.3,30,1.0,0.0268,0.012,56.2
42,S_B0,2.9792,2.9792,2.9792,2.8368,5.2253,0.0,0,27.3,5,1.0,0.0876,0.1102,52.7
42,S_B45,2.979,2.979,2.979,2.8366,5.2248,0.0,9,27.3,5,1.0,0.0876,0.1102,52.7
42,S_C,1.4426,1.4426,1.4426,1.4666,2.8474,0.0,31,27.3,120,1.0,0.0698,0.0489,53.7
42,S_D,2.4204,2.4204,2.4204,2.5531,4.8576,0.0,0,27.3,45,1.0,0.0648,0.0811,54.0
42,S_E,0.3223,0.3223,0.3223,0.3371,0.6943,0.0,31,27.3,30,1.0,0.018,0.008,56.7
43,S_A,0.0863,0.0863,0.0863,0.0761,0.0917,-0.0,26,227.7,80,1.0,0.0264,0.0263,52.8
43,S_B0,0.2563,0.2563,0.2563,0.3086,0.3493,0.0,0,227.7,50,0.8,0.2015,0.2016,43.3
43,S_B45,0.2564,0.2563,0.2564,0.3087,0.3494,0.0,9,227.7,50,0.8,0.2015,0.2016,43.3
43,S_C,0.2265,0.2263,0.2265,0.2077,0.2274,0.0,26,227.7,145,1.0,0.0954,0.0966,49.0
43,S_D,0.3283,0.3283,0.3283,0.3459,0.4065,-0.0,0,227.7,5,0.8,0.1508,0.1525,46.0
43,S_E,0.0611,0.0611,0.0611,0.0536,0.0673,0.0,26,227.7,80,1.0,0.0178,0.0178,53.2
44,S_A,0.1392,0.1392,0.1392,0.1414,0.125,0.0,4,161.5,70,0.8,0.0367,0.0357,35.1
44,S_B0,0.5239,0.5239,0.5239,0.3199,0.2816,0.0,0,161.5,60,0.8,0.2613,0.2604,26.9
44,S_B45,0.5238,0.5238,0.5238,0.32,0.2817,0.0,9,161.5,60,0.8,0.2613,0.2604,26.9
44,S_C,0.328,0.328,0.328,0.246,0.2182,-0.0,4,161.5,125,0.8,0.1307,0.129,31.7
44,S_D,0.583,0.583,0.583,0.3753,0.3304,0.0,0,161.5,60,0.8,0.2016,0.2001,29.1
44,S_E,0.098,0.098,0.098,0.1035,0.0915,-0.0,4,161.5,70,0.8,0.0249,0.0242,35.5
45,S_A,0.5633,0.5633,0.5633,0.547,0.9666,0.0,30,31.7,30,1.0,0.0291,0.0135,60.0
45,S_B0,3.6437,3.6437,3.6437,3.3163,4.5121,0.0,0,31.7,0,1.0,0.1024,0.134,55.5
45,S_B45,3.6434,3.6434,3.6434,3.3163,4.5121,-0.0,9,31.7,0,1.0,0.1024,0.134,55.5
45,S_C,1.6825,1.6827,1.6825,1.5882,2.4532,0.0,30,31.7,120,1.0,0.0805,0.0573,56.8
45,S_D,2.7983,2.7983,2.7983,2.7063,3.9667,0.0,0,31.7,85,1.0,0.0741,0.0971,57.2
45,S_E,0.3688,0.3689,0.3688,0.3604,0.651,0.0,30,31.7,30,1.0,0.0192,0.0089,60.6
46,S_A,0.4045,0.4045,0.4045,0.4336,0.8047,-0.0,29,34.8,40,1.0,0.0235,0.0128,62.2
46,S_B0,2.6513,2.6513,2.6513,2.5578,3.5108,0.0,0,34.8,0,1.0,0.1061,0.1292,56.9
46,S_B45,2.6511,2.6511,2.6511,2.5576,3.5107,-0.0,9,34.8,0,1.0,0.1061,0.1292,56.9
46,S_C,1.1874,1.1875,1.1874,1.2172,1.9208,-0.0,29,34.8,35,1.0,0.0694,0.0547,59.3
46,S_D,2.0664,2.0664,2.0664,2.1818,3.2454,-0.0,0,34.8,30,1.0,0.0767,0.0932,58.8
46,S_E,0.2594,0.2594,0.2594,0.2862,0.5439,0.0,29,34.8,40,1.0,0.0155,0.0084,62.7
47,S_A,0.6152,0.6152,0.6152,0.4248,0.3401,-0.0,22,72.2,145,1.0,0.0453,0.0325,37.3
47,S_B0,3.2455,3.2455,3.2455,1.9268,1.5221,-0.0,0,72.2,170,1.0,0.2465,0.2603,29.4
47,S_B45,3.2455,3.2455,3.2455,1.9268,1.522,0.0,9,72.2,80,1.0,0.2465,0.2603,29.4
47,S_C,1.7316,1.7319,1.7316,1.0596,0.8392,-0.0,22,72.2,60,1.0,0.1403,0.1245,33.6
47,S_D,2.8538,2.8538,2.8538,1.8024,1.4203,0.0,0,72.2,170,1.0,0.1817,0.1978,32.0
47,S_E,0.4112,0.4112,0.4112,0.2886,0.2322,0.0,22,72.2,145,1.0,0.0305,0.0217,37.9
48,S_A,0.1584,0.1583,0.1584,0.139,0.181,-0.0,25,234.6,55,1.0,0.0263,0.0252,53.3
48,S_B0,0.6073,0.6073,0.6073,0.5048,0.6019,-0.0,0,234.6,175,0.8,0.1865,0.1908,44.5
48,S_B45,0.6072,0.6072,0.6072,0.5047,0.6017,0.0,9,234.6,175,0.8,0.1865,0.1908,44.5
48,S_C,0.4016,0.4015,0.4016,0.3241,0.4098,-0.0,25,234.6,140,1.0,0.0923,0.0919,49.6
48,S_D,0.5691,0.5691,0.5691,0.4592,0.5655,0.0,0,234.6,175,0.8,0.1401,0.1447,47.0
48,S_E,0.1154,0.1154,0.1154,0.1022,0.1368,-0.0,25,234.6,55,1.0,0.0178,0.017,53.7
49,S_A,0.2391,0.239,0.2391,0.2081,0.2506,0.0,25,234.7,55,1.0,0.0297,0.0275,50.4
49,S_B0,0.7859,0.7859,0.7859,0.706,0.7925,-0.0,0,234.7,170,0.8,0.2004,0.2056,41.5
49,S_B45,0.7859,0.7858,0.7859,0.7058,0.7923,-0.0,9,234.7,80,0.8,0.2004,0.2056,41.5
49,S_C,0.5376,0.5375,0.5376,0.4765,0.5406,0.0,25,234.7,145,1.0,0.1012,0.0998,46.7
49,S_D,0.6947,0.6947,0.6947,0.6479,0.7325,0.0,0,234.7,0,0.8,0.1505,0.1564,44.1
49,S_E,0.1732,0.1732,0.1732,0.1504,0.1854,-0.0,25,234.7,55,1.0,0.0201,0.0186,50.9
50,S_A,0.2813,0.2812,0.2813,0.1836,0.148,0.0,19,86.5,175,1.0,0.0344,0.0359,32.6
50,S_B0,0.8724,0.8724,0.8724,0.4692,0.3951,0.0,0,86.5,90,1.0,0.2633,0.2696,24.9
50,S_B45,0.8723,0.8723,0.8723,0.4692,0.395,0.0,9,86.5,90,1.0,0.2633,0.2696,24.9
50,S_C,0.6828,0.6828,0.6828,0.407,0.3359,0.0,19,86.5,85,1.0,0.1306,0.1324,29.4
50,S_D,0.9774,0.9774,0.9774,0.5751,0.4741,0.0,0,86.5,90,1.0,0.2033,0.2068,26.9
50,S_E,0.2019,0.2019,0.2019,0.1338,0.1074,0.0,19,86.5,175,1.0,0.0231,0.0242,33.0
51,S_A,0.1352,0.1351,0.1352,0.1287,0.1585,-0.0,26,231.9,50,1.0,0.0277,0.0266,52.1
51,S_B0,0.3468,0.3468,0.3468,0.335,0.3795,-0.0,0,231.9,0,0.8,0.1976,0.2004,43.0
51,S_B45,0.3463,0.3463,0.3463,0.3349,0.3794,0.0,9,231.9,0,0.8,0.1976,0.2004,43.0
51,S_C,0.2727,0.2727,0.2727,0.2499,0.2831,-0.0,26,231.9,140,1.0,0.0973,0.0968,48.3
51,S_D,0.3957,0.3957,0.3957,0.338,0.387,-0.0,0,231.9,0,1.0,0.1487,0.1521,45.6
51,S_E,0.1032,0.1033,0.1032,0.0959,0.1213,-0.0,26,231.9,50,1.0,0.0187,0.018,52.6
52,S_A,0.6042,0.6042,0.6042,0.5924,0.8718,0.0,30,31.8,150,1.0,0.0327,0.0163,56.9
52,S_B0,3.5534,3.5534,3.5534,3.265,3.7432,0.0,0,31.8,0,1.0,0.1275,0.1574,51.3
52,S_B45,3.5532,3.5532,3.5532,3.2648,3.743,-0.0,9,31.8,0,1.0,0.1275,0.1574,51.3
52,S_C,1.6375,1.6376,1.6375,1.5848,2.0547,-0.0,30,31.8,30,1.0,0.0916,0.0683,53.5
52,S_D,2.8925,2.8925,2.8925,2.7834,3.4236,0.0,0,31.8,35,1.0,0.093,0.1149,53.4
52,S_E,0.3948,0.3948,0.3948,0.3908,0.587,0.0,30,31.8,150,1.0,0.0217,0.0107,57.6
53,S_A,0.1239,0.1239,0.1239,0.1156,0.1447,0.0,26,231.7,50,1.0,0.027,0.0262,52.5
53,S_B0,0.2731,0.2731,0.2731,0.2724,0.3149,0.0,0,231.7,0,0.6,0.1959,0.1981,43.4
53,S_B45,0.2726,0.2726,0.2726,0.2724,0.3148,-0.0,9,231.7,0,0.6,0.1959,0.1981,43.4
53,S_C,0.2512,0.2509,0.2512,0.2042,0.2333,0.0,26,231.7,20,1.0,0.0958,0.0956,48.8
53,S_D,0.3176,0.3176,0.3176,0.2529,0.3037,0.0,0,231.7,0,0.8,0.1476,0.1503,46.0
53,S_E,0.0924,0.0924,0.0924,0.0866,0.1113,-0.0,26,231.7,50,1.0,0.0182,0.0177,53.0
54,S_A,0.1519,0.1518,0.1519,0.1364,0.1607,0.0,25,236.5,55,1.0,0.0291,0.0283,49.4
54,S_B0,0.4313,0.4313,0.4313,0.3035,0.3411,0.0,0,236.5,65,0.6,0.2061,0.2076,40.4
54,S_B45,0.4313,0.4313,0.4313,0.3035,0.3411,-0.0,9,236.5,65,0.6,0.2061,0.2076,40.4
54,S_C,0.2813,0.2811,0.2813,0.2215,0.246,0.0,25,236.5,30,0.8,0.1028,0.1017,45.7
54,S_D,0.3534,0.3534,0.3534,0.2839,0.3211,0.0,0,236.5,155,0.6,0.1559,0.1584,43.0
54,S_E,0.1188,0.1188,0.1188,0.1027,0.1236,0.0,25,236.5,55,1.0,0.0198,0.0192,49.9
55,S_A,0.1044,0.1044,0.1044,0.1138,0.1466,-0.0,25,233.3,115,1.0,0.0263,0.0252,53.3
55,S_B0,0.4852,0.4852,0.4852,0.3765,0.445,-0.0,0,233.3,0,0.8,0.1883,0.1922,44.4
55,S_B45,0.4848,0.4848,0.4848,0.3765,0.4449,0.0,9,233.3,0,0.8,0.1883,0.1922,44.4
55,S_C,0.3256,0.3256,0.3256,0.2663,0.3169,-0.0,25,233.3,145,1.0,0.0935,0.0924,49.6
55,S_D,0.479,0.479,0.479,0.3664,0.4345,0.0,0,233.3,0,1.0,0.1415,0.1456,47.0
55,S_E,0.0742,0.0742,0.0742,0.0852,0.113,0.0,25,233.3,55,1.0,0.0178,0.0171,53.7
56,S_A,0.9958,0.9958,0.9958,0.7825,0.7516,-0.0,28,41.3,40,1.0,0.0306,0.033,35.0
56,S_B0,5.4835,5.4835,5.4835,3.3484,3.0541,-0.0,0,41.3,0,1.0,0.2049,0.2462,28.7
56,S_B45,5.4828,5.4829,5.4828,3.3481,3.0538,-0.0,9,41.3,0,1.0,0.2049,0.2462,28.7
56,S_C,2.794,2.7944,2.794,1.8825,1.7596,0.0,28,41.3,135,1.0,0.11,0.1205,32.2
56,S_D,4.5886,4.5886,4.5886,2.8769,2.6527,-0.0,0,41.3,40,1.0,0.1569,0.1883,30.5
56,S_E,0.6544,0.6545,0.6544,0.5282,0.51,0.0,28,41.3,40,1.0,0.021,0.0223,35.4
57,S_A,1.5539,1.5541,1.5539,0.906,0.5391,0.0,18,91.3,160,1.0,0.0701,0.0548,20.0
57,S_B0,5.3556,5.3556,5.3556,2.8224,1.8944,0.0,0,91.3,75,1.0,0.3822,0.3554,13.3
57,S_B45,5.3553,5.3553,5.3553,2.8221,1.8941,-0.0,9,91.3,75,1.0,0.3822,0.3554,13.3
57,S_C,3.2112,3.2115,3.2112,1.7845,1.1476,0.0,18,91.3,75,1.0,0.2009,0.1868,17.2
57,S_D,5.4422,5.4422,5.4422,2.9315,1.9195,0.0,0,91.3,165,1.0,0.292,0.2797,15.2
57,S_E,1.0681,1.0682,1.0681,0.6308,0.3686,-0.0,18,91.3,160,1.0,0.0495,0.0375,20.4
58,S_A,0.2564,0.2565,0.2564,0.2083,0.1934,-0.0,19,264.8,85,1.0,0.0332,0.0343,38.1
58,S_B0,0.6448,0.6448,0.6448,0.5208,0.4902,0.0,0,264.8,5,1.0,0.2439,0.2486,29.8
58,S_B45,0.6445,0.6445,0.6445,0.5205,0.4899,0.0,9,264.8,5,1.0,0.2439,0.2486,29.8
58,S_C,0.5881,0.588,0.5881,0.4635,0.4365,0.0,19,264.8,175,1.0,0.1184,0.1234,34.7
58,S_D,0.879,0.879,0.879,0.6892,0.6449,0.0,0,264.8,5,1.0,0.1844,0.1912,32.1
58,S_E,0.1945,0.1945,0.1945,0.1593,0.1473,0.0,19,264.8,85,1.0,0.0225,0.0232,38.5
59,S_A,0.1544,0.1543,0.1544,0.1312,0.176,0.0,23,244.3,70,1.0,0.024,0.0232,56.1
59,S_B0,0.5446,0.5446,0.5446,0.3819,0.4727,0.0,0,244.3,10,0.8,0.177,0.1803,47.3
59,S_B45,0.5445,0.5445,0.5445,0.3818,0.4727,0.0,9,244.3,10,0.8,0.177,0.1803,47.3
59,S_C,0.3945,0.3944,0.3945,0.3087,0.3864,-0.0,23,244.3,165,1.0,0.0866,0.0857,52.5
59,S_D,0.4968,0.4968,0.4968,0.3822,0.4826,0.0,0,244.3,10,0.8,0.1323,0.136,49.9
59,S_E,0.1065,0.1065,0.1065,0.0945,0.133,-0.0,23,244.3,65,1.0,0.0162,0.0156,56.5
60,S_A,0.1854,0.1853,0.1854,0.1496,0.2064,-0.0,23,243.4,65,1.0,0.0233,0.0227,56.7
60,S_B0,0.5459,0.5459,0.5459,0.4135,0.5134,0.0,0,243.4,5,1.0,0.1732,0.1773,48.0
60,S_B45,0.5458,0.5457,0.5458,0.4133,0.5134,-0.0,9,243.4,5,1.0,0.1732,0.1773,48.0
60,S_C,0.4357,0.4357,0.4357,0.3439,0.4324,0.0,23,243.4,155,1.0,0.0851,0.0842,53.1
60,S_D,0.5209,0.5209,0.5209,0.4319,0.5574,-0.0,0,243.4,0,1.0,0.1291,0.1336,50.5
60,S_E,0.1307,0.1308,0.1307,0.1069,0.1545,-0.0,23,243.4,65,1.0,0.0157,0.0153,57.1
61,S_A,0.1462,0.1462,0.1462,0.133,0.1774,0.0,23,242.8,65,1.0,0.0243,0.0233,56.3
61,S_B0,0.4167,0.4167,0.4167,0.3117,0.3781,-0.0,0,242.8,10,1.0,0.1788,0.181,47.3
61,S_B45,0.4165,0.4165,0.4165,0.3116,0.3781,0.0,9,242.8,10,1.0,0.1788,0.181,47.3
61,S_C,0.3429,0.3427,0.3429,0.2904,0.3526,0.0,23,242.8,160,1.0,0.0872,0.0861,52.6
61,S_D,0.3972,0.3972,0.3972,0.3599,0.4559,0.0,0,242.8,5,1.0,0.1337,0.1366,49.9
61,S_E,0.1041,0.1041,0.1041,0.0957,0.1341,0.0,23,242.8,65,1.0,0.0164,0.0157,56.7
62,S_A,0.8212,0.8212,0.8212,0.6738,0.8555,0.0,33,16.3,155,1.0,0.0487,0.0193,41.6
62,S_B0,4.7759,4.7759,4.7759,3.6061,4.2662,-0.0,0,16.3,50,1.0,0.1564,0.1682,36.9
62,S_B45,4.7752,4.7753,4.7752,3.6054,4.2654,0.0,9,16.3,140,1.0,0.1564,0.1682,36.9
62,S_C,2.2517,2.2519,2.2517,1.8377,2.257,0.0,33,16.3,65,1.0,0.1224,0.0768,38.4
62,S_D,4.0089,4.0089,4.0089,3.188,3.878,-0.0,0,16.3,55,1.0,0.1194,0.1252,38.5
62,S_E,0.5429,0.5429,0.5429,0.4486,0.5718,0.0,33,16.3,155,1.0,0.0329,0.0128,42.3
63,S_A,0.1974,0.1974,0.1974,0.1534,0.1278,-0.0,29,213.4,110,1.0,0.0386,0.0382,33.3
63,S_B0,1.0296,1.0296,1.0296,0.5509,0.4601,0.0,0,213.4,170,1.0,0.2703,0.2747,25.3
63,S_B45,1.0297,1.0297,1.0297,0.5509,0.4601,0.0,9,213.4,80,1.0,0.2703,0.2747,25.3
63,S_C,0.5963,0.5962,0.5963,0.3673,0.31,0.0,29,213.4,25,1.0,0.137,0.137,29.9
63,S_D,0.8015,0.8015,0.8015,0.4495,0.3774,0.0,0,213.4,80,1.0,0.208,0.2118,27.4
63,S_E,0.1365,0.1365,0.1365,0.1114,0.0926,0.0,29,213.4,110,1.0,0.0263,0.0259,33.7
64,S_A,1.301,1.3014,1.301,0.6174,0.3572,0.0,13,117.0,170,1.0,0.0491,0.0577,17.6
64,S_B0,4.8835,4.8835,4.8835,2.8659,1.8733,0.0,0,117.0,145,1.0,0.4034,0.3669,11.0
64,S_B45,4.8826,4.8828,4.8826,2.8652,1.8729,-0.0,9,117.0,55,1.0,0.4034,0.3669,11.0
64,S_C,3.0018,3.002,3.0018,1.7596,1.1203,-0.0,13,117.0,80,1.0,0.1793,0.1947,15.2
64,S_D,4.5939,4.5939,4.5939,2.6671,1.7143,-0.0,0,117.0,150,1.0,0.312,0.2898,12.7
64,S_E,0.9076,0.9078,0.9076,0.4372,0.2538,-0.0,13,117.0,170,1.0,0.0338,0.0397,17.9
65,S_A,0.1736,0.1736,0.1736,0.1365,0.1816,0.0,24,238.9,60,1.0,0.0241,0.0241,55.1
65,S_B0,0.3008,0.3008,0.3008,0.2857,0.3442,0.0,0,238.9,0,0.6,0.1817,0.1842,46.2
65,S_B45,0.3006,0.3006,0.3006,0.2855,0.3441,-0.0,9,238.9,0,0.6,0.1817,0.1842,46.2
65,S_C,0.3415,0.3416,0.3415,0.2712,0.3306,-0.0,24,238.9,150,1.0,0.0889,0.0884,51.4
65,S_D,0.4054,0.4054,0.4054,0.3559,0.4515,0.0,0,238.9,0,1.0,0.1359,0.1394,48.8
65,S_E,0.1293,0.1293,0.1293,0.0996,0.1375,0.0,24,238.9,60,1.0,0.0162,0.0163,55.5
66,S_A,0.2778,0.2777,0.2778,0.2649,0.2088,0.0,19,82.8,175,1.0,0.0352,0.0366,33.8
66,S_B0,1.2841,1.2841,1.2841,0.8508,0.6955,0.0,0,82.8,85,1.0,0.2654,0.2743,25.7
66,S_B45,1.2837,1.2837,1.2837,0.8507,0.6954,0.0,9,82.8,175,1.0,0.2654,0.2743,25.7
66,S_C,0.8148,0.8147,0.8148,0.5728,0.4613,0.0,19,82.8,85,1.0,0.133,0.1349,30.3
66,S_D,1.27,1.27,1.27,0.8722,0.7045,-0.0,0,82.8,90,1.0,0.2053,0.2106,27.8
66,S_E,0.2004,0.2004,0.2004,0.193,0.1518,0.0,19,82.8,175,1.0,0.0236,0.0247,34.2
67,S_A,0.1585,0.1585,0.1585,0.1498,0.1712,-0.0,25,232.6,115,1.0,0.0302,0.029,49.9
67,S_B0,0.3546,0.3546,0.3546,0.2863,0.3101,-0.0,0,232.6,60,0.8,0.2145,0.2149,40.5
67,S_B45,0.3548,0.3547,0.3548,0.2863,0.3102,0.0,9,232.6,60,0.8,0.2145,0.2149,40.5
67,S_C,0.3248,0.3245,0.3248,0.2395,0.2613,0.0,25,232.6,25,0.8,0.1051,0.1049,46.1
67,S_D,0.3781,0.3781,0.3781,0.2909,0.32,0.0,0,232.6,60,0.8,0.1624,0.1638,43.1
67,S_E,0.1064,0.1064,0.1064,0.1062,0.1247,0.0,25,232.6,115,1.0,0.0205,0.0197,50.4
68,S_A,0.2084,0.2084,0.2084,0.1583,0.2238,0.0,23,243.9,65,1.0,0.023,0.0225,56.9
68,S_B0,0.478,0.478,0.478,0.4239,0.5298,-0.0,0,243.9,0,1.0,0.1719,0.1758,48.2
68,S_B45,0.4778,0.4778,0.4778,0.4238,0.5297,0.0,9,243.9,0,1.0,0.1719,0.1758,48.2
68,S_C,0.4082,0.4082,0.4082,0.3488,0.4457,0.0,23,243.9,155,1.0,0.0845,0.0835,53.3
68,S_D,0.4775,0.4775,0.4775,0.4368,0.5672,0.0,0,243.9,0,1.0,0.1284,0.1325,50.7
68,S_E,0.1507,0.1507,0.1507,0.1125,0.1659,0.0,23,243.9,65,1.0,0.0155,0.0152,57.3
69,S_A,0.1661,0.166,0.1661,0.1377,0.1637,0.0,23,242.7,125,1.0,0.027,0.0255,48.2
69,S_B0,0.6521,0.6521,0.6521,0.4285,0.4861,0.0,0,242.7,65,1.0,0.198,0.1981,39.7
69,S_B45,0.6522,0.6522,0.6522,0.4285,0.4862,-0.0,9,242.7,65,1.0,0.198,0.1981,39.7
69,S_C,0.4741,0.4739,0.4741,0.3138,0.358,0.0,23,242.7,40,1.0,0.0946,0.0949,44.8
69,S_D,0.5461,0.5461,0.5461,0.4054,0.4689,-0.0,0,242.7,170,1.0,0.1485,0.1503,42.2
69,S_E,0.116,0.116,0.116,0.0982,0.1188,0.0,23,242.7,125,1.0,0.0182,0.0171,48.6
70,S_A,0.3637,0.3637,0.3637,0.3019,0.239,0.0,18,267.8,30,1.0,0.0381,0.0406,29.7
70,S_B0,1.2276,1.2276,1.2276,0.7328,0.5886,0.0,0,267.8,25,1.0,0.2836,0.2866,22.1
70,S_B45,1.2272,1.2272,1.2272,0.7327,0.5885,0.0,9,267.8,115,1.0,0.2836,0.2866,22.1
70,S_C,0.8036,0.8035,0.8036,0.5309,0.4317,0.0,18,267.8,115,1.0,0.1437,0.1442,26.5
70,S_D,1.0272,1.0272,1.0272,0.7697,0.6065,0.0,0,267.8,95,1.0,0.2218,0.2217,24.1
70,S_E,0.2527,0.2527,0.2527,0.2149,0.169,0.0,18,267.8,30,1.0,0.0256,0.0275,30.1
71,S_A,0.767,0.767,0.767,0.7025,1.0036,0.0,27,43.1,160,1.0,0.0328,0.017,48.9
71,S_B0,4.6059,4.6059,4.6059,3.9745,4.6663,0.0,0,43.1,25,1.0,0.1449,0.1593,43.3
71,S_B45,4.6053,4.6053,4.6053,3.974,4.6657,-0.0,9,43.1,115,1.0,0.1449,0.1593,43.3
71,S_C,2.2055,2.2057,2.2055,1.9489,2.5317,0.0,27,43.1,70,1.0,0.0926,0.0701,45.9
71,S_D,3.8097,3.8097,3.8097,3.3731,4.1613,0.0,0,43.1,30,1.0,0.105,0.1168,45.3
71,S_E,0.5051,0.5051,0.5051,0.4656,0.6742,0.0,27,43.1,160,1.0,0.0218,0.0112,49.5
72,S_A,0.6143,0.6143,0.6143,0.4876,0.3818,-0.0,17,93.6,75,1.0,0.0379,0.0402,38.5
72,S_B0,2.9381,2.9381,2.9381,1.8485,1.4663,0.0,0,93.6,160,1.0,0.2936,0.2886,28.3
72,S_B45,2.9377,2.9376,2.9377,1.8483,1.4661,0.0,9,93.6,160,1.0,0.2936,0.2886,28.3
72,S_C,1.6805,1.6807,1.6805,1.1874,0.9412,0.0,17,93.6,165,1.0,0.1407,0.1444,34.4
72,S_D,2.2419,2.2419,2.2419,1.5088,1.2027,0.0,0,93.6,160,1.0,0.2258,0.2228,31.0
72,S_E,0.4192,0.4191,0.4192,0.3424,0.2679,-0.0,17,93.6,75,1.0,0.0258,0.0272,39.0
73,S_A,0.1242,0.1241,0.1242,0.1298,0.1696,0.0,25,233.6,115,1.0,0.0261,0.025,53.4
73,S_B0,0.4526,0.4526,0.4526,0.3465,0.4109,0.0,0,233.6,0,0.8,0.1871,0.1908,44.6
73,S_B45,0.4522,0.4522,0.4522,0.3465,0.4108,-0.0,9,233.6,0,0.8,0.1871,0.1908,44.6
73,S_C,0.2843,0.2844,0.2843,0.2438,0.2907,0.0,25,233.6,145,0.8,0.0922,0.0917,49.8
73,S_D,0.4344,0.4344,0.4344,0.3192,0.3939,0.0,0,233.6,0,0.8,0.1408,0.1445,47.1
73,S_E,0.0884,0.0884,0.0884,0.0927,0.1251,-0.0,25,233.6,115,1.0,0.0177,0.0169,53.9
74,S_A,0.3439,0.3439,0.3439,0.258,0.2515,0.0,32,21.2,140,1.0,0.0339,0.0285,40.9
74,S_B0,2.5455,2.5455,2.5455,1.6629,1.5533,0.0,0,21.2,45,1.0,0.2302,0.2273,32.6
74,S_B45,2.5449,2.545,2.5449,1.6625,1.553,-0.0,9,21.2,135,1.0,0.2302,0.2273,32.6
74,S_C,1.324,1.3242,1.324,0.9751,0.9378,0.0,32,21.2,155,1.0,0.1119,0.1081,37.6
74,S_D,2.2107,2.2107,2.2107,1.5297,1.4509,-0.0,0,21.2,45,1.0,0.1779,0.1722,34.8
74,S_E,0.2346,0.2346,0.2346,0.1855,0.183,0.0,32,21.2,140,1.0,0.0229,0.0191,41.3
75,S_A,0.2167,0.2167,0.2167,0.2141,0.2205,0.0,22,250.3,70,1.0,0.0307,0.0301,43.3
75,S_B0,0.7971,0.7971,0.7971,0.7556,0.7507,-0.0,0,250.3,0,1.0,0.221,0.2272,34.8
75,S_B45,0.7967,0.7967,0.7967,0.7554,0.7504,0.0,9,250.3,0,1.0,0.221,0.2272,34.8
75,S_C,0.5627,0.5627,0.5627,0.5177,0.5216,0.0,22,250.3,160,1.0,0.1088,0.1105,39.8
75,S_D,0.7918,0.7918,0.7918,0.7132,0.7149,0.0,0,250.3,0,1.0,0.1668,0.1734,37.2
75,S_E,0.1584,0.1584,0.1584,0.1565,0.1625,0.0,22,250.3,70,1.0,0.0207,0.0203,43.7
76,S_A,0.1846,0.1846,0.1846,0.1504,0.1233,0.0,7,144.5,45,0.8,0.0402,0.0393,30.9
76,S_B0,0.8943,0.8943,0.8943,0.544,0.4522,0.0,0,144.5,170,1.0,0.2739,0.2786,23.4
76,S_B45,0.8942,0.8942,0.8942,0.544,0.4522,0.0,9,144.5,80,1.0,0.2739,0.2786,23.4
76,S_C,0.5387,0.5388,0.5387,0.3505,0.2911,0.0,7,144.5,135,1.0,0.1459,0.1399,27.5
76,S_D,0.7626,0.7626,0.7626,0.4309,0.3604,0.0,0,144.5,80,1.0,0.2117,0.2153,25.4
76,S_E,0.1287,0.1287,0.1287,0.1085,0.0883,-0.0,7,144.5,40,0.8,0.0272,0.0267,31.3
77,S_A,0.4702,0.4702,0.4702,0.2695,0.1992,0.0,19,84.5,15,1.0,0.0503,0.0451,30.3
77,S_B0,1.9726,1.9726,1.9726,0.9513,0.7139,0.0,0,84.5,115,1.0,0.3134,0.3103,21.9
77,S_B45,1.9726,1.9727,1.9726,0.9512,0.7138,-0.0,9,84.5,115,1.0,0.3134,0.3103,21.9
77,S_C,1.1961,1.1964,1.1961,0.6365,0.4875,0.0,19,84.5,20,1.0,0.1585,0.1585,26.8
77,S_D,1.9611,1.9611,1.9611,0.9994,0.7467,0.0,0,84.5,25,1.0,0.2413,0.2415,24.2
77,S_E,0.3038,0.3038,0.3038,0.2089,0.15,0.0,19,84.5,15,1.0,0.0347,0.0307,30.8
78,S_A,0.3268,0.3268,0.3268,0.2379,0.1981,-0.0,12,301.3,0,1.0,0.0349,0.038,33.0
78,S_B0,1.3947,1.3947,1.3947,0.9724,0.8124,0.0,0,301.3,45,1.0,0.2785,0.2745,24.7
78,S_B45,1.3943,1.3943,1.3943,0.9721,0.8121,-0.0,9,301.3,45,1.0,0.2785,0.2745,24.7
78,S_C,0.8754,0.8753,0.8754,0.6508,0.5428,0.0,12,301.3,75,1.0,0.1339,0.1367,29.6
78,S_D,1.3298,1.3298,1.3298,0.9524,0.7934,-0.0,0,301.3,45,1.0,0.217,0.2115,26.8
78,S_E,0.2312,0.2312,0.2312,0.172,0.1431,0.0,12,301.3,0,1.0,0.0235,0.0257,33.4
79,S_A,0.3191,0.3191,0.3191,0.2404,0.2081,-0.0,27,223.9,70,1.0,0.0351,0.0366,33.3
79,S_B0,1.6379,1.6379,1.6379,0.8286,0.7074,0.0,0,223.9,20,1.0,0.2685,0.2662,25.2
79,S_B45,1.6375,1.6374,1.6375,0.8282,0.7071,-0.0,9,223.9,20,1.0,0.2685,0.2662,25.2
79,S_C,0.8913,0.8912,0.8913,0.5569,0.4806,-0.0,27,223.9,155,1.0,0.128,0.132,30.1
79,S_D,1.2946,1.2946,1.2946,0.7504,0.6448,0.0,0,223.9,20,1.0,0.208,0.2047,27.3
79,S_E,0.2194,0.2193,0.2194,0.1669,0.1447,-0.0,27,223.9,70,1.0,0.0238,0.0248,33.7
80,S_A,0.1653,0.1652,0.1653,0.1511,0.2058,0.0,25,235.2,60,1.0,0.0239,0.0237,53.3
80,S_B0,0.4468,0.4468,0.4468,0.353,0.4341,0.0,0,235.2,0,0.6,0.1771,0.1807,44.9
80,S_B45,0.4466,0.4466,0.4466,0.3529,0.434,-0.0,9,235.2,0,0.6,0.1771,0.1807,44.9
80,S_C,0.4023,0.4022,0.4023,0.3197,0.4021,0.0,25,235.2,145,1.0,0.0884,0.0867,49.8
80,S_D,0.4596,0.4596,0.4596,0.3697,0.472,0.0,0,235.2,0,0.8,0.1328,0.1368,47.4
80,S_E,0.115,0.115,0.115,0.1084,0.1528,0.0,25,235.2,55,1.0,0.0161,0.016,53.7
81,S_A,0.7171,0.7171,0.7171,0.6517,0.8909,-0.0,30,31.1,35,1.0,0.0372,0.0176,54.7
81,S_B0,4.1615,4.1615,4.1615,3.5422,3.888,-0.0,0,31.1,0,1.0,0.1326,0.1672,49.3
81,S_B45,4.1611,4.1611,4.1611,3.5419,3.8877,0.0,9,31.1,0,1.0,0.1326,0.1672,49.3
81,S_C,1.9752,1.9754,1.9752,1.7808,2.1642,0.0,30,31.1,120,1.0,0.1014,0.0733,51.0
81,S_D,3.3924,3.3924,3.3924,3.1169,3.6235,-0.0,0,31.1,35,1.0,0.0968,0.1225,51.3
81,S_E,0.4693,0.4693,0.4693,0.4292,0.5978,-0.0,30,31.1,35,1.0,0.0247,0.0116,55.4
82,S_A,0.235,0.235,0.235,0.1782,0.1605,0.0,19,86.2,175,1.0,0.0306,0.0313,38.0
82,S_B0,0.4781,0.4781,0.4781,0.4909,0.4374,0.0,0,86.2,90,0.8,0.2405,0.2441,29.8
82,S_B45,0.4782,0.4782,0.4782,0.4909,0.4375,-0.0,9,86.2,90,0.8,0.2405,0.2441,29.8
82,S_C,0.5051,0.5052,0.5051,0.4227,0.3769,-0.0,19,86.2,85,1.0,0.1198,0.1176,34.5
82,S_D,0.6985,0.6985,0.6985,0.6187,0.5516,0.0,0,86.2,90,1.0,0.1846,0.1859,32.0
82,S_E,0.1721,0.1721,0.1721,0.1301,0.1179,0.0,19,86.2,175,1.0,0.0205,0.021,38.4
83,S_A,0.1614,0.1614,0.1614,0.1753,0.1973,0.0,26,227.9,140,0.8,0.0318,0.0301,43.7
83,S_B0,0.8298,0.8298,0.8298,0.8295,0.8987,-0.0,0,227.9,5,1.0,0.2115,0.2176,35.6
83,S_B45,0.8295,0.8294,0.8295,0.8293,0.8985,0.0,9,227.9,5,1.0,0.2115,0.2176,35.6
83,S_C,0.5422,0.5421,0.5422,0.5559,0.612,0.0,26,227.9,140,1.0,0.1081,0.1073,40.3
83,S_D,0.861,0.861,0.861,0.835,0.9205,-0.0,0,227.9,5,1.0,0.1596,0.1665,37.9
83,S_E,0.1198,0.1199,0.1198,0.1296,0.148,0.0,26,227.9,50,0.8,0.0217,0.0205,44.2
84,S_A,0.1412,0.1412,0.1412,0.1331,0.138,0.0,25,237.1,145,0.8,0.0334,0.0322,44.4
84,S_B0,0.5759,0.5759,0.5759,0.5458,0.5599,-0.0,0,237.1,160,0.8,0.2292,0.2309,35.4
84,S_B45,0.5759,0.576,0.5759,0.5457,0.5598,0.0,9,237.1,160,0.8,0.2292,0.2309,35.4
84,S_C,0.3819,0.3819,0.3819,0.3707,0.3836,0.0,25,237.1,140,1.0,0.1166,0.1144,40.6
84,S_D,0.5858,0.5858,0.5858,0.594,0.6182,0.0,0,237.1,160,0.8,0.1744,0.1771,37.9
84,S_E,0.1001,0.1001,0.1001,0.1013,0.1069,0.0,25,237.1,145,0.8,0.0227,0.0219,44.9
85,S_A,0.615,0.615,0.615,0.4479,0.4171,-0.0,33,15.8,135,1.0,0.0422,0.0304,38.3
85,S_B0,3.4929,3.4929,3.4929,2.1668,1.9123,0.0,0,15.8,45,1.0,0.2439,0.2406,30.2
85,S_B45,3.4924,3.4925,3.4924,2.1665,1.912,-0.0,9,15.8,135,1.0,0.2439,0.2406,30.2
85,S_C,1.8497,1.8501,1.8497,1.3116,1.184,0.0,33,15.8,150,1.0,0.127,0.115,34.9
85,S_D,3.1315,3.1315,3.1315,2.0894,1.8654,0.0,0,15.8,45,1.0,0.1885,0.1826,32.4
85,S_E,0.417,0.417,0.417,0.3075,0.2892,-0.0,33,15.8,135,1.0,0.0287,0.0204,38.8
86,S_A,1.4901,1.4903,1.4901,0.853,0.5321,0.0,19,86.8,155,1.0,0.0801,0.0519,21.9
86,S_B0,5.2511,5.2511,5.2511,2.7413,1.8913,0.0,0,86.8,75,1.0,0.366,0.3437,15.1
86,S_B45,5.2508,5.2508,5.2508,2.741,1.8909,-0.0,9,86.8,75,1.0,0.366,0.3437,15.1
86,S_C,3.0869,3.0872,3.0869,1.6819,1.1248,-0.0,19,86.8,70,1.0,0.2101,0.1788,18.8
86,S_D,5.2757,5.2757,5.2757,2.8624,1.9277,-0.0,0,86.8,165,1.0,0.2779,0.2694,17.2
86,S_E,1.0167,1.0168,1.0167,0.5934,0.3651,-0.0,19,86.8,155,1.0,0.0564,0.0354,22.4
87,S_A,0.2102,0.2102,0.2102,0.188,0.2397,-0.0,25,234.7,55,1.0,0.0277,0.026,52.1
87,S_B0,0.686,0.686,0.686,0.5978,0.6955,0.0,0,234.7,0,1.0,0.1904,0.196,43.4
87,S_B45,0.6854,0.6854,0.6854,0.5977,0.6953,0.0,9,234.7,0,1.0,0.1905,0.196,43.4
87,S_C,0.5119,0.5118,0.5119,0.4147,0.4908,-0.0,25,234.7,145,1.0,0.0952,0.0946,48.5
87,S_D,0.7007,0.7007,0.7007,0.5713,0.675,0.0,0,234.7,0,1.0,0.1427,0.1487,46.0
87,S_E,0.1492,0.1492,0.1492,0.136,0.1779,0.0,25,234.7,55,1.0,0.0188,0.0176,52.6
88,S_A,0.301,0.3009,0.301,0.1786,0.1376,0.0,20,78.2,170,1.0,0.0365,0.0379,30.3
88,S_B0,0.7109,0.7109,0.7109,0.3761,0.3051,-0.0,0,78.2,95,1.0,0.2749,0.28,22.8
88,S_B45,0.7108,0.7108,0.7108,0.376,0.3051,0.0,9,78.2,95,1.0,0.2749,0.28,22.8
88,S_C,0.6615,0.6615,0.6615,0.3356,0.2714,0.0,20,78.2,80,1.0,0.1383,0.1386,27.1
88,S_D,0.8464,0.8464,0.8464,0.4545,0.3694,-0.0,0,78.2,90,1.0,0.2123,0.2155,24.7
88,S_E,0.2131,0.2131,0.2131,0.1303,0.0997,-0.0,20,78.2,170,1.0,0.0246,0.0256,30.6
89,S_A,0.1991,0.1991,0.1991,0.1471,0.1291,-0.0,20,78.6,170,1.0,0.0316,0.0323,38.0
89,S_B0,0.9928,0.9928,0.9928,0.4878,0.4237,0.0,0,78.6,45,1.0,0.2524,0.2492,29.3
89,S_B45,0.9924,0.9925,0.9924,0.4877,0.4236,-0.0,9,78.6,135,1.0,0.2524,0.2492,29.3
89,S_C,0.5989,0.5987,0.5989,0.3294,0.2894,0.0,20,78.6,125,1.0,0.1275,0.1206,34.2
89,S_D,0.8151,0.8151,0.8151,0.4308,0.3757,0.0,0,78.6,45,1.0,0.1947,0.1901,31.6
89,S_E,0.1486,0.1486,0.1486,0.1117,0.0982,0.0,20,78.6,170,1.0,0.0211,0.0217,38.4
90,S_A,0.9513,0.9513,0.9513,0.6133,0.4285,-0.0,24,59.9,150,1.0,0.0618,0.0375,31.3
90,S_B0,4.6398,4.6398,4.6398,2.7171,1.9889,0.0,0,59.9,5,1.0,0.2581,0.2871,24.7
90,S_B45,4.6396,4.6396,4.6396,2.7168,1.9887,-0.0,9,59.9,95,1.0,0.2581,0.2871,24.7
90,S_C,2.4587,2.459,2.4587,1.6352,1.1815,0.0,24,59.9,155,1.0,0.1709,0.1407,27.7
90,S_D,4.363,4.363,4.363,2.7709,1.9895,0.0,0,59.9,5,1.0,0.1911,0.2202,27.0
90,S_E,0.6363,0.6364,0.6363,0.4128,0.2881,-0.0,24,59.9,150,1.0,0.0422,0.0253,31.9
91,S_A,0.7462,0.7462,0.7462,0.4454,0.3153,-0.0,22,70.3,15,1.0,0.0362,0.0371,31.0
91,S_B0,3.1188,3.1188,3.1188,1.8881,1.4327,-0.0,0,70.3,130,1.0,0.2853,0.282,23.0
91,S_B45,3.1183,3.1184,3.1183,1.8878,1.4325,0.0,9,70.3,130,1.0,0.2853,0.282,23.0
91,S_C,1.7584,1.7586,1.7584,1.1611,0.8668,0.0,22,70.3,20,1.0,0.1319,0.1384,27.9
91,S_D,2.8044,2.8044,2.8044,1.7651,1.3202,-0.0,0,70.3,40,1.0,0.218,0.2164,25.1
91,S_E,0.4947,0.4947,0.4947,0.2972,0.2098,0.0,22,70.3,15,1.0,0.0245,0.025,31.4
92,S_A,0.1849,0.1848,0.1849,0.1258,0.1163,0.0,20,80.5,170,1.0,0.0302,0.0307,39.9
92,S_B0,0.9296,0.9296,0.9296,0.4545,0.4056,0.0,0,80.5,45,1.0,0.2449,0.2405,31.1
92,S_B45,0.9291,0.9293,0.9291,0.4544,0.4055,0.0,9,80.5,135,1.0,0.2449,0.2405,31.1
92,S_C,0.5341,0.5339,0.5341,0.3207,0.2904,0.0,20,80.5,125,1.0,0.1223,0.1155,36.1
92,S_D,0.7981,0.7981,0.7981,0.5362,0.4836,-0.0,0,80.5,65,1.0,0.1886,0.1828,33.4
92,S_E,0.1408,0.1408,0.1408,0.0897,0.082,-0.0,20,80.5,170,1.0,0.0202,0.0206,40.3
93,S_A,0.2205,0.2206,0.2205,0.2206,0.2824,-0.0,25,233.5,120,0.8,0.0264,0.0266,51.9
93,S_B0,0.9623,0.9623,0.9623,0.8495,0.9729,0.0,0,233.5,75,1.0,0.2015,0.2007,42.6
93,S_B45,0.962,0.9621,0.962,0.8493,0.9727,0.0,9,233.5,75,1.0,0.2015,0.2007,42.6
93,S_C,0.5412,0.5409,0.5412,0.4925,0.5943,0.0,25,233.5,40,1.0,0.0959,0.097,48.2
93,S_D,0.8371,0.8371,0.8371,0.7968,0.939,0.0,0,233.5,165,1.0,0.1518,0.1524,45.2
93,S_E,0.1486,0.1486,0.1486,0.151,0.197,-0.0,25,233.5,120,0.8,0.0179,0.018,52.4
94,S_A,0.3128,0.3128,0.3128,0.2142,0.1784,0.0,8,139.7,0,1.0,0.0352,0.0382,31.6
94,S_B0,1.3498,1.3498,1.3498,0.8816,0.7328,0.0,0,139.7,30,1.0,0.2851,0.275,23.4
94,S_B45,1.3497,1.3497,1.3497,0.8815,0.7327,0.0,9,139.7,120,1.0,0.2851,0.275,23.4
94,S_C,0.7963,0.7961,0.7963,0.5537,0.4636,0.0,8,139.7,170,1.0,0.1332,0.1371,28.4
94,S_D,1.0872,1.0872,1.0872,0.7427,0.6173,0.0,0,139.7,120,1.0,0.2243,0.2119,25.4
94,S_E,0.2123,0.2122,0.2123,0.1564,0.13,0.0,8,139.7,0,1.0,0.0238,0.0259,32.0
95,S_A,0.0994,0.0994,0.0994,0.113,0.1461,0.0,23,242.6,65,1.0,0.0229,0.023,53.7
95,S_B0,0.4604,0.4604,0.4604,0.4229,0.494,0.0,0,242.6,45,1.0,0.1898,0.1868,44.5
95,S_B45,0.4604,0.4603,0.4604,0.4229,0.4939,0.0,9,242.6,45,1.0,0.1898,0.1868,44.5
95,S_C,0.2773,0.2772,0.2773,0.2716,0.3279,0.0,23,242.6,20,0.8,0.0856,0.0876,50.2
95,S_D,0.4412,0.4412,0.4412,0.464,0.5589,0.0,0,242.6,145,1.0,0.1406,0.1405,47.2
95,S_E,0.0755,0.0755,0.0755,0.08,0.1047,0.0,23,242.6,65,1.0,0.0153,0.0154,54.1
96,S_A,0.2511,0.251,0.2511,0.2172,0.2284,-0.0,25,234.7,55,1.0,0.0353,0.0323,45.5
96,S_B0,0.6868,0.6868,0.6868,0.7177,0.7283,-0.0,0,234.7,175,0.8,0.2277,0.2323,36.4
96,S_B45,0.6867,0.6866,0.6867,0.7175,0.7281,0.0,9,234.7,175,0.8,0.2277,0.2323,36.4
96,S_C,0.4976,0.4976,0.4976,0.4908,0.5033,0.0,25,234.7,145,0.8,0.1166,0.1149,41.7
96,S_D,0.6897,0.6897,0.6897,0.7197,0.7383,0.0,0,234.7,175,0.8,0.1726,0.178,39.0
96,S_E,0.1833,0.1833,0.1833,0.1598,0.1703,-0.0,25,234.7,55,1.0,0.0241,0.0219,46.0
97,S_A,0.6681,0.6681,0.6681,0.43,0.3042,0.0,21,72.8,20,1.0,0.0438,0.037,31.4
97,S_B0,3.2084,3.2084,3.2084,1.9078,1.4396,0.0,0,72.8,130,1.0,0.2867,0.2818,23.4
97,S_B45,3.208,3.2081,3.208,1.9075,1.4394,0.0,9,72.8,130,1.0,0.2867,0.2818,23.4
97,S_C,1.756,1.7562,1.756,1.159,0.8635,-0.0,21,72.8,25,1.0,0.1413,0.1382,28.2
97,S_D,2.9114,2.9114,2.9114,1.807,1.3428,-0.0,0,72.8,40,1.0,0.2178,0.2162,25.7
97,S_E,0.4354,0.4354,0.4354,0.2849,0.2013,-0.0,21,72.8,20,1.0,0.0297,0.0249,31.9
98,S_A,0.3004,0.3003,0.3004,0.1523,0.1031,0.0,22,67.6,160,1.0,0.0415,0.0431,24.5
98,S_B0,0.9195,0.9195,0.9195,0.4461,0.3317,-0.0,0,67.6,25,1.0,0.3025,0.3067,17.8
98,S_B45,0.9194,0.9195,0.9194,0.4462,0.3317,0.0,9,67.6,115,1.0,0.3025,0.3067,17.8
98,S_C,0.5873,0.5873,0.5873,0.2997,0.2169,-0.0,22,67.6,70,1.0,0.1515,0.1547,21.7
98,S_D,0.7433,0.7433,0.7433,0.3779,0.2783,0.0,0,67.6,90,1.0,0.2351,0.2377,19.5
98,S_E,0.2199,0.2199,0.2199,0.1089,0.0747,-0.0,22,67.6,160,1.0,0.0281,0.0292,24.8
99,S_A,0.1182,0.1182,0.1182,0.1077,0.0992,0.0,25,234.2,45,0.6,0.0334,0.0326,42.3
99,S_B0,0.2317,0.2317,0.2317,0.2241,0.2064,0.0,0,234.2,15,0.8,0.2451,0.2436,33.0
99,S_B45,0.2317,0.2316,0.2317,0.2241,0.2064,-0.0,9,234.2,15,0.8,0.2451,0.2436,33.0
99,S_C,0.2697,0.2695,0.2697,0.2398,0.2222,-0.0,25,234.2,160,0.8,0.118,0.1191,38.6
99,S_D,0.3989,0.3989,0.3989,0.3575,0.3332,0.0,0,234.2,15,0.8,0.1847,0.1863,35.7
99,S_E,0.0907,0.0907,0.0907,0.0879,0.082,0.0,25,234.2,45,1.0,0.0226,0.022,42.8
100,S_A,0.1569,0.1569,0.1569,0.1624,0.16,0.0,26,232.4,115,1.0,0.0359,0.0351,42.1
100,S_B0,0.5066,0.5066,0.5066,0.3123,0.3027,-0.0,0,232.4,65,1.0,0.2455,0.2466,32.9
100,S_B45,0.5066,0.5066,0.5066,0.3124,0.3028,-0.0,9,232.4,65,1.0,0.2455,0.2466,32.9
100,S_C,0.4232,0.4228,0.4232,0.2671,0.2604,0.0,26,232.4,25,1.0,0.1242,0.1235,38.2
100,S_D,0.4933,0.4933,0.4933,0.3589,0.3505,0.0,0,232.4,65,0.8,0.1877,0.1899,35.5
100,S_E,0.1122,0.1122,0.1122,0.1226,0.1214,-0.0,26,232.4,50,1.0,0.0244,0.0239,42.6
101,S_A,0.7171,0.7171,0.7171,0.6517,0.8909,-0.0,30,31.1,35,1.0,0.0372,0.0176,54.7
101,S_B0,4.1615,4.1615,4.1615,3.5422,3.888,-0.0,0,31.1,0,1.0,0.1326,0.1672,49.3
101,S_B45,4.1611,4.1611,4.1611,3.5419,3.8877,0.0,9,31.1,0,1.0,0.1326,0.1672,49.3
101,S_C,1.9752,1.9754,1.9752,1.7808,2.1642,0.0,30,31.1,120,1.0,0.1014,0.0733,51.0
101,S_D,3.3924,3.3924,3.3924,3.1169,3.6235,-0.0,0,31.1,35,1.0,0.0968,0.1225,51.3
101,S_E,0.4693,0.4693,0.4693,0.4292,0.5978,-0.0,30,31.1,35,1.0,0.0247,0.0116,55.4
102,S_A,0.2376,0.2375,0.2376,0.2251,0.2181,0.0,25,235.9,55,1.0,0.0394,0.0356,41.8
102,S_B0,0.8989,0.8989,0.8989,0.741,0.7079,-0.0,0,235.9,165,0.8,0.2457,0.2501,32.8
102,S_B45,0.8989,0.8989,0.8989,0.7408,0.7077,0.0,9,235.9,75,0.8,0.2457,0.2501,32.8
102,S_C,0.5066,0.5063,0.5066,0.5012,0.4831,0.0,25,235.9,40,0.8,0.1284,0.1252,38.0
102,S_D,0.7054,0.7054,0.7054,0.7258,0.6972,-0.0,0,235.9,165,0.8,0.187,0.1927,35.4
102,S_E,0.1778,0.1778,0.1778,0.1666,0.1623,0.0,25,235.9,55,1.0,0.027,0.0242,42.4
103,S_A,0.615,0.615,0.615,0.4479,0.4171,-0.0,33,15.8,135,1.0,0.0422,0.0304,38.3
103,S_B0,3.4929,3.4929,3.4929,2.1668,1.9123,0.0,0,15.8,45,1.0,0.2439,0.2406,30.2
103,S_B45,3.4924,3.4925,3.4924,2.1665,1.912,-0.0,9,15.8,135,1.0,0.2439,0.2406,30.2
103,S_C,1.8497,1.8501,1.8497,1.3116,1.184,0.0,33,15.8,150,1.0,0.127,0.115,34.9
103,S_D,3.1315,3.1315,3.1315,2.0894,1.8654,0.0,0,15.8,45,1.0,0.1885,0.1826,32.4
103,S_E,0.417,0.417,0.417,0.3075,0.2892,-0.0,33,15.8,135,1.0,0.0287,0.0204,38.8
104,S_A,0.2348,0.2347,0.2348,0.1874,0.1628,0.0,19,83.0,175,1.0,0.0315,0.0327,38.0
104,S_B0,0.6532,0.6532,0.6532,0.5005,0.4259,0.0,0,83.0,65,0.8,0.2495,0.252,29.4
104,S_B45,0.6526,0.6527,0.6526,0.5004,0.4258,0.0,9,83.0,155,0.8,0.2495,0.252,29.4
104,S_C,0.4755,0.4755,0.4755,0.3972,0.3455,-0.0,19,83.0,85,1.0,0.1241,0.1221,34.3
104,S_D,0.7478,0.7478,0.7478,0.6049,0.5249,0.0,0,83.0,85,1.0,0.1928,0.1923,31.6
104,S_E,0.1737,0.1737,0.1737,0.1383,0.1204,0.0,19,83.0,175,1.0,0.0211,0.022,38.4
105,S_A,0.8182,0.8182,0.8182,0.5636,0.432,0.0,33,13.2,135,1.0,0.0541,0.0375,31.3
105,S_B0,4.3903,4.3903,4.3903,2.6892,2.0974,-0.0,0,13.2,45,1.0,0.2843,0.2808,23.7
105,S_B45,4.39,4.3899,4.39,2.6888,2.0971,0.0,9,13.2,135,1.0,0.2843,0.2808,23.7
105,S_C,2.4568,2.4571,2.4568,1.6708,1.2975,0.0,33,13.2,150,1.0,0.1562,0.1382,27.9
105,S_D,4.0347,4.0347,4.0347,2.677,2.0698,-0.0,0,13.2,45,1.0,0.2221,0.2156,25.7
105,S_E,0.5614,0.5614,0.5614,0.389,0.298,0.0,33,13.2,135,1.0,0.0371,0.0253,31.9
106,S_A,0.2161,0.2161,0.2161,0.1512,0.1374,0.0,3,163.3,15,1.0,0.0356,0.0348,35.4
106,S_B0,0.8659,0.8659,0.8659,0.6081,0.5421,0.0,0,163.3,25,1.0,0.2625,0.2552,27.1
106,S_B45,0.8658,0.8657,0.8658,0.608,0.542,0.0,9,163.3,25,1.0,0.2625,0.2552,27.1
106,S_C,0.4333,0.4333,0.4333,0.3541,0.3191,0.0,3,163.3,105,1.0,0.1247,0.126,32.1
106,S_D,0.7383,0.7383,0.7383,0.5157,0.4623,-0.0,0,163.3,60,1.0,0.2031,0.1959,29.2
106,S_E,0.1445,0.1445,0.1445,0.1035,0.0944,0.0,3,163.3,15,1.0,0.0242,0.0235,35.8
107,S_A,1.4901,1.4903,1.4901,0.853,0.5321,0.0,19,86.8,155,1.0,0.0801,0.0519,21.9
107,S_B0,5.2511,5.2511,5.2511,2.7413,1.8913,0.0,0,86.8,75,1.0,0.366,0.3437,15.1
107,S_B45,5.2508,5.2508,5.2508,2.741,1.8909,-0.0,9,86.8,75,1.0,0.366,0.3437,15.1
107,S_C,3.0869,3.0872,3.0869,1.6819,1.1248,-0.0,19,86.8,70,1.0,0.2101,0.1788,18.8
107,S_D,5.2757,5.2757,5.2757,2.8624,1.9277,-0.0,0,86.8,165,1.0,0.2779,0.2694,17.2
107,S_E,1.0167,1.0168,1.0167,0.5934,0.3651,-0.0,19,86.8,155,1.0,0.0564,0.0354,22.4
108,S_A,0.3128,0.3128,0.3128,0.2142,0.1784,0.0,8,139.7,0,1.0,0.0352,0.0382,31.6
108,S_B0,1.3498,1.3498,1.3498,0.8816,0.7328,0.0,0,139.7,30,1.0,0.2851,0.275,23.4
108,S_B45,1.3497,1.3497,1.3497,0.8815,0.7327,0.0,9,139.7,120,1.0,0.2851,0.275,23.4
108,S_C,0.7963,0.7961,0.7963,0.5537,0.4636,0.0,8,139.7,170,1.0,0.1332,0.1371,28.4
108,S_D,1.0872,1.0872,1.0872,0.7427,0.6173,0.0,0,139.7,120,1.0,0.2243,0.2119,25.4
108,S_E,0.2123,0.2122,0.2123,0.1564,0.13,0.0,8,139.7,0,1.0,0.0238,0.0259,32.0
109,S_A,0.2352,0.2351,0.2352,0.1832,0.1526,0.0,20,77.5,170,0.8,0.0341,0.0346,35.2
109,S_B0,0.6393,0.6393,0.6393,0.4285,0.3681,0.0,0,77.5,75,0.8,0.2594,0.2618,27.0
109,S_B45,0.6391,0.6391,0.6391,0.4284,0.3681,-0.0,9,77.5,75,0.8,0.2594,0.2618,27.0
109,S_C,0.4492,0.4492,0.4492,0.3918,0.3318,0.0,20,77.5,80,0.8,0.1358,0.128,31.5
109,S_D,0.7398,0.7398,0.7398,0.5806,0.4896,-0.0,0,77.5,75,0.8,0.2005,0.2005,29.1
109,S_E,0.1732,0.1732,0.1732,0.1353,0.1124,-0.0,20,77.5,170,0.8,0.0229,0.0233,35.6
110,S_A,0.6131,0.6131,0.6131,0.4015,0.3209,-0.0,34,7.9,150,1.0,0.0486,0.036,31.5
110,S_B0,3.5648,3.5648,3.5648,2.1214,1.7047,0.0,0,7.9,50,1.0,0.2823,0.272,23.7
110,S_B45,3.5645,3.5642,3.5645,2.1208,1.7042,0.0,9,7.9,140,1.0,0.2823,0.272,23.7
110,S_C,1.9065,1.9064,1.9065,1.2757,1.0215,0.0,34,7.9,55,1.0,0.1461,0.1333,28.2
110,S_D,3.0792,3.0792,3.0792,1.9055,1.5273,-0.0,0,7.9,50,1.0,0.2221,0.2085,25.7
110,S_E,0.4076,0.4076,0.4076,0.2886,0.2303,-0.0,34,7.9,150,1.0,0.0333,0.0243,32.0
111,S_A,0.9513,0.9513,0.9513,0.6133,0.4285,-0.0,24,59.9,150,1.0,0.0618,0.0375,31.3
111,S_B0,4.6398,4.6398,4.6398,2.7171,1.9889,0.0,0,59.9,5,1.0,0.2581,0.2871,24.7
111,S_B45,4.6396,4.6396,4.6396,2.7168,1.9887,-0.0,9,59.9,95,1.0,0.2581,0.2871,24.7
111,S_C,2.4587,2.459,2.4587,1.6352,1.1815,0.0,24,59.9,155,1.0,0.1709,0.1407,27.7
111,S_D,4.363,4.363,4.363,2.7709,1.9895,0.0,0,59.9,5,1.0,0.1911,0.2202,27.0
111,S_E,0.6363,0.6364,0.6363,0.4128,0.2881,-0.0,24,59.9,150,1.0,0.0422,0.0253,31.9
112,S_A,1.6487,1.649,1.6487,0.9447,0.5898,-0.0,18,90.6,160,1.0,0.0669,0.0511,23.1
112,S_B0,6.2031,6.2031,6.2031,3.0037,2.0795,0.0,0,90.6,75,1.0,0.3675,0.3409,15.7
112,S_B45,6.2027,6.2028,6.2027,3.0035,2.0792,0.0,9,90.6,75,1.0,0.3675,0.3409,15.7
112,S_C,3.6216,3.622,3.6216,1.834,1.2268,-0.0,18,90.6,75,1.0,0.1909,0.1768,20.1
112,S_D,6.0265,6.0265,6.0265,3.1626,2.1225,0.0,0,90.6,165,1.0,0.2792,0.267,17.9
112,S_E,1.1246,1.1247,1.1246,0.647,0.4002,0.0,18,90.6,160,1.0,0.047,0.0349,23.6
113,S_A,0.1455,0.1455,0.1455,0.1595,0.1804,-0.0,25,236.9,115,1.0,0.0325,0.03,47.0
113,S_B0,0.4956,0.4956,0.4956,0.3755,0.4028,0.0,0,236.9,60,1.0,0.2142,0.2168,38.2
113,S_B45,0.4956,0.4956,0.4956,0.3751,0.4025,-0.0,9,236.9,60,1.0,0.2142,0.2168,38.2
113,S_C,0.3477,0.3475,0.3477,0.3152,0.3437,0.0,25,236.9,25,1.0,0.1098,0.107,43.3
113,S_D,0.466,0.466,0.466,0.4366,0.4796,0.0,0,236.9,60,1.0,0.1627,0.1659,40.7
113,S_E,0.1159,0.1159,0.1159,0.1203,0.138,0.0,25,236.9,55,1.0,0.0221,0.0204,47.5
114,S_A,0.2689,0.2689,0.2689,0.2389,0.2271,0.0,15,285.2,45,1.0,0.0331,0.0325,39.7
114,S_B0,1.3085,1.3085,1.3085,0.9049,0.8279,0.0,0,285.2,45,1.0,0.2443,0.2439,31.0
114,S_B45,1.3081,1.3084,1.3081,0.9046,0.8277,-0.0,9,285.2,135,1.0,0.2443,0.2439,31.0
114,S_C,0.692,0.692,0.692,0.5792,0.543,0.0,15,285.2,150,1.0,0.1272,0.119,35.8
114,S_D,1.0429,1.0429,1.0429,0.7576,0.7009,-0.0,0,285.2,45,1.0,0.1892,0.1864,33.3
114,S_E,0.185,0.185,0.185,0.1715,0.1647,-0.0,15,285.2,45,1.0,0.0223,0.0219,40.1
115,S_A,1.5492,1.5494,1.5492,0.912,0.5898,0.0,17,96.4,165,1.0,0.0594,0.0495,25.0
115,S_B0,5.6904,5.6904,5.6904,2.806,1.9911,0.0,0,96.4,70,1.0,0.3795,0.3338,16.5
115,S_B45,5.6901,5.6901,5.6901,2.8056,1.9907,-0.0,9,96.4,70,1.0,0.3795,0.3338,16.5
115,S_C,3.3329,3.3332,3.3329,1.773,1.2235,0.0,17,96.4,75,1.0,0.1781,0.1722,21.9
115,S_D,5.4033,5.4033,5.4033,2.8506,1.9655,0.0,0,96.4,160,1.0,0.2907,0.2608,18.9
115,S_E,1.0489,1.049,1.0489,0.63,0.4039,0.0,17,96.4,165,1.0,0.0415,0.0338,25.5
116,S_A,0.1585,0.1585,0.1585,0.1498,0.1712,-0.0,25,232.6,115,1.0,0.0302,0.029,49.9
116,S_B0,0.3546,0.3546,0.3546,0.2863,0.3101,-0.0,0,232.6,60,0.8,0.2145,0.2149,40.5
116,S_B45,0.3548,0.3547,0.3548,0.2863,0.3102,0.0,9,232.6,60,0.8,0.2145,0.2149,40.5
116,S_C,0.3248,0.3245,0.3248,0.2395,0.2613,0.0,25,232.6,25,0.8,0.1051,0.1049,46.1
116,S_D,0.3781,0.3781,0.3781,0.2909,0.32,0.0,0,232.6,60,0.8,0.1624,0.1638,43.1
116,S_E,0.1064,0.1064,0.1064,0.1062,0.1247,0.0,25,232.6,115,1.0,0.0205,0.0197,50.4
117,S_A,0.1855,0.1855,0.1855,0.165,0.2087,-0.0,19,266.5,85,1.0,0.0236,0.0234,51.9
117,S_B0,0.5387,0.5387,0.5387,0.4605,0.5386,0.0,0,266.5,165,0.8,0.1819,0.186,43.5
117,S_B45,0.5386,0.5386,0.5386,0.4602,0.5383,0.0,9,266.5,165,0.8,0.1819,0.186,43.5
117,S_C,0.3831,0.383,0.3831,0.3619,0.4294,0.0,19,266.5,175,1.0,0.0851,0.0882,48.6
117,S_D,0.5237,0.5237,0.5237,0.483,0.577,-0.0,0,266.5,5,1.0,0.136,0.1405,45.9
117,S_E,0.1355,0.1355,0.1355,0.1209,0.1565,0.0,19,266.5,85,1.0,0.0159,0.0157,52.3
118,S_A,0.2055,0.2054,0.2055,0.1627,0.1335,-0.0,19,86.7,175,1.0,0.0339,0.035,35.1
118,S_B0,0.7581,0.7581,0.7581,0.5048,0.4254,0.0,0,86.7,45,0.8,0.2624,0.2654,26.8
118,S_B45,0.7581,0.758,0.7581,0.5049,0.4254,0.0,9,86.7,135,0.8,0.2624,0.2654,26.8
118,S_C,0.5221,0.5221,0.5221,0.4382,0.3653,0.0,19,86.7,85,0.8,0.1319,0.1298,31.5
118,S_D,0.7706,0.7706,0.7706,0.6787,0.5622,-0.0,0,86.7,85,1.0,0.2035,0.2032,28.9
118,S_E,0.1549,0.1549,0.1549,0.1202,0.0984,0.0,19,86.7,175,1.0,0.0227,0.0236,35.5
119,S_A,0.9711,0.9709,0.9711,0.6914,0.5386,-0.0,33,16.7,135,1.0,0.0541,0.0367,32.5
119,S_B0,3.4538,3.4538,3.4538,2.4803,1.9662,0.0,0,16.7,25,1.0,0.2787,0.2775,24.8
119,S_B45,3.4531,3.4531,3.4531,2.4798,1.9658,-0.0,9,16.7,115,1.0,0.2787,0.2775,24.8
119,S_C,2.1425,2.1428,2.1425,1.5735,1.2368,0.0,33,16.7,130,1.0,0.1546,0.136,29.1
119,S_D,3.4698,3.4698,3.4698,2.2067,1.7157,0.0,0,16.7,45,1.0,0.2171,0.2128,26.9
119,S_E,0.6591,0.6591,0.6591,0.4721,0.3685,0.0,33,16.7,135,1.0,0.037,0.0247,33.1
120,S_A,0.464,0.464,0.464,0.3113,0.2135,0.0,17,96.0,65,1.0,0.0484,0.048,29.9
120,S_B0,2.3086,2.3086,2.3086,1.3111,0.9617,-0.0,0,96.0,160,1.0,0.3326,0.3231,21.0
120,S_B45,2.3084,2.3083,2.3084,1.3111,0.9616,0.0,9,96.0,160,1.0,0.3326,0.3231,21.0
120,S_C,1.3959,1.396,1.3959,0.8703,0.6296,-0.0,17,96.0,165,1.0,0.1658,0.1668,26.2
120,S_D,1.964,1.964,1.964,1.2269,0.8909,0.0,0,96.0,160,1.0,0.2585,0.2526,23.3
120,S_E,0.3265,0.3265,0.3265,0.225,0.1513,-0.0,17,96.0,65,1.0,0.0332,0.0328,30.4
121,S_A,0.1229,0.1229,0.1229,0.1251,0.1563,-0.0,25,236.6,55,1.0,0.0258,0.0257,53.5
121,S_B0,0.2684,0.2684,0.2684,0.2345,0.2708,0.0,0,236.6,0,0.8,0.1924,0.1945,44.4
121,S_B45,0.2682,0.2681,0.2682,0.2343,0.2707,0.0,9,236.6,0,0.8,0.1924,0.1945,44.4
121,S_C,0.2575,0.2576,0.2575,0.2419,0.28,0.0,25,236.6,145,1.0,0.0937,0.0938,49.8
121,S_D,0.3418,0.3418,0.3418,0.3186,0.3846,-0.0,0,236.6,0,1.0,0.1446,0.1475,47.0
121,S_E,0.092,0.092,0.092,0.0918,0.1187,-0.0,25,236.6,55,1.0,0.0175,0.0173,54.0
122,S_A,0.0858,0.0858,0.0858,0.0756,0.0804,0.0,26,231.6,140,0.8,0.0309,0.0303,48.6
122,S_B0,0.2426,0.2426,0.2426,0.1561,0.1574,0.0,0,231.6,65,0.8,0.2205,0.2219,39.1
122,S_B45,0.2428,0.2428,0.2428,0.1559,0.1572,0.0,9,231.6,65,0.8,0.2205,0.2219,39.1
122,S_C,0.2448,0.2445,0.2448,0.1833,0.1898,0.0,26,231.6,25,1.0,0.1073,0.1089,44.8
122,S_D,0.3122,0.3122,0.3122,0.2705,0.2914,0.0,0,231.6,60,1.0,0.1673,0.1695,41.8
122,S_E,0.0627,0.0627,0.0627,0.0555,0.061,0.0,26,231.6,105,0.8,0.021,0.0206,49.1
123,S_A,0.1444,0.1444,0.1444,0.1356,0.161,0.0,25,234.2,55,1.0,0.0276,0.0272,48.1
123,S_B0,0.3355,0.3355,0.3355,0.3411,0.3906,0.0,0,234.2,75,0.8,0.2,0.2017,39.6
123,S_B45,0.3355,0.3357,0.3355,0.341,0.3906,0.0,9,234.2,165,0.8,0.2,0.2017,39.6
123,S_C,0.292,0.2919,0.292,0.2821,0.3251,-0.0,25,234.2,145,1.0,0.0995,0.0981,44.6
123,S_D,0.4207,0.4207,0.4207,0.441,0.5248,0.0,0,234.2,165,1.0,0.1509,0.1535,42.0
123,S_E,0.1098,0.1099,0.1098,0.1014,0.1245,0.0,25,234.2,55,1.0,0.0187,0.0184,48.6
124,S_A,0.7274,0.7275,0.7274,0.6628,0.8608,0.0,29,33.0,40,1.0,0.0367,0.0184,52.6
124,S_B0,4.2152,4.2152,4.2152,3.5741,3.8621,0.0,0,33.0,175,1.0,0.1377,0.1723,47.1
124,S_B45,4.2149,4.2148,4.2149,3.574,3.8621,0.0,9,33.0,175,1.0,0.1377,0.1723,47.1
124,S_C,2.0591,2.0594,2.0591,1.7925,2.1096,0.0,29,33.0,125,1.0,0.1009,0.0761,49.1
124,S_D,3.3253,3.3253,3.3253,2.9672,3.3729,-0.0,0,33.0,85,1.0,0.1005,0.1267,49.1
124,S_E,0.4773,0.4773,0.4773,0.4394,0.5805,0.0,29,33.0,35,1.0,0.0244,0.0122,53.3
125,S_A,0.4955,0.4955,0.4955,0.4734,0.7494,-0.0,28,40.5,145,1.0,0.0294,0.0152,53.6
125,S_B0,3.1446,3.1446,3.1446,2.7969,3.8139,-0.0,0,40.5,170,1.0,0.1241,0.1412,48.4
125,S_B45,3.1443,3.1443,3.1443,2.7965,3.8134,0.0,9,40.5,170,1.0,0.1241,0.1412,48.4
125,S_C,1.3824,1.3826,1.3824,1.3721,2.0042,0.0,28,40.5,30,1.0,0.0831,0.0624,50.7
125,S_D,2.5761,2.5761,2.5761,2.428,3.4534,-0.0,0,40.5,25,1.0,0.0901,0.1037,50.3
125,S_E,0.3241,0.3241,0.3241,0.3133,0.5028,0.0,28,40.5,145,1.0,0.0195,0.0101,54.2
126,S_A,1.4524,1.4526,1.4524,0.8816,0.6407,0.0,19,82.9,160,1.0,0.0594,0.0434,30.8
126,S_B0,6.1888,6.1888,6.1888,3.2739,2.4441,0.0,0,82.9,80,1.0,0.2963,0.3056,23.0
126,S_B45,6.1886,6.1886,6.1886,3.2739,2.4443,0.0,9,82.9,80,1.0,0.2964,0.3056,23.0
126,S_C,3.4544,3.4548,3.4544,1.9019,1.4158,0.0,19,82.9,75,1.0,0.169,0.1543,27.2
126,S_D,5.9091,5.9091,5.9091,3.4751,2.5662,-0.0,0,82.9,170,1.0,0.2185,0.2368,25.6
126,S_E,0.9724,0.9725,0.9724,0.6025,0.4389,-0.0,19,82.9,160,1.0,0.0414,0.0295,31.4
127,S_A,0.0994,0.0994,0.0994,0.113,0.1461,0.0,23,242.6,65,1.0,0.0229,0.023,53.7
127,S_B0,0.4604,0.4604,0.4604,0.4229,0.494,0.0,0,242.6,45,1.0,0.1898,0.1868,44.5
127,S_B45,0.4604,0.4603,0.4604,0.4229,0.4939,0.0,9,242.6,45,1.0,0.1898,0.1868,44.5
127,S_C,0.2773,0.2772,0.2773,0.2716,0.3279,0.0,23,242.6,20,0.8,0.0856,0.0876,50.2
127,S_D,0.4412,0.4412,0.4412,0.464,0.5589,0.0,0,242.6,145,1.0,0.1406,0.1405,47.2
127,S_E,0.0755,0.0755,0.0755,0.08,0.1047,0.0,23,242.6,65,1.0,0.0153,0.0154,54.1
128,S_A,0.1524,0.1522,0.1524,0.1223,0.1303,0.0,25,234.7,55,1.0,0.032,0.0317,46.4
128,S_B0,0.3134,0.3134,0.3134,0.2338,0.2391,0.0,0,234.7,60,0.8,0.2274,0.229,37.0
128,S_B45,0.3136,0.3135,0.3136,0.2337,0.2391,0.0,9,234.7,60,0.8,0.2274,0.229,37.0
128,S_C,0.3341,0.3337,0.3341,0.2459,0.2519,0.0,25,234.7,10,1.0,0.1124,0.1131,42.5
128,S_D,0.3941,0.3941,0.3941,0.3317,0.3454,-0.0,0,234.7,45,1.0,0.1725,0.1754,39.6
128,S_E,0.1153,0.1153,0.1153,0.0916,0.0993,0.0,25,234.7,55,1.0,0.0217,0.0215,46.9
129,S_A,0.0761,0.0761,0.0761,0.0797,0.1116,-0.0,25,236.2,55,0.8,0.0232,0.023,55.9
129,S_B0,0.3329,0.3329,0.3329,0.2275,0.2904,0.0,0,236.2,85,0.8,0.1754,0.1771,47.2
129,S_B45,0.3329,0.3329,0.3329,0.2276,0.2904,-0.0,9,236.2,175,0.8,0.1754,0.1771,47.2
129,S_C,0.1971,0.1968,0.1971,0.1578,0.202,0.0,25,236.2,50,0.8,0.0839,0.0847,52.4
129,S_D,0.2861,0.2861,0.2861,0.211,0.2796,-0.0,0,236.2,175,0.8,0.1322,0.1339,49.7
129,S_E,0.0585,0.0585,0.0585,0.0599,0.0866,-0.0,25,236.2,55,0.8,0.0157,0.0156,56.3
130,S_A,1.5539,1.5541,1.5539,0.906,0.5391,0.0,18,91.3,160,1.0,0.0701,0.0548,20.0
130,S_B0,5.3556,5.3556,5.3556,2.8224,1.8944,0.0,0,91.3,75,1.0,0.3822,0.3554,13.3
130,S_B45,5.3553,5.3553,5.3553,2.8221,1.8941,-0.0,9,91.3,75,1.0,0.3822,0.3554,13.3
130,S_C,3.2112,3.2115,3.2112,1.7845,1.1476,0.0,18,91.3,75,1.0,0.2009,0.1868,17.2
130,S_D,5.4422,5.4422,5.4422,2.9315,1.9195,0.0,0,91.3,165,1.0,0.292,0.2797,15.2
130,S_E,1.0681,1.0682,1.0681,0.6308,0.3686,-0.0,18,91.3,160,1.0,0.0495,0.0375,20.4
131,S_A,0.2813,0.2812,0.2813,0.1836,0.148,0.0,19,86.5,175,1.0,0.0344,0.0359,32.6
131,S_B0,0.8724,0.8724,0.8724,0.4692,0.3951,0.0,0,86.5,90,1.0,0.2633,0.2696,24.9
131,S_B45,0.8723,0.8723,0.8723,0.4692,0.395,0.0,9,86.5,90,1.0,0.2633,0.2696,24.9
131,S_C,0.6828,0.6828,0.6828,0.407,0.3359,0.0,19,86.5,85,1.0,0.1306,0.1324,29.4
131,S_D,0.9774,0.9774,0.9774,0.5751,0.4741,0.0,0,86.5,90,1.0,0.2033,0.2068,26.9
131,S_E,0.2019,0.2019,0.2019,0.1338,0.1074,0.0,19,86.5,175,1.0,0.0231,0.0242,33.0
132,S_A,0.1811,0.1811,0.1811,0.14,0.1162,0.0,0,178.8,75,1.0,0.0372,0.0386,31.7
132,S_B0,1.1421,1.1421,1.1421,0.5397,0.4506,0.0,0,178.8,80,1.0,0.2726,0.2755,23.9
132,S_B45,1.1421,1.1421,1.1421,0.5397,0.4506,0.0,9,178.8,80,1.0,0.2726,0.2755,23.9
132,S_C,0.588,0.588,0.588,0.3469,0.2926,0.0,0,178.8,165,1.0,0.1365,0.1379,28.4
132,S_D,0.9373,0.9373,0.9373,0.4776,0.3999,-0.0,0,178.8,80,1.0,0.2106,0.2126,26.0
132,S_E,0.1258,0.1258,0.1258,0.1016,0.0839,0.0,0,178.8,75,1.0,0.0252,0.0262,32.1
133,S_A,1.4224,1.4226,1.4224,0.8226,0.5249,-0.0,19,82.7,155,1.0,0.076,0.0505,22.9
133,S_B0,5.7082,5.7082,5.7082,2.5404,1.7744,0.0,0,82.7,130,1.0,0.3476,0.3379,16.2
133,S_B45,5.7086,5.7086,5.7086,2.5404,1.7741,-0.0,9,82.7,130,1.0,0.3476,0.3379,16.2
133,S_C,3.1902,3.1905,3.1902,1.57,1.0947,0.0,19,82.7,125,1.0,0.2019,0.175,19.8
133,S_D,5.2175,5.2175,5.2175,2.7724,1.8649,0.0,0,82.7,170,1.0,0.2608,0.2644,18.3
133,S_E,0.9691,0.9692,0.9691,0.5704,0.3597,0.0,19,82.7,155,1.0,0.0536,0.0345,23.5
134,S_A,0.183,0.1831,0.183,0.1963,0.1702,0.0,26,228.9,120,1.0,0.0426,0.0411,36.3
134,S_B0,0.4695,0.4695,0.4695,0.4073,0.358,0.0,0,228.9,70,0.8,0.2752,0.2778,27.5
134,S_B45,0.4696,0.4696,0.4696,0.4072,0.3579,-0.0,9,228.9,70,0.8,0.2752,0.2778,27.5
134,S_C,0.4823,0.4819,0.4823,0.3368,0.2995,-0.0,26,228.9,25,1.0,0.1426,0.1419,32.5
134,S_D,0.5507,0.5507,0.5507,0.4595,0.4008,0.0,0,228.9,20,1.0,0.212,0.2157,29.8
134,S_E,0.1311,0.1311,0.1311,0.1484,0.1279,-0.0,26,228.9,115,1.0,0.0292,0.0281,36.8
135,S_A,0.4254,0.4254,0.4254,0.2199,0.1681,-0.0,18,270.1,110,1.0,0.0387,0.0422,26.1
135,S_B0,1.772,1.772,1.772,0.9234,0.7258,-0.0,0,270.1,5,1.0,0.2839,0.295,19.4
135,S_B45,1.7717,1.7715,1.7717,0.9232,0.7256,-0.0,9,270.1,5,1.0,0.2839,0.295,19.4
135,S_C,1.124,1.1239,1.124,0.5998,0.4702,0.0,18,270.1,5,1.0,0.1408,0.1493,23.3
135,S_D,1.4787,1.4787,1.4787,0.7988,0.6306,0.0,0,270.1,5,1.0,0.2178,0.2286,21.2
135,S_E,0.2949,0.2949,0.2949,0.1548,0.1185,0.0,18,270.1,110,1.0,0.0263,0.0287,26.4
136,S_A,0.1551,0.1551,0.1551,0.1356,0.1795,-0.0,23,245.8,80,1.0,0.0242,0.0239,55.6
136,S_B0,0.6701,0.6701,0.6701,0.4579,0.5669,0.0,0,245.8,5,1.0,0.1788,0.1837,46.8
136,S_B45,0.67,0.67,0.67,0.4579,0.5669,0.0,9,245.8,5,1.0,0.1788,0.1837,46.8
136,S_C,0.4748,0.4748,0.4748,0.3543,0.4438,0.0,23,245.8,160,1.0,0.0861,0.0878,52.0
136,S_D,0.6761,0.6761,0.6761,0.4876,0.6288,-0.0,0,245.8,5,1.0,0.1334,0.1389,49.3
136,S_E,0.1067,0.1067,0.1067,0.0968,0.1323,0.0,23,245.8,80,0.8,0.0164,0.0161,56.0
137,S_A,0.1774,0.1774,0.1774,0.1582,0.1593,0.0,24,240.5,100,1.0,0.03,0.0303,45.4
137,S_B0,0.7146,0.7146,0.7146,0.5699,0.5532,0.0,0,240.5,50,1.0,0.2336,0.2308,35.9
137,S_B45,0.7145,0.7145,0.7145,0.5699,0.5532,0.0,9,240.5,50,1.0,0.2336,0.2308,35.9
137,S_C,0.4772,0.477,0.4772,0.3788,0.3757,-0.0,24,240.5,15,1.0,0.1089,0.1119,41.7
137,S_D,0.6663,0.6663,0.6663,0.5137,0.5045,0.0,0,240.5,140,1.0,0.175,0.176,38.6
137,S_E,0.1245,0.1245,0.1245,0.1133,0.1154,0.0,24,240.5,100,1.0,0.0202,0.0204,45.8
138,S_A,0.1886,0.1886,0.1886,0.1762,0.2148,0.0,19,267.1,85,1.0,0.0243,0.0244,50.8
138,S_B0,0.5692,0.5692,0.5692,0.4504,0.5157,-0.0,0,267.1,165,1.0,0.1885,0.1927,42.2
138,S_B45,0.5692,0.5692,0.5692,0.4501,0.5154,-0.0,9,267.1,165,1.0,0.1885,0.1927,42.2
138,S_C,0.4109,0.4108,0.4109,0.3665,0.4193,-0.0,19,267.1,0,1.0,0.0879,0.0916,47.5
138,S_D,0.6036,0.6036,0.6036,0.497,0.5846,0.0,0,267.1,5,1.0,0.1411,0.1457,44.7
138,S_E,0.1375,0.1375,0.1375,0.1285,0.1601,0.0,19,267.1,85,1.0,0.0164,0.0164,51.2
139,S_A,0.2817,0.2818,0.2817,0.2207,0.2047,0.0,7,323.6,25,1.0,0.0313,0.031,32.7
139,S_B0,1.6192,1.6192,1.6192,1.0758,0.9765,0.0,0,323.6,45,1.0,0.2352,0.2394,25.8
139,S_B45,1.619,1.6192,1.619,1.0756,0.9763,-0.0,9,323.6,135,1.0,0.2352,0.2394,25.8
139,S_C,0.9435,0.9435,0.9435,0.6187,0.5686,0.0,7,323.6,10,1.0,0.1127,0.1157,29.9
139,S_D,1.3141,1.3141,1.3141,0.9246,0.8438,0.0,0,323.6,45,1.0,0.1824,0.1824,27.6
139,S_E,0.194,0.194,0.194,0.1591,0.1475,-0.0,7,323.6,25,1.0,0.0211,0.0209,33.0
140,S_A,0.1812,0.1812,0.1812,0.1574,0.2108,0.0,23,244.0,75,1.0,0.0249,0.0242,54.9
140,S_B0,0.681,0.681,0.681,0.5868,0.7071,-0.0,0,244.0,10,1.0,0.1826,0.1861,46.0
140,S_B45,0.6809,0.6809,0.6809,0.5867,0.7071,0.0,9,244.0,10,1.0,0.1826,0.1861,46.0
140,S_C,0.4719,0.4718,0.4719,0.4319,0.5406,0.0,23,244.0,165,1.0,0.0881,0.089,51.3
140,S_D,0.6117,0.6117,0.6117,0.5214,0.6423,-0.0,0,244.0,10,1.0,0.1367,0.1407,48.6
140,S_E,0.1242,0.1242,0.1242,0.1091,0.1512,-0.0,23,244.0,75,1.0,0.0168,0.0163,55.4
141,S_A,1.6487,1.649,1.6487,0.9447,0.5898,-0.0,18,90.6,160,1.0,0.0669,0.0511,23.1
141,S_B0,6.2031,6.2031,6.2031,3.0037,2.0795,0.0,0,90.6,75,1.0,0.3675,0.3409,15.7
141,S_B45,6.2027,6.2028,6.2027,3.0035,2.0792,0.0,9,90.6,75,1.0,0.3675,0.3409,15.7
141,S_C,3.6216,3.622,3.6216,1.834,1.2268,-0.0,18,90.6,75,1.0,0.1909,0.1768,20.1
141,S_D,6.0265,6.0265,6.0265,3.1626,2.1225,0.0,0,90.6,165,1.0,0.2792,0.267,17.9
141,S_E,1.1246,1.1247,1.1246,0.647,0.4002,0.0,18,90.6,160,1.0,0.047,0.0349,23.6
142,S_A,0.1485,0.1484,0.1485,0.1569,0.159,0.0,25,235.1,65,1.0,0.034,0.0329,46.2
142,S_B0,0.415,0.415,0.415,0.3815,0.3762,0.0,0,235.1,0,1.0,0.2336,0.2368,36.7
142,S_B45,0.4146,0.4146,0.4146,0.3813,0.3761,0.0,9,235.1,0,1.0,0.2336,0.2368,36.7
142,S_C,0.3595,0.3594,0.3595,0.3548,0.3523,0.0,25,235.1,145,0.8,0.1183,0.1172,42.2
142,S_D,0.4745,0.4745,0.4745,0.4588,0.4585,-0.0,0,235.1,0,0.8,0.1776,0.1815,39.4
142,S_E,0.1064,0.1064,0.1064,0.1169,0.1206,0.0,25,235.1,70,1.0,0.0231,0.0223,46.8
143,S_A,1.1985,1.1986,1.1985,0.6723,0.4677,0.0,19,83.3,150,1.0,0.0705,0.0458,27.1
143,S_B0,5.4163,5.4163,5.4163,2.4374,1.7658,0.0,0,83.3,130,1.0,0.3288,0.3168,19.6
143,S_B45,5.4165,5.4165,5.4165,2.4374,1.7659,0.0,9,83.3,130,1.0,0.3288,0.3168,19.6
143,S_C,2.9098,2.9102,2.9098,1.4466,1.0561,0.0,19,83.3,125,1.0,0.188,0.1613,23.7
143,S_D,4.7109,4.7109,4.7109,2.4661,1.7537,-0.0,0,83.3,40,1.0,0.2463,0.2463,22.0
143,S_E,0.8152,0.8153,0.8152,0.4614,0.3196,-0.0,19,83.3,150,1.0,0.0495,0.0311,27.7
144,S_A,0.1473,0.1473,0.1473,0.1485,0.1624,0.0,25,232.9,55,0.8,0.0283,0.0274,49.4
144,S_B0,0.3845,0.3845,0.3845,0.2277,0.2282,0.0,0,232.9,175,0.8,0.2124,0.2153,40.0
144,S_B45,0.3845,0.3845,0.3845,0.2277,0.2282,-0.0,9,232.9,175,0.8,0.2124,0.2153,40.0
144,S_C,0.3104,0.3104,0.3104,0.2357,0.2397,0.0,25,232.9,145,1.0,0.1032,0.1028,45.6
144,S_D,0.4379,0.4379,0.4379,0.2908,0.2976,0.0,0,232.9,0,1.0,0.1595,0.1631,42.7
144,S_E,0.1073,0.1074,0.1073,0.1076,0.12,0.0,25,232.9,55,0.8,0.019,0.0184,49.9
145,S_A,0.4196,0.4197,0.4196,0.3561,0.3709,-0.0,19,267.1,115,1.0,0.0288,0.0298,43.3
145,S_B0,1.8316,1.8316,1.8316,1.3893,1.379,-0.0,0,267.1,105,1.0,0.2245,0.2262,34.5
145,S_B45,1.8313,1.8312,1.8313,1.389,1.3787,0.0,9,267.1,15,1.0,0.2245,0.2262,34.5
145,S_C,1.0892,1.089,1.0892,0.9101,0.9198,0.0,19,267.1,15,1.0,0.1031,0.1098,40.0
145,S_D,1.5776,1.5776,1.5776,1.2362,1.247,0.0,0,267.1,135,1.0,0.1672,0.1725,37.1
145,S_E,0.2849,0.2849,0.2849,0.2471,0.2596,-0.0,19,267.1,115,1.0,0.0195,0.0201,43.7
146,S_A,0.2114,0.2113,0.2114,0.1887,0.2277,0.0,19,267.4,85,1.0,0.0244,0.0246,50.6
146,S_B0,0.5953,0.5953,0.5953,0.4716,0.5373,-0.0,0,267.4,5,1.0,0.1895,0.1943,42.1
146,S_B45,0.5949,0.5949,0.5949,0.4713,0.5369,0.0,9,267.4,5,1.0,0.1895,0.1943,42.1
146,S_C,0.4861,0.4859,0.4861,0.3938,0.4459,0.0,19,267.4,175,1.0,0.0884,0.0925,47.3
146,S_D,0.6368,0.6368,0.6368,0.5172,0.6044,0.0,0,267.4,0,1.0,0.1415,0.147,44.6
146,S_E,0.1536,0.1536,0.1536,0.1382,0.1704,0.0,19,267.4,85,1.0,0.0164,0.0165,51.1
147,S_A,0.2695,0.2694,0.2695,0.2107,0.1631,-0.0,1,173.3,175,0.8,0.0402,0.0415,28.7
147,S_B0,1.3074,1.3074,1.3074,0.6625,0.5222,0.0,0,173.3,80,1.0,0.2857,0.2909,21.4
147,S_B45,1.3073,1.3073,1.3073,0.6624,0.5222,0.0,9,173.3,170,1.0,0.2857,0.2909,21.4
147,S_C,0.6628,0.6629,0.6628,0.3804,0.3023,0.0,1,173.3,75,1.0,0.1456,0.147,25.6
147,S_D,1.0824,1.0824,1.0824,0.5735,0.4545,0.0,0,173.3,80,1.0,0.2212,0.2253,23.3
147,S_E,0.188,0.188,0.188,0.152,0.117,-0.0,1,173.3,175,0.8,0.0273,0.0282,29.1
148,S_A,0.1491,0.1492,0.1491,0.136,0.1351,0.0,27,225.6,145,0.8,0.0311,0.0312,42.2
148,S_B0,0.8342,0.8342,0.8342,0.6484,0.6219,0.0,0,225.6,10,1.0,0.2307,0.2352,33.5
148,S_B45,0.834,0.834,0.834,0.6482,0.6218,-0.0,9,225.6,100,1.0,0.2307,0.2352,33.5
148,S_C,0.4988,0.4988,0.4988,0.4176,0.4061,0.0,27,225.6,55,1.0,0.1147,0.1146,38.5
148,S_D,0.7648,0.7648,0.7648,0.601,0.5819,0.0,0,225.6,95,1.0,0.177,0.1797,35.8
148,S_E,0.1055,0.1055,0.1055,0.0987,0.0991,-0.0,27,225.6,145,0.8,0.021,0.0211,42.6
149,S_A,0.1296,0.1296,0.1296,0.1001,0.0838,0.0,25,233.0,45,0.8,0.0391,0.0381,36.5
149,S_B0,0.4674,0.4674,0.4674,0.4206,0.3532,-0.0,0,233.0,15,0.8,0.2783,0.2741,27.4
149,S_B45,0.4674,0.4673,0.4674,0.4205,0.3531,0.0,9,233.0,15,0.8,0.2783,0.2741,27.4
149,S_C,0.3793,0.3791,0.3793,0.3412,0.29,-0.0,25,233.0,160,1.0,0.135,0.1367,32.8
149,S_D,0.6319,0.6319,0.6319,0.5368,0.4475,0.0,0,233.0,15,0.8,0.2117,0.2113,29.9
149,S_E,0.1027,0.1027,0.1027,0.0793,0.0658,0.0,25,233.0,50,0.8,0.0266,0.0258,36.9
150,S_A,0.171,0.1712,0.171,0.144,0.1511,0.0,28,220.4,160,1.0,0.0333,0.0323,45.2
150,S_B0,0.5558,0.5558,0.5558,0.437,0.4413,0.0,0,220.4,90,0.8,0.2278,0.2321,36.1
150,S_B45,0.5559,0.5558,0.5559,0.4371,0.4414,0.0,9,220.4,90,0.8,0.2278,0.2321,36.1
150,S_C,0.4852,0.4854,0.4852,0.3625,0.3684,-0.0,28,220.4,40,1.0,0.1164,0.1149,41.3
150,S_D,0.7032,0.7032,0.7032,0.5941,0.6124,-0.0,0,220.4,90,0.8,0.1759,0.1779,38.5
150,S_E,0.1206,0.1206,0.1206,0.1035,0.1104,0.0,28,220.4,130,1.0,0.0227,0.022,45.7
151,S_A,0.2668,0.2669,0.2668,0.218,0.2085,-0.0,5,333.5,95,1.0,0.0311,0.0296,36.5
151,S_B0,1.1536,1.1536,1.1536,0.8848,0.8288,0.0,0,333.5,45,1.0,0.231,0.231,29.0
151,S_B45,1.1535,1.1536,1.1535,0.8847,0.8287,-0.0,9,333.5,135,1.0,0.231,0.231,29.0
151,S_C,0.8,0.8,0.8,0.6021,0.5733,-0.0,5,333.5,20,1.0,0.1083,0.111,33.6
151,S_D,0.9316,0.9316,0.9316,0.7434,0.7013,-0.0,0,333.5,135,1.0,0.1788,0.1756,31.0
151,S_E,0.1914,0.1914,0.1914,0.1629,0.1567,0.0,5,333.5,95,1.0,0.0209,0.0199,36.9
152,S_A,0.179,0.179,0.179,0.1748,0.1959,0.0,23,245.3,80,1.0,0.0298,0.0296,49.8
152,S_B0,0.6683,0.6683,0.6683,0.4767,0.5061,0.0,0,245.3,5,0.8,0.2135,0.2187,40.3
152,S_B45,0.6682,0.6681,0.6682,0.4767,0.5062,-0.0,9,245.3,5,0.8,0.2135,0.2187,40.3
152,S_C,0.4958,0.4958,0.4958,0.3851,0.409,-0.0,23,245.3,160,1.0,0.1048,0.1068,45.9
152,S_D,0.7789,0.7789,0.7789,0.5877,0.642,0.0,0,245.3,0,1.0,0.1603,0.1667,43.1
152,S_E,0.1281,0.1281,0.1281,0.1255,0.144,0.0,23,245.3,80,1.0,0.0203,0.0201,50.3
153,S_A,0.1556,0.1557,0.1556,0.1452,0.1331,0.0,25,234.9,100,1.0,0.0369,0.0367,43.4
153,S_B0,0.5694,0.5694,0.5694,0.4498,0.4074,0.0,0,234.9,45,0.8,0.2574,0.2596,33.4
153,S_B45,0.5695,0.5694,0.5695,0.4497,0.4073,-0.0,9,234.9,45,0.8,0.2573,0.2596,33.4
153,S_C,0.5009,0.5006,0.5009,0.3848,0.3515,-0.0,25,234.9,155,0.8,0.1278,0.1296,39.3
153,S_D,0.7415,0.7415,0.7415,0.614,0.5603,0.0,0,234.9,10,1.0,0.1952,0.1998,36.2
153,S_E,0.1075,0.1076,0.1075,0.1085,0.1008,0.0,25,234.9,100,1.0,0.0251,0.0249,43.9
154,S_A,0.1274,0.1274,0.1274,0.1002,0.1058,-0.0,25,233.1,85,1.0,0.0295,0.0291,50.5
154,S_B0,0.4233,0.4233,0.4233,0.2578,0.2696,0.0,0,233.1,45,0.8,0.2158,0.2176,40.8
154,S_B45,0.4233,0.4232,0.4233,0.2577,0.2696,-0.0,9,233.1,45,0.8,0.2158,0.2176,40.8
154,S_C,0.3748,0.3745,0.3748,0.2719,0.2792,0.0,25,233.1,155,1.0,0.1045,0.1056,46.6
154,S_D,0.514,0.514,0.514,0.4201,0.4565,0.0,0,233.1,10,0.8,0.1619,0.1655,43.6
154,S_E,0.0911,0.0911,0.0911,0.0741,0.0822,-0.0,25,233.1,85,1.0,0.02,0.0197,50.9
155,S_A,0.8678,0.8679,0.8678,0.6989,0.5613,0.0,8,321.1,20,1.0,0.0422,0.0453,24.8
155,S_B0,2.7988,2.7988,2.7988,2.486,2.0563,0.0,0,321.1,45,1.0,0.2908,0.2973,18.4
155,S_B45,2.7981,2.7983,2.7981,2.4852,2.0556,0.0,9,321.1,45,1.0,0.2908,0.2973,18.4
155,S_C,1.675,1.6749,1.675,1.5534,1.2555,-0.0,8,321.1,95,1.0,0.1453,0.1538,22.2
155,S_D,2.5144,2.5144,2.5144,2.0985,1.7287,0.0,0,321.1,85,1.0,0.2328,0.232,19.9
155,S_E,0.6188,0.6188,0.6188,0.5044,0.4009,0.0,8,321.1,20,1.0,0.0293,0.0311,25.2
156,S_A,0.1942,0.1942,0.1942,0.1871,0.2064,0.0,19,264.5,75,1.0,0.0264,0.0273,47.6
156,S_B0,0.7932,0.7932,0.7932,0.5928,0.6311,0.0,0,264.5,5,1.0,0.205,0.2106,38.9
156,S_B45,0.7927,0.7927,0.7927,0.5924,0.6307,0.0,9,264.5,5,1.0,0.205,0.2106,38.9
156,S_C,0.5278,0.5276,0.5278,0.4344,0.464,-0.0,19,264.5,0,1.0,0.0966,0.1013,44.2
156,S_D,0.782,0.782,0.782,0.6155,0.6625,0.0,0,264.5,5,1.0,0.1541,0.16,41.4
156,S_E,0.1401,0.1401,0.1401,0.1378,0.1543,0.0,19,264.5,75,1.0,0.0178,0.0183,48.1
157,S_A,0.1946,0.1945,0.1946,0.13,0.1266,0.0,26,232.0,70,1.0,0.0339,0.0334,46.2
157,S_B0,0.5263,0.5263,0.5263,0.4081,0.3917,0.0,0,232.0,15,0.8,0.2424,0.2416,36.2
157,S_B45,0.5263,0.5263,0.5263,0.4082,0.3918,0.0,9,232.0,15,0.8,0.2423,0.2416,36.2
157,S_C,0.4702,0.4698,0.4702,0.3445,0.3328,0.0,26,232.0,165,1.0,0.1179,0.1192,42.2
157,S_D,0.6115,0.6115,0.6115,0.493,0.4815,-0.0,0,232.0,15,1.0,0.1833,0.185,39.1
157,S_E,0.1421,0.1421,0.1421,0.0963,0.0963,0.0,26,232.0,70,1.0,0.023,0.0227,46.7
158,S_A,0.2594,0.2593,0.2594,0.2356,0.2595,0.0,25,233.0,55,1.0,0.03,0.0282,45.6
158,S_B0,0.7753,0.7753,0.7753,0.7703,0.8028,-0.0,0,233.0,0,1.0,0.2095,0.2155,37.1
158,S_B45,0.7747,0.7747,0.7747,0.7698,0.8023,0.0,9,233.0,0,1.0,0.2095,0.2155,37.1
158,S_C,0.5646,0.5645,0.5646,0.5059,0.5389,-0.0,25,233.0,145,1.0,0.1048,0.1042,42.0
158,S_D,0.7366,0.7366,0.7366,0.667,0.7014,0.0,0,233.0,0,1.0,0.1579,0.1641,39.6
158,S_E,0.1821,0.1821,0.1821,0.1667,0.1852,0.0,25,233.0,55,1.0,0.0203,0.019,46.0
159,S_A,1.5687,1.5689,1.5687,0.9259,0.603,-0.0,19,85.8,160,1.0,0.0716,0.0491,25.4
159,S_B0,5.8894,5.8894,5.8894,3.2213,2.2611,-0.0,0,85.8,75,1.0,0.3351,0.332,18.2
159,S_B45,5.8891,5.889,5.8891,3.2212,2.261,0.0,9,85.8,75,1.0,0.3351,0.332,18.2
159,S_C,3.4838,3.4841,3.4838,1.8824,1.3005,0.0,19,85.8,70,1.0,0.1941,0.1711,22.0
159,S_D,5.8137,5.8137,5.8137,3.3425,2.2996,-0.0,0,85.8,170,1.0,0.2503,0.2594,20.5
159,S_E,1.058,1.0581,1.058,0.6407,0.4153,-0.0,19,85.8,160,1.0,0.0504,0.0335,25.9
160,S_A,0.2089,0.2088,0.2089,0.1807,0.2144,0.0,19,266.6,85,1.0,0.0248,0.025,50.2
160,S_B0,0.6632,0.6632,0.6632,0.4687,0.5298,-0.0,0,266.6,5,1.0,0.1918,0.1968,41.6
160,S_B45,0.6628,0.6628,0.6628,0.4684,0.5294,0.0,9,266.6,5,1.0,0.1918,0.1968,41.6
160,S_C,0.4702,0.4701,0.4702,0.3766,0.4256,-0.0,19,266.6,0,1.0,0.0896,0.0938,46.9
160,S_D,0.6839,0.6839,0.6839,0.5096,0.588,0.0,0,266.6,5,1.0,0.1436,0.149,44.1
160,S_E,0.1517,0.1518,0.1517,0.1319,0.1597,-0.0,19,266.6,85,1.0,0.0168,0.0168,50.7
161,S_A,0.2071,0.2072,0.2071,0.1436,0.185,-0.0,28,221.7,130,1.0,0.0256,0.0249,53.0
161,S_B0,0.4676,0.4676,0.4676,0.436,0.5244,-0.0,0,221.7,0,1.0,0.1858,0.1896,44.3
161,S_B45,0.4674,0.4674,0.4674,0.436,0.5245,0.0,9,221.7,90,1.0,0.1858,0.1896,44.3
161,S_C,0.4171,0.4172,0.4171,0.3311,0.4015,0.0,28,221.7,40,1.0,0.0922,0.0911,49.4
161,S_D,0.4555,0.4555,0.4555,0.477,0.5972,0.0,0,221.7,90,1.0,0.1411,0.1436,46.8
161,S_E,0.1409,0.1409,0.1409,0.1029,0.1376,0.0,28,221.7,130,1.0,0.0172,0.0168,53.5
162,S_A,0.2414,0.2415,0.2414,0.2215,0.2234,0.0,24,239.6,120,1.0,0.0341,0.0341,43.9
162,S_B0,0.9504,0.9504,0.9504,0.5673,0.5529,0.0,0,239.6,65,1.0,0.2457,0.2425,34.3
162,S_B45,0.9503,0.9503,0.9503,0.5673,0.5529,0.0,9,239.6,65,1.0,0.2457,0.2425,34.3
162,S_C,0.5449,0.5446,0.5449,0.3785,0.3728,-0.0,24,239.6,35,1.0,0.12,0.1206,40.0
162,S_D,0.7352,0.7352,0.7352,0.5336,0.5245,-0.0,0,239.6,65,1.0,0.1873,0.1863,36.9
162,S_E,0.1662,0.1663,0.1662,0.1586,0.1615,0.0,24,239.6,120,1.0,0.0232,0.0232,44.4
163,S_A,0.1392,0.1392,0.1392,0.1471,0.1612,0.0,25,236.0,35,1.0,0.0296,0.028,47.8
163,S_B0,0.7464,0.7464,0.7464,0.6379,0.6435,0.0,0,236.0,65,0.8,0.2159,0.2178,38.6
163,S_B45,0.7463,0.7463,0.7463,0.6378,0.6434,0.0,9,236.0,65,0.8,0.2159,0.2178,38.6
163,S_C,0.3947,0.3945,0.3947,0.3778,0.395,0.0,25,236.0,30,1.0,0.1066,0.1044,44.0
163,S_D,0.604,0.604,0.604,0.5275,0.541,-0.0,0,236.0,160,1.0,0.162,0.1652,41.3
163,S_E,0.0982,0.0982,0.0982,0.103,0.1144,0.0,25,236.0,35,1.0,0.02,0.0188,48.3
164,S_A,0.0931,0.0932,0.0931,0.1273,0.1822,0.0,27,222.6,135,1.0,0.0237,0.0228,55.7
164,S_B0,0.3213,0.3213,0.3213,0.2712,0.3393,0.0,0,222.6,0,0.8,0.173,0.1756,47.2
164,S_B45,0.3212,0.3212,0.3212,0.2712,0.3393,0.0,9,222.6,90,0.8,0.173,0.1756,47.2
164,S_C,0.2531,0.2533,0.2531,0.2185,0.2818,0.0,27,222.6,45,0.8,0.0843,0.0839,52.3
164,S_D,0.3702,0.3702,0.3702,0.3639,0.4903,-0.0,0,222.6,90,1.0,0.1313,0.1326,49.6
164,S_E,0.0653,0.0653,0.0653,0.0889,0.132,0.0,27,222.6,135,1.0,0.016,0.0154,56.2
165,S_A,0.2544,0.2544,0.2544,0.194,0.1417,-0.0,5,155.8,65,1.0,0.0468,0.0448,25.7
165,S_B0,1.0498,1.0498,1.0498,0.59,0.4636,0.0,0,155.8,0,1.0,0.2996,0.3068,18.9
165,S_B45,1.0498,1.0498,1.0498,0.59,0.4635,0.0,9,155.8,90,1.0,0.2996,0.3068,18.9
165,S_C,0.6817,0.6817,0.6817,0.4118,0.3184,0.0,5,155.8,140,1.0,0.1631,0.1569,22.5
165,S_D,0.9105,0.9105,0.9105,0.5108,0.4025,-0.0,0,155.8,75,1.0,0.2335,0.2388,20.6
165,S_E,0.1806,0.1806,0.1806,0.1411,0.1017,0.0,5,155.8,65,1.0,0.0319,0.0306,26.1
166,S_A,0.5762,0.5762,0.5762,0.4367,0.4039,0.0,17,273.3,5,1.0,0.0297,0.0341,35.2
166,S_B0,2.3567,2.3567,2.3567,1.6069,1.4544,-0.0,0,273.3,85,1.0,0.2366,0.2514,27.7
166,S_B45,2.3563,2.3564,2.3563,1.6066,1.4541,0.0,9,273.3,85,1.0,0.2366,0.2514,27.7
166,S_C,1.3891,1.389,1.3891,0.9608,0.8793,-0.0,17,273.3,0,1.0,0.1117,0.1239,32.2
166,S_D,1.9681,1.9681,1.9681,1.3465,1.2254,-0.0,0,273.3,175,1.0,0.18,0.1928,29.7
166,S_E,0.3941,0.3941,0.3941,0.3002,0.2787,0.0,17,273.3,5,1.0,0.0201,0.0231,35.5
167,S_A,0.2956,0.2956,0.2956,0.3244,0.4358,-0.0,8,322.2,50,1.0,0.0279,0.0254,47.5
167,S_B0,1.8723,1.8723,1.8723,1.5924,1.8667,0.0,0,322.2,85,1.0,0.1812,0.1936,40.0
167,S_B45,1.872,1.8719,1.872,1.592,1.8662,-0.0,9,322.2,175,1.0,0.1812,0.1936,40.0
167,S_C,0.9522,0.9522,0.9522,0.886,1.1133,0.0,8,322.2,40,1.0,0.0931,0.0929,44.3
167,S_D,1.5111,1.5111,1.5111,1.4024,1.7059,0.0,0,322.2,85,1.0,0.1385,0.1465,42.1
167,S_E,0.1989,0.1989,0.1989,0.2334,0.3189,0.0,8,322.2,50,1.0,0.0189,0.0171,48.0
168,S_A,0.4714,0.4715,0.4714,0.2662,0.1786,-0.0,33,192.6,10,1.0,0.0453,0.0472,23.5
168,S_B0,1.9281,1.9281,1.9281,0.9141,0.6705,0.0,0,192.6,80,1.0,0.313,0.3198,16.9
168,S_B45,1.9279,1.9279,1.9279,0.914,0.6704,0.0,9,192.6,170,1.0,0.313,0.3198,16.9
168,S_C,1.1061,1.1061,1.1061,0.5974,0.418,0.0,33,192.6,100,1.0,0.1586,0.1644,20.7
168,S_D,1.6657,1.6657,1.6657,0.8124,0.5859,0.0,0,192.6,80,1.0,0.2437,0.2495,18.6
168,S_E,0.3142,0.3142,0.3142,0.1778,0.1183,0.0,33,192.6,10,1.0,0.031,0.0322,23.9
169,S_A,0.301,0.3009,0.301,0.1786,0.1376,0.0,20,78.2,170,1.0,0.0365,0.0379,30.3
169,S_B0,0.7109,0.7109,0.7109,0.3761,0.3051,-0.0,0,78.2,95,1.0,0.2749,0.28,22.8
169,S_B45,0.7108,0.7108,0.7108,0.376,0.3051,0.0,9,78.2,95,1.0,0.2749,0.28,22.8
169,S_C,0.6615,0.6615,0.6615,0.3356,0.2714,0.0,20,78.2,80,1.0,0.1383,0.1386,27.1
169,S_D,0.8464,0.8464,0.8464,0.4545,0.3694,-0.0,0,78.2,90,1.0,0.2123,0.2155,24.7
169,S_E,0.2131,0.2131,0.2131,0.1303,0.0997,-0.0,20,78.2,170,1.0,0.0246,0.0256,30.6
170,S_A,0.4771,0.4771,0.4771,0.343,0.3779,0.0,8,321.2,0,1.0,0.024,0.0287,41.1
170,S_B0,2.7993,2.7993,2.7993,1.8829,1.8917,0.0,0,321.2,45,1.0,0.2284,0.2203,32.5
170,S_B45,2.7985,2.7986,2.7985,1.8823,1.8911,0.0,9,321.2,135,1.0,0.2284,0.2203,32.5
170,S_C,1.6022,1.6022,1.6022,1.1048,1.1549,0.0,8,321.2,95,1.0,0.0954,0.1062,38.1
170,S_D,2.3462,2.3462,2.3462,1.5754,1.6039,0.0,0,321.2,45,1.0,0.1773,0.1674,34.6
170,S_E,0.3139,0.3139,0.3139,0.2415,0.2639,0.0,8,321.2,0,1.0,0.0162,0.0193,41.4
