farm_id,n_turb,main_label,scenario_S2,capacity_MW,E_base,E_S1,E_S2,E_S3,G_plan_S1,G_plan_S2,G_plan_S3,G_info_S1,G_info_S2,G_info_S3,V1,V2,V3,pos_frac_S1,pos_frac_S2,pos_frac_S3,g_so_S1_p05,g_so_S1_p95,g_so_S2_p05,g_so_S2_p95,g_so_S3_p05,g_so_S3_p95,monotonic,dE_GWh_S1,e_MWhperMW_S1,dE_GWh_S2,e_MWhperMW_S2,dE_GWh_S3,e_MWhperMW_S3,e_base_MWhperMW,area_real_km2,Y_area_S1,Y_area_S2,Y_area_S3,corridor
0,928,C,S_C,9280,34044654.54046248,34050394.245624594,34379876.0,38121168.0,0.016859343234908397,0.9846522576374106,11.974019165600685,1.752726628786399,0.5117790309271746,14.486898105986294,5739.705162115395,329481.7543754056,3741292.0,1.0,0.8,0.2,0.9777685214683038,2.190182160564064,0.09240319654023961,0.9836517151943317,-0.085873666352081,0.1160175388474075,True,5.326446390441561,3405.0394245624593,311.08551445081844,3437.9876,3783.0044904508172,3812.1168,3404.465454046248,3009.2414144729128,11315.275033056372,556795.1932108962,79280.35937110058,other
1,588,C,S_C,5880,33701500.48263328,33702571.41963244,34113248.0,37763784.0,0.0031777131101815076,1.2217483241700169,12.05371707250856,1.7227533036519742,0.5834938358597113,14.367267437324472,1070.9369991645217,410676.5803675577,3650536.0,1.0,1.0,1.0,1.230129678781461,2.0834733170509026,0.2983936362508961,0.8230310873164774,0.05761515038505646,0.236152874664926,True,0.6297109555077077,3370.257141963244,242.10754021163183,3411.3248,2388.622708211633,3776.3784,3370.150048263328,1574.3978347671784,21406.642384398587,552477.0511450134,78537.11005739955,other
2,572,C,S_C,5720,44549299.95707775,44556162.294056945,48636808.0,52562396.0,0.015403916527997484,9.175246405354233,17.987030212916228,0.35784685421196333,0.40296397918289373,10.713436816951424,6862.336979195476,4080645.7059430555,3925588.0,1.0,1.0,0.0,0.2840896285670999,0.5542722763682455,0.13631260652540098,0.5521821235445032,-0.09998053221406443,-0.022615806619108343,True,3.925256752103633,4455.616229405695,2338.0546005515293,4863.6808,4583.490936551528,5256.2396,4454.929995707775,624.0069496921817,71403.3109984371,787691.6399442878,109313.69270443391,other
3,441,C,S_C,4410,33694447.41004222,33702119.48342977,35108532.0,38841604.0,0.022769548033192435,4.1967881910902936,15.275978642177504,2.982161395084581,0.42653104970059524,14.075631358425323,7672.073387548327,1406412.5165702328,3733072.0,1.0,0.8,0.2,1.704915756523007,3.679344968907946,0.031002258817220074,0.8369082253670449,-0.12216686668422408,0.09101548942254842,True,3.383384363910741,3370.211948342977,623.6113041713825,3510.8532,2269.8960561713834,3884.1604,3369.4447410042217,504.8712901142484,66753.88389742511,568596.0548051696,80778.64570335246,other
4,364,C,S_C,3640,32377784.304087996,33143902.292243004,34712612.0,38335792.0,2.3661841124140106,7.211202823465625,18.40153001192163,3.998910204734018,1.815416175495334,15.729907613683435,766117.9881550074,1568709.7077569962,3623180.0,1.0,1.0,0.0,3.5995855560297865,4.371430844399821,1.382800406218202,2.122659236574111,-0.3273029754790431,-0.14383132143736727,True,278.86694768842386,3314.3902292243006,849.8772813119693,3471.2612,2168.7148013119704,3833.5792,3237.7784304087995,396.4318391205543,83605.55087040826,562183.9795290383,79726.71158805424,other
5,339,B,S_B0,3390,53154532.81327789,53205014.48596575,46396156.0,55561984.0,0.09497152926767541,-12.714582285990225,4.529155011443786,0.12685421173533906,0.4220453839194204,9.946397130868235,50481.67268785834,-6808858.485965751,9165828.0,1.0,0.6,0.8,0.03927877501466733,0.16986603266847855,-0.38748887822160943,0.8458493816177021,-0.008290744855911908,0.11013144253090047,False,17.11328704118325,5320.501448596575,-2291.0897397012054,4639.6156,816.1259522987953,5556.1984,5315.453281327789,841.9428348280384,63193.14362575761,2178018.77757957,115551.91747774728,other
6,292,C,S_C,2920,28978504.687166527,29058106.31155596,28747986.0,32323148.0,0.27469196650676353,-0.7954816497782056,11.541807794915961,2.7774089904365993,0.7193025959956318,16.399094520606255,79601.62438943237,-310120.3115559593,3575162.0,1.0,1.0,1.0,2.6071581359833664,3.0281251083849807,0.5773842470625961,0.8330814456952076,0.08410221848716051,0.3141123807587223,False,23.243674321713314,2905.8106311555957,-67.31145665262599,2874.7986,976.6358473473741,3232.3148,2897.850468716653,466.7266044440933,62259.37419223479,465584.5884753668,67222.25272439898,other
7,284,C,S_C,2840,48325906.94433902,48331064.58270418,51437016.0,55452708.0,0.010672615769213458,6.4377665156792645,14.747371557598512,0.22049035948986526,0.30478141756615273,10.306587641586242,5157.638365156949,3105951.417295821,4015692.0,0.8,1.0,0.2,-0.0012671881394681409,0.6482612105812406,0.13237114295285096,0.8274696210413663,-0.0696611323113607,0.08829745801876364,True,1.464769295703627,4833.1064582704175,883.5549718077187,5143.7016,2024.0114998077183,5545.2708,4832.590694433902,219.10316962142903,220585.87589678227,833042.0756000389,115324.65685051162,other
8,278,C,S_C,2780,37557233.49196506,37776076.09137017,37570232.0,41808404.0,0.5826909467437976,0.03460986560077159,11.319179057595992,1.8995324682005026,1.650820413826216,16.321017713912617,218842.59940510988,-205844.0913701728,4238172.0,1.0,1.0,0.0,1.5969532616155149,2.041351969939782,1.3114242297253942,1.9743673751755246,-0.5448870447761651,-0.2437265040756081,False,60.83824263462094,3777.6076091370173,3.6135852337129926,3757.0232,1181.825401233713,4180.8404,3755.723349196506,513.1268305080745,73619.37409113074,608464.2244032002,86948.68147408702,other
9,267,C,S_C,2670,44869360.71653381,45358183.83468285,48720852.0,52480648.0,1.08943633326364,8.583789075575046,16.96321757635723,0.6291759445557146,0.4067627846460433,10.297169755557022,488823.11814904213,3362668.165317148,3759796.0,1.0,1.0,0.0,0.3435350066334272,0.7026320323133283,0.16450168956932373,0.5827896260175599,-0.1778698899994332,-0.014654048547942871,True,130.51577254579345,4535.818383468285,1028.3481726854736,4872.0852,2032.213704685473,5248.0648,4486.936071653381,264.3752323532405,171567.44764229003,789052.7645515499,109143.6818900258,other
10,246,C,S_C,2460,52119960.862273365,52154147.76240285,51150856.0,55079676.0,0.06559272026281984,-1.8593737336722453,5.678659555304851,0.1442257601142116,0.3351965515626157,10.21287132949803,34186.90012948215,-1003291.7624028474,3928820.0,1.0,1.0,0.2,0.07572726836665103,0.2869514029565417,0.10235015903718722,0.44944320713542524,-0.1050422956372683,0.09205001958375039,False,8.409977431852058,5215.4147762402845,-238.39979611924693,5115.0856,728.089923880752,5507.9676,5211.9960862273365,646.9856820154778,80610.97673743447,828407.6053509539,114548.8644871475,other
11,246,C,S_C,2460,48296461.07333849,48302156.32330317,52173460.0,56211120.0,0.011792271810616772,8.027501064258638,16.387658123942135,0.5810809808539645,0.21814831520012007,10.152566280839723,5695.249964676797,3871303.6766968295,4037660.0,1.0,1.0,0.4,0.6529197461055576,0.8959576308920703,0.1028217111103348,0.5425396031019871,-0.035243029159938884,0.09239683752700241,True,1.4010314913098227,4830.215632330317,953.7417359587288,5217.346,1947.0060959587302,5621.112,4829.64610733385,163.693386694902,295077.0174566098,844969.0668221423,116901.92163713502,other
12,244,C,S_C,2440,37018907.20128269,37843912.49455821,37493368.0,40745444.0,2.228605206495491,1.2816715418894717,10.066577002003426,5.690746354561369,2.3849419027282006,14.384285225374589,825005.2932755202,-350544.4945582077,3252076.0,1.0,1.0,1.0,4.929960087916215,5.742608401064469,1.932276421502428,2.6192345857458186,0.24169592284972613,0.3839350637217762,False,201.30129155922728,3784.391249455821,115.76843488702461,3749.3368,909.274978887025,4074.5444,3701.8907201282686,309.1703219458837,122404.73877431967,607219.3826320734,84738.05007902837,China_strait
13,215,B,S_B0,2150,37027544.92254222,37082847.335683,37510244.0,46854700.0,0.14935479318563552,1.303621610526797,26.540120599448777,0.35355384461835043,0.6434307710766995,12.439630504682176,55302.413140781224,427396.66431699693,9344456.0,1.0,0.8,0.0,0.2365888582943614,0.43939421805902773,-0.03944775510172138,1.459394183222191,-0.2767237055027512,-0.062127330714227234,True,11.890018825268704,3708.2847335683005,103.78030165342227,3751.0244,2112.8383416534234,4685.47,3702.754492254222,170.95746409703926,216912.71294615106,1760878.9784996714,97443.43232676151,other
14,181,C,S_C,1810,32213324.597076762,32369152.52405771,32239970.0,35848612.0,0.4837374872976849,0.08271547024877868,11.285042597724068,1.6368345612232864,0.9402833044266481,15.26856238479254,155827.9269809462,-129182.52405770868,3608642.0,1.0,1.0,1.0,1.3889673453656173,1.8971717369573675,0.39846275584812796,1.261979709873764,0.05177364136642562,0.21566217051751638,False,28.20485478355129,3236.915252405771,4.822817929105781,3223.997,657.9870199291057,3584.8612,3221.332459707676,344.6858106566103,93909.15298310654,522138.60007125966,74554.13859079944,other
15,182,C,S_C,1820,46289003.52282278,46351611.17911811,46287188.0,50317776.0,0.13525384331175036,-0.0039221471291497004,8.703519563109264,0.13911898941981454,0.34826414923012927,11.369591063939398,62607.65629532933,-64423.17911811173,4030588.0,1.0,1.0,0.2,0.14729405722082275,0.20633771204836618,0.11976523080794982,0.562099492364505,-0.15062821771643983,0.0023483625469033174,False,11.394593445748633,4635.161117911811,-0.33042515374772846,4628.7188,733.2365908462535,5031.7776,4628.900352282279,352.55866150722466,131472.05341930955,749638.6486574028,104645.5702520589,other
16,178,C,S_C,1780,50842697.09732666,50844554.80557597,52451160.0,56366316.0,0.0036538349760478154,3.163606563975764,10.864134316280747,0.14491501625308167,0.3426421917375305,9.933519545987151,1857.708249308169,1606605.1944240332,3915156.0,1.0,1.0,0.6,0.06373624395194398,0.25108041642880446,0.1956380953328083,0.7549147680339257,-0.067609201179903,0.05168260282076558,True,0.3306720683768981,5084.455480557596,286.3063966758555,5245.116,983.2041646758549,5636.6316,5084.269709732665,156.98091835059586,323890.03287661663,849466.5241473132,117224.68180683804,other
17,175,B,S_B0,1750,41535975.101225615,41684552.25918849,40105224.0,49695212.0,0.35770716252786244,-3.4446069888543365,19.64378319971987,0.834239495579588,0.7612912781659092,12.065789810179698,148577.15796287358,-1579328.2591884881,9589988.0,1.0,0.8,0.0,0.3716008891837168,1.2454283913033921,-0.5615390438623601,1.2582407868729972,-0.2758727694718014,-0.05516678409369899,False,26.00100264350272,4168.455225918849,-250.38144271448255,4010.5224,1427.866457285518,4969.5212,4153.597510122561,107.34693348601884,388316.1903699615,1882697.5870810254,103350.8277181599,other
18,174,C,S_C,1740,50125371.280812174,50234604.59813955,51494520.0,55534404.0,0.2179202159230427,2.731448534351169,10.791007789020378,0.1415099369362713,0.23848744006132996,10.27921559645889,109233.31732737273,1259915.4018604532,4039884.0,1.0,0.8,0.4,0.11792742086846293,0.3120072326311873,-0.007743785155364169,0.7813837833294787,-0.028240138637537146,0.013123733991946402,True,19.00659721496255,5023.460459813955,238.2318771386814,5149.452,941.1716931386817,5553.4404,5012.537128081218,234.49409214818957,214225.4593194338,833973.3747935089,115494.55952083853,other
19,171,C,S_C,1710,28672901.466584787,28824911.599773526,29595938.0,33155168.0,0.5301526019816691,3.219194731621123,15.632413547819072,2.1177763041452646,0.6478416372699912,15.977897038848345,152010.13318873942,771026.4002264738,3559230.0,1.0,1.0,1.0,1.5734536913651467,2.3143484296179997,0.3900224280057919,1.0001022896128586,0.05166053834816374,0.22378715974681523,True,25.99373277527484,2882.4911599773527,157.8392472140019,2959.5938,766.4675772140015,3315.5168,2867.2901466584785,191.0338957445402,150888.99007911977,479317.4942506397,68952.59961733634,other
20,167,C,S_C,1670,49921801.757881664,49938352.44699814,52835992.0,56756568.0,0.03315322871708039,5.837510144870208,13.69094464031291,0.30593075986267465,0.3170054051690103,9.854979583091481,16550.689116477966,2897639.5530018583,3920576.0,1.0,1.0,0.4,0.29940666927378895,0.48302368938045287,0.17302381240302342,0.6316507126738544,-0.07767371115279792,0.06561319276635942,True,2.7639650824513318,4993.835244699814,486.669770433761,5283.5992,1141.4059624337613,5675.6568,4992.180175788167,124.62267389979309,400716.4257055879,855699.0250380591,118036.2864986274,other
21,162,C,S_C,1620,44955837.03847071,45493329.25498579,44585960.0,47587160.0,1.1956005091288215,-0.8227564268332667,5.8531286143722605,5.734782519607898,1.4656819585772172,10.826383407382249,537492.2165150791,-907369.254985787,3001200.0,1.0,1.0,0.0,5.38307774520637,6.186734079218732,1.3440107717399186,1.7560974567360144,-1.0852031427182725,-0.7164273170852977,False,87.0737390754421,4549.332925498578,-59.92008023225553,4458.596,426.2743197677458,4758.716,4495.583703847071,263.9390604287396,172363.00372171873,722086.6128980014,98966.72489809501,other
22,161,C,S_C,1610,39684807.13564476,40306843.41617399,46108976.0,50388676.0,1.567441863590443,16.1879805599082,26.972208351092267,0.9741830702259603,0.44291665173063416,12.311882451758988,622036.2805292234,5802132.583826013,4279700.0,1.0,1.0,0.6,0.5372620482821588,1.6896510900537123,0.13823015677137532,0.9556010390217496,-0.11610076840350031,0.07185508718209946,True,100.14784116520497,4030.684341617399,1034.2911871611934,4610.8976,1723.3228871611923,5038.8676,3968.4807135644764,82.243278055701,490092.86070620053,746752.4374048521,104793.02054737543,other
23,156,C,S_C,1560,49203396.422236115,49297329.69075105,51622768.0,55586940.0,0.19090809851591486,4.9170824652066445,12.97378644958546,0.180907862138071,0.34176592716855825,10.188406557865958,93933.26851493865,2325438.3092489466,3964172.0,1.0,1.0,0.6,0.009597116232399566,0.2839523781358459,0.20512004060297478,0.7347964310239012,-0.041273778390350416,0.07138267364141439,True,14.653589888330389,4929.732969075106,377.4219661311649,5162.2768,995.832798131166,5558.694,4920.339642223612,134.0747024853092,367685.5422905201,836050.4000259126,115603.8183179436,other
24,156,C,S_C,1560,26267584.512932833,26365904.662382826,28379176.0,31968532.0,0.3743022103977054,8.03877298282804,21.70335640972358,0.4910131745106916,0.6299974550217539,16.64847012452191,98320.14944999292,2013271.3376171738,3589356.0,1.0,1.0,0.6,0.3095399199103839,0.9090603875782417,0.328113310264866,1.0007677611422985,-0.11162873331537233,0.11635528320361249,True,15.33794331419871,2636.5904662382827,329.408271982478,2837.9176,889.3478079824777,3196.8532,2626.7584512932835,139.48334163848222,189025.4732405171,459611.5699802416,66484.76000332751,other
25,152,C,S_C,1520,48800836.10722775,49036865.646486975,50510628.0,54277776.0,0.48365880195291877,3.5036118828280025,11.223045196885625,0.39749784427724677,0.34248657377207187,10.070298518365396,236029.53925922513,1473762.3535130247,3767148.0,1.0,1.0,0.4,0.3056265693482059,0.5739649944254248,0.08387371258395057,0.7016370527043867,-0.013500251725076254,0.04086713648146024,True,35.87648996740223,4903.686564648698,259.88836770138136,5051.0628,832.4948637013823,5427.7776,4880.083610722775,325.5092973573511,150646.5899579306,818038.8689145856,112881.1579735463,other
26,140,C,S_C,1400,47283659.53535167,47402711.98755112,48063676.0,52127032.0,0.25178349850531756,1.6496533312214312,10.243226755803825,0.18238454101429255,0.4524307418844648,11.271047272678436,119052.45219945163,660964.0124488771,4063356.0,1.0,1.0,0.0,0.13605348476924958,0.33466285233309584,0.16676860379152925,0.5149353429580142,-0.13603209345111097,-0.08282343190958068,True,16.667343307922785,4740.271198755112,109.20230505076543,4806.3676,678.0721450507659,5212.7032,4728.365953535167,173.31439635989005,273507.06567455974,778409.5487966832,108408.2688628234,other
27,138,C,S_C,1380,50780087.07161858,50811767.160733506,53657664.0,57480736.0,0.06238683496199247,5.666742800820684,13.195426228653455,0.2556276353218433,0.4128095544558714,9.648968317086664,31680.089114926755,2845896.839266494,3823072.0,1.0,1.0,0.6,0.1695792666016007,0.38478248045789404,0.22644597384793477,0.6602700175629164,-0.05401175350879457,0.04398920422597665,True,4.371852297859659,5081.176716073351,397.1056161166363,5365.7664,924.6895521166352,5748.0736,5078.008707161858,193.59652165005318,262462.1905789264,869006.3161986201,119542.33424839865,other
28,134,A,S_A,1340,36189000.34059812,36641990.693717204,39858348.0,40244344.0,1.2517349162886433,10.139400438993261,11.206011830209215,2.9174149599520933,0.19977827093979073,13.550416609821866,452990.35311908275,3216357.306282796,385996.0,1.0,1.0,0.6,1.666482857401343,3.4074161869729904,0.18427143333051857,0.26197505785772984,-0.054138956046427156,0.05452722522250577,True,60.70070731795676,3664.1990693717203,491.6925863598517,3985.8348,543.4160503598516,4024.4344,3618.9000340598122,133.48844544629537,274495.59826104116,129520.8181011708,83695.91548124117,other
29,131,C,S_C,1310,47082727.27760158,47091001.203705974,50257524.0,54126048.0,0.01757316660016994,6.743017887812019,14.95945780895557,0.4285437250293059,0.2799852520811799,10.307815782992162,8273.926104396582,3166522.796294026,3868524.0,1.0,0.8,0.6,0.38718089497247565,0.637462806621701,0.017895781458288174,0.7400548677504125,-0.055238241875305946,0.10445630907913259,True,1.0838843196755443,4709.100120370597,415.8983706341935,5025.7524,922.6750146341932,5412.6048,4708.272727760158,88.01743045745344,535019.0406486496,813939.7531823923,112565.61018218119,other
30,129,B,S_B0,1290,41552440.416375,41718832.71218038,40645756.0,50532312.0,0.4004392862081219,-2.182024466648871,21.610936670969185,0.8023674663591553,0.3826229961172126,12.00223020616353,166392.2958053872,-1073076.7121803835,9886556.0,1.0,1.0,0.2,0.5752653930263055,1.2413769514700226,0.02384197560333613,0.7455943043797096,-0.14641619354655003,0.04399485481904818,False,21.4646061588953,4171.883271218038,-116.96228971237397,4064.5756,1158.4034342876262,5053.2312,4155.244041637499,66.83963753668527,624163.0602691822,1908072.2936813445,105091.73945595209,other
31,129,C,S_C,1290,45476083.08447911,45540904.95768101,48590044.0,52580164.0,0.14254058134576414,6.847469492339985,15.621576076206749,0.17951765826320684,0.2919559468297693,10.711825617922042,64821.87320189923,3049139.0423189923,3990120.0,0.6,1.0,0.2,-0.021951145297951336,0.3234982467944608,0.19112849298152695,0.3513361697016941,-0.1165593754529086,0.035144325378907125,True,8.362021643045036,4554.0904957681005,401.70095810219516,4859.0044,916.426438102196,5258.0164,4547.6083084479105,203.20777382902986,224110.05297463242,786934.2791435883,109350.64470509942,other
32,128,C,S_C,1280,30754941.73154242,30796819.162257064,30622678.0,34112040.0,0.13616488394024429,-0.43005684321218957,10.915638526521816,5.642060740369516,1.6772461723942602,16.635435471840974,41877.43071464449,-174141.16225706413,3489362.0,1.0,1.0,0.6,5.241746569209567,6.078530720927352,1.1760365776849866,1.9235991411735458,-0.14887287883889747,0.2471692846829175,False,5.360311131474446,3079.6819162257066,-16.929757637429866,3062.2678,429.7085783625703,3411.204,3075.494173154242,167.80061582342242,183532.21775219668,495945.9398179639,70942.60044921387,other
33,109,B,S_B0,1090,32296034.283170875,32296800.662539672,25525596.0,34233116.0,0.002372982893433132,-20.963683106748743,5.9978934250714415,1.7922402810385254,2.516758789361776,17.542670894430664,766.3793687969446,-6771204.662539672,8707520.0,1.0,1.0,0.8,1.5994045629969798,1.952501698311796,1.5431649268750074,2.9136416260251297,-0.22991277241178376,0.25539922687483096,False,0.08353535119887966,3229.680066253967,-737.9777728656253,2552.5596,211.14190713437463,3423.3116,3229.6034283170875,321.18571528212556,100554.90990366916,1198272.274903765,71194.40146410449,other
34,125,C,S_C,1250,57359263.30186384,58158599.860960595,59227300.0,61462340.0,1.3935614111535841,3.2567306318166365,7.153293926637359,2.7210607116491548,1.6825409676406133,7.437816616085762,799336.5590967536,1068700.1390394047,2235040.0,1.0,1.0,0.0,2.589090570858123,2.73532376760923,1.5843617591438355,1.7011281425043945,-0.9470141380935209,-0.8349540439296356,True,99.91706988709439,5815.859986096059,233.5045872670196,5922.73,512.8845872670206,6146.234,5735.926330186384,147.91400689477348,393191.97067208664,959208.6936805623,127822.85167623326,other
35,120,B,S_B0,1200,33485783.67104822,33929857.17114586,29325122.0,39115720.0,1.3261553155214991,-12.42515842520217,16.812914949992397,2.3926451832257145,2.9381214117299437,17.4971485697876,444073.50009763613,-4604735.171145856,9790598.0,1.0,1.0,0.0,2.0519538453287556,2.927694176982493,1.8277565897710668,3.4959816985137895,-0.3499585629983093,-0.06037211481554808,False,53.288820011716055,3392.9857171145854,-499.27940052578634,2932.5122,675.5923594742137,3911.572,3348.578367104822,124.37897604323744,272794.15099341975,1376637.029386912,81348.7230679644,other
36,116,A,S_A,1160,40402374.139337614,40786632.22191486,48123504.0,48520968.0,0.951077976883324,19.110584526627456,20.094348497104157,0.7092548125657597,0.15464357688876354,11.273309007398854,384258.08257724345,7336871.778085142,397464.0,1.0,1.0,0.0,0.2547021437017806,1.0109402925050188,0.10268591126175772,0.16929337266755115,-0.32012699532829014,-0.13832012795847626,True,44.57393757896028,4078.6632221914856,895.6510638368374,4812.3504,941.7568878368373,4852.0968,4040.237413933761,63.530062248534115,642005.2299390902,156378.67399760184,100908.7596705765,other
37,114,A,S_A,1140,26135886.611716416,26209705.39009746,28734444.0,29109182.0,0.2824422200697557,9.94248799318972,11.376294336044028,1.149706578091215,0.3017447390059487,17.900622874829132,73818.77838104591,2524738.6099025384,374738.0,1.0,1.0,1.0,0.727269821559229,1.5583341844280054,0.2214393192000518,0.5613618177892834,0.05567664696428185,0.23176384470575956,True,8.415340735439276,2620.970539009746,296.2355422643286,2873.4444,338.9556742643288,2910.9182,2613.5886611716414,235.0350708036204,111514.01916523572,93373.38051647997,60538.18733882373,other
38,115,C,S_C,1150,34234270.74037513,34394533.52536973,35748488.0,39494212.0,0.46813553064996904,4.42310359437286,15.36454887418242,1.9812300578879571,0.5956301098410044,14.117292409895493,160262.7849946022,1353954.4746302664,3745724.0,1.0,1.0,0.8,1.397210362544018,2.204689785895939,0.4852749430823986,0.863122334125107,-0.06120262165657917,0.21803530771081855,True,18.430220274379238,3439.4533525369734,174.13498485686006,3574.8488,604.8932448568602,3949.4212,3423.427074037513,124.46371293143264,276341.85671704786,578960.3860978849,82135.87055985359,other
39,114,C,S_C,1140,43940751.932109535,44309035.67542164,44374860.0,46296212.0,0.8381370985210282,0.9879395522433981,5.360536550511831,2.213486100905727,2.0447032867558517,8.357106134697935,368283.74331210554,65824.32457835972,1921352.0,1.0,1.0,0.0,2.0613921550573395,2.364416271668326,1.8666531952438878,2.245627696578808,-1.3671321890411048,-1.1216534589964096,True,41.98434673757985,4430.903567542164,49.48831973951306,4437.486,268.5224477395127,4629.6212,4394.075193210953,211.99660988874533,209008.22753097222,718667.7679525799,96281.94825721654,other
40,114,B,S_B0,1140,54723048.42987156,54723048.42987156,47449508.0,56588596.0,0.0,-13.291548330303117,3.4090709923062295,0.30043912042005205,0.6583143229632485,9.855565079044826,0.0,-7273540.429871559,9139088.0,1.0,1.0,1.0,0.12043679498822736,0.5189179179319875,0.2425080327737036,1.3015811491381448,0.039549790783773436,0.14782506738900494,False,0.0,5472.304842987156,-829.1836090053583,4744.9508,212.6724229946419,5658.8596,5472.304842987156,385.55704625741845,141932.42987273933,2227467.2800675994,117686.95616005325,other
41,102,C,S_C,1020,39861877.23806399,40206191.73442829,39907504.0,43121616.0,0.8637688945454646,0.11446215054929743,8.177584669352436,3.6101732259546284,1.8471537346274933,12.920058649134598,344314.4963642955,-298687.73442828655,3214112.0,1.0,1.0,1.0,3.2629794774330705,3.9349401577846934,1.4966643273208762,1.8689107834221461,0.06480443948484359,0.22663985278400545,False,35.12007862915812,4020.6191734428285,4.653929717472984,3990.7504,332.49335371747344,4312.1616,3986.187723806399,121.93594687870198,329732.0664137224,646317.2351245425,89679.76041926628,other
42,111,C,S_C,1110,56562044.74432383,56651964.22020395,55700116.0,57458840.0,0.15897493855921355,-1.5238641888212934,1.5855071359777333,4.268885625046844,1.4425595684018848,6.072047671579247,89919.47588012367,-951848.220203951,1758724.0,1.0,1.0,0.0,3.8257515114914455,4.655739348167268,1.2670732182194875,1.6157609143982,-1.3046399106367172,-0.838657183152864,False,9.981061822693773,5665.196422020395,-95.67409061994533,5570.0116,99.54427338005489,5745.884,5656.204474432383,122.18499140119074,463657.30823836563,902084.6046707479,119496.79727144165,other
43,111,B,S_B0,1110,48961034.19458654,48969912.17651539,43383820.0,53266968.0,0.018132750001912317,-11.391128243780424,8.794613668290436,0.8276371175809358,0.25636068825114977,11.187834337276671,8877.98192885518,-5586092.176515393,9883148.0,1.0,0.8,0.6,0.6048233378410471,1.0693721889417656,-0.02444222565682491,1.0118436875666899,-0.029527538397517893,0.06036810463557475,False,0.9854559941027765,4896.991217651539,-619.070775599106,4338.382,477.9586524008941,5326.6968,4896.103419458654,118.96189849537323,411643.6673917067,2036607.8302506807,110778.986773147,other
44,108,C,S_C,1080,32327073.340288054,32345226.3496805,31841386.0,35590920.0,0.056154199922022044,-1.5024166746414367,10.096325842291243,1.8462460906066802,0.3280673572679337,15.136203515221178,18153.009392444044,-503840.34968049824,3749534.0,1.0,0.8,0.8,1.7098018825077337,2.192093476473141,-0.14861575130661142,0.7011085409927439,-0.07502715558469422,0.10446089457725813,False,1.9605250143840385,3234.5226349680497,-52.45423275110941,3184.1386,352.4954392488904,3559.092,3232.7073340288052,150.45110400795252,214988.29512059147,515683.38029993844,74018.21811829299,other
45,106,C,S_C,1060,55978904.576091714,56026082.28263373,59227300.0,61462340.0,0.08427765226789453,5.802892086773092,9.795538989968431,4.11891998800173,1.6825409676406133,7.437816616085762,47177.706542015076,3201217.7173662707,2235040.0,1.0,1.0,0.0,3.820691013573171,4.194265422741626,1.5843617591438355,1.7011281425043945,-0.9470141380935209,-0.8349540439296356,True,5.000836893453652,5602.608228263373,344.32991493427744,5922.73,581.2441549342783,6146.234,5597.890457609172,61.22238652684246,915124.1149031252,959208.6936805623,127822.85167623326,other
46,105,C,S_C,1050,60733844.07030632,61154671.90520186,60926408.0,63320752.0,0.6929049878818477,0.3170619819005066,4.259417412635757,2.781769307034277,1.1873589986069417,7.03853845679049,420827.8348955363,-228263.90520185977,2394344.0,1.0,1.0,0.0,2.6273324588153035,2.8130078745532767,1.095674766099694,1.2993425298696204,-0.7911160273699958,-0.6472760606025602,False,44.18692266403123,6115.467190520186,20.219212617836273,6092.6408,271.62533261783636,6332.0752,6073.384407030632,103.48561372426617,590948.535785335,986726.3952320798,131687.7797188254,other
47,104,B,S_B0,1040,35772625.06651655,36203943.787688665,29845396.0,38388712.0,1.2057228687302413,-16.569175607032765,7.313097455439827,3.133749548772874,3.245537020986562,15.499482939778446,431318.7211721167,-6358547.787688665,8543316.0,1.0,1.0,0.6,2.848092641586755,3.4113219048902583,2.576754761951813,3.5338111320609946,-0.17211382994973756,0.19427353646823764,False,44.857147001899975,3620.3943787688663,-616.4318229177209,2984.5396,272.0730410822791,3838.8712,3577.262506651655,172.12125021178218,210339.76771109,1401060.745469909,79836.76898760503,other
48,102,A,S_A,1020,50436034.389620066,50641215.25929039,53404952.0,53828380.0,0.40681404109866154,5.886500884357691,6.7260355645210925,1.0038244032704038,0.1583712103066232,10.583890221790025,205180.86967032403,2763736.7407096103,423428.0,1.0,1.0,0.0,0.8141896262143468,1.1898247312909764,0.05855436126881315,0.21444640452588976,-0.11059056697118225,-0.057434856840789736,True,20.928448706373675,5064.121525929039,302.8295962587539,5340.4952,346.0192522587533,5382.838,5043.603438962006,141.3834297781432,358183.5250337033,173540.8871861362,111946.5518675651,other
49,101,A,S_A,1010,38390714.82824243,38447597.710141204,50612600.0,51041540.0,0.14816833224717493,31.835523840692975,32.95282525568108,1.774712494702533,0.23905508146567517,11.576447617706851,56882.8818987757,12165002.289858796,428940.0,1.0,1.0,0.0,1.3014596018661877,2.2687176048519793,0.18550569349057883,0.279027158224948,-0.20319028726244157,-0.1634988149266193,True,5.7451710717760855,3844.7597710141204,1234.4104023475147,5061.26,1277.733342347515,5104.154,3839.071482824243,26.896314411459116,1429474.5786344872,164467.0611593666,106150.77780550704,other
50,100,B,S_B0,1000,29842718.897692133,29843314.82072735,24893832.0,33038580.0,0.001996879162580832,-16.583230618691555,10.709014528012785,2.0456949707648224,0.8723689045828418,15.908848341108692,595.9230352155864,-4949482.820727348,8144748.0,1.0,1.0,0.0,1.8280591298019757,2.3135921938230584,0.5694087747328261,1.2463976382336546,-0.08026478233919801,-0.016555216631687533,False,0.059592303521185386,2984.3314820727346,-494.8886897692132,2489.3832,319.58611023078674,3303.858,2984.2718897692134,117.60208703917809,253765.18029637786,1168614.7779551216,68710.13226853007,other
51,91,A,S_A,910,46777815.71845945,46777815.71845945,52203448.0,52647772.0,0.0,11.598729436610885,12.54858994885507,0.3456222818808866,0.13517398243125592,11.16711559850435,0.0,5425632.28154055,444324.0,1.0,1.0,0.6,0.28992032151856156,0.44866463217990127,0.06213732383068119,0.1900293087346786,-0.13948752544932214,0.07197899085984348,True,0.0,4677.781571845945,493.7325376201898,5220.3448,534.1660216201903,5264.7772,4677.781571845945,73.96270076657514,632451.4279986792,169636.56628874654,109491.24864819899,other
52,90,C,S_C,900,54029624.58897534,54052458.12033249,55723468.0,58443360.0,0.04226113272274327,3.1350271705761323,8.169102496272528,5.506702180720484,1.6374651632456565,8.840042922508813,22833.5313571468,1671009.879667513,2719892.0,1.0,1.0,1.0,5.173089443838968,5.676829259094732,1.4561219061458996,1.7213229060171864,0.2799984794226419,0.34212554303576326,True,2.055017822143145,5405.2458120332485,152.4459069922197,5572.3468,397.2361869922197,5844.336,5402.962458897534,112.19709406220835,481763.4411312184,902462.7992096654,121544.29747941103,other
53,90,D,S_D,900,50301164.969674475,50361789.32734403,45987984.0,53043108.0,0.12052277060800444,-8.574713870493461,5.451052738000373,0.34868193946172144,0.31978451264395735,11.012310688298887,60624.35766955465,-4373805.32734403,7055124.0,1.0,0.8,0.8,0.21549642038461186,0.5275571442234014,-0.07117217197915426,0.951792559924594,-0.03715060667914849,0.11136368719217427,False,5.456192190260208,5036.178932734403,-388.1862872707029,4598.7984,246.77487272929756,5304.3108,5030.116496967447,132.287989892007,380698.12209299393,1409895.885707278,110313.42650361867,other
54,89,D,S_D,890,39770049.13804079,39964174.705081135,42992368.0,49985428.0,0.48812000801543354,8.102375862736876,25.686110737509782,0.2805304919305418,0.353419304813898,11.642739694047133,194125.56704034656,3028193.294918865,6993060.0,0.8,0.6,0.4,-0.038429328212835165,0.6932351196855346,-0.024988244024683453,0.7361144412575641,-0.12551323625955052,0.08859027740401715,True,17.27717546659081,3996.4174705081136,286.7863787143694,4299.2368,909.1687187143698,4998.5428,3977.004913804079,32.60323740865146,1225773.2017273968,1318056.5332025262,103954.38815406372,other
55,88,A,S_A,880,44769644.597498424,44769644.597498424,53378136.0,53810208.0,0.0,19.228411303900746,20.1935116612624,0.5559021378948397,0.10442296547085565,10.625564162298433,0.0,8608491.402501576,432072.0,1.0,1.0,0.6,0.2955453819607325,1.2429298646948825,0.11948203280129974,0.17400205800288665,-0.04304337003486883,0.15885152137829156,True,0.0,4476.964459749843,757.5472434201387,5337.8136,795.5695794201387,5381.0208,4476.964459749843,32.28001863569012,1386915.079038996,173453.74784312578,111908.7596705765,other
56,83,B,S_B0,830,31872140.994325448,32196552.319355153,28731610.0,35561432.0,1.017852315247549,-9.853530062146096,11.575284529305383,3.1067503150542697,5.483528078340982,14.798382783542914,324411.3250297047,-3464942.3193551525,6829822.0,1.0,1.0,0.0,2.444562600274586,3.4822533960313464,4.943525165362527,5.498937664377337,-1.0240153565877808,-0.6435009209154909,False,26.926139977465517,3219.655231935515,-260.66407252901195,2873.161,306.211153470988,3556.1432,3187.2140994325446,76.35321116532634,421679.0862880736,1348775.2323725473,73956.89210548208,Vietnam
57,80,C,S_C,800,12141154.835167022,13997397.585282637,18041460.0,20909248.0,15.288848345290695,48.59756131058194,72.21795030103787,15.828514873307967,3.2111949683999383,23.382831564786382,1856242.7501156144,4044062.414717363,2867788.0,1.0,1.0,0.6,14.629727614776746,16.777788721278164,2.635235099959321,3.9190174794257704,-0.1075452940103748,0.696156434018202,True,148.4994200092493,1399.7397585282638,472.0244131866382,1804.146,701.4474531866381,2090.9248,1214.1154835167022,53.761451640533146,260361.22831790088,292188.31989116705,43484.8348723068,Vietnam
58,81,A,S_A,810,34539843.72699583,34736466.664967306,38143756.0,38556712.0,0.5692641215333443,10.434072318015158,11.629665451742163,0.35864103438295053,0.25652290260401156,14.451961115400087,196622.93797147274,3407289.335032694,412956.0,1.0,1.0,0.2,0.23298153601352828,0.43427039494168446,0.05957033488150748,0.332767908430076,-0.34066892090163087,0.024373098729588677,True,15.926457975689406,3473.6466664967306,291.91689411333743,3814.3756,325.36633011333777,3855.6712,3453.984372699583,108.46784583144624,320246.67216998193,123949.2033782093,80186.15755760753,other
59,80,C,S_C,800,44085521.518434376,44277618.21187572,52753100.0,56636328.0,0.4357364659075678,19.6608278251654,28.469225381211604,0.7415164928948403,0.39458940169482754,9.921626139363896,192096.6934413463,8475481.788124278,3883228.0,0.8,1.0,0.8,0.03188240426711696,1.3360488957298575,0.22343975845681976,0.5930993464934768,-0.12050718037795284,0.11878453741834086,True,15.367735475307564,4427.761821187572,693.40627852525,5275.31,1004.0645185252499,5663.6328,4408.552151843438,19.683739870554763,2249451.501749998,854356.5575097982,117786.22410781133,other
60,80,A,S_A,800,53503788.536199376,53533647.11689508,56821440.0,57220828.0,0.05580647934024715,6.20077858889559,6.947245354944846,0.6032618610106935,0.18535976825808448,9.76722693451737,29858.580695703626,3287792.8831049204,399388.0,1.0,1.0,0.8,0.5403422983160061,0.7700635765845837,0.08157890328211216,0.21943838713694427,-0.12691052564223002,0.07394423600710412,True,2.3886864556567162,5353.364711689508,265.4121171040504,5682.144,297.36315710405034,5722.0828,5350.378853619937,68.28493251003525,783974.5189618178,184642.86062449426,119001.80517427836,other
61,80,A,S_A,800,48457610.43887382,48479878.678507745,56391472.0,56805240.0,0.045954060532999705,16.372787451280207,17.2266636458605,0.5098015193237503,0.1462411487900089,9.965226773104414,22268.23963392526,7911593.321492255,413768.0,1.0,1.0,0.4,0.4169158090096017,0.9026118808219787,0.08731048741440017,0.22407394535257763,-0.09852753430065192,0.11672776037280966,True,1.7814591707145155,4847.987867850775,634.7089248900949,5639.1472,667.810364890095,5680.524,4845.761043887382,31.460504777540198,1540975.8686744836,183245.6675667859,118137.50935862241,other
62,79,C,S_C,790,40340676.09036834,40748248.338165335,41313912.0,43436992.0,1.01032577362854,2.412542386378175,7.67541898082103,0.9873912011643512,2.2517271085983435,9.679003521939265,407572.2477969974,565663.6618346646,2123080.0,1.0,1.0,1.0,0.8745011581759136,1.0733765532870878,2.14443178328815,2.4137056216620185,0.2585525235871988,0.5131077873479833,True,32.198207575962805,4074.8248338165336,76.88563686090131,4131.3912,244.60895686090132,4343.6992,4034.067609036834,78.89832820025524,516465.2948632886,669094.5486347293,90335.64595291573,other
63,75,C,S_C,750,28847211.66409512,29007263.213387653,30066254.0,33783780.0,0.554825024880113,4.22585846458835,17.112809353595914,0.5808010928950089,0.596393308455411,16.17671731032765,160051.5492925346,1058990.7866123468,3717526.0,1.0,1.0,0.8,0.31224277194368216,0.7529690541363669,0.27914450863982176,1.0247858570334356,0.002704576354974904,0.18041413216637522,True,12.003866196940068,2900.7263213387655,91.42817519286587,3006.6254,370.24262519286606,3378.378,2884.721166409512,62.93197548784692,460930.44098050566,486934.441097399,70259.92013975543,other
64,75,B,S_B0,750,16357314.281919874,16424076.170636505,12285455.0,17929754.0,0.40814700730195136,-24.89320197522032,9.61306783607001,11.6329486812699,4.883883747210645,24.12251749756241,66761.88871663064,-4138621.170636505,5644299.0,1.0,1.0,0.0,11.281016112547952,12.06314903524542,3.7483157665792577,5.956334577683574,-1.4869940043997405,-0.11834734867703314,False,5.007141653747284,1642.4076170636504,-305.38944614399054,1228.5455,117.93297885600953,1792.9754,1635.7314281919873,146.41732070432298,112173.0413562443,576727.772040184,37288.39946759837,Vietnam
65,75,A,S_A,750,47570524.46798552,47747706.136114925,55169340.0,55586940.0,0.372461035716872,15.97378968804182,16.851644209660645,0.5239049108769379,0.17363051937195542,10.188406557865958,177181.66812940687,7421633.863885075,417600.0,1.0,1.0,0.6,0.2180405311608145,0.8567547194164957,0.06733848298004054,0.26986982142926963,-0.041273778390350416,0.07138267364141439,True,13.288625109705436,4774.770613611492,569.9111649010865,5516.934,601.2311649010867,5558.694,4757.0524467985515,31.867357695836514,1498326.4879332366,179274.31540568732,115603.8183179436,other
66,74,C,S_C,740,28171394.35470985,30153609.701715086,30513168.0,34191236.0,7.03626991992975,8.312594029974383,21.368632200073264,5.560136497043811,0.8147816460207252,16.23544170646037,1982215.347005237,359558.29828491434,3678068.0,1.0,1.0,0.8,3.492524774684016,5.958307188091879,0.33959015626840117,0.9479035773472569,-0.03422860184767422,0.12498799916243562,True,146.6839356783874,3015.3609701715086,173.2912497514711,3051.3168,445.468281751471,3419.1236,2817.139435470985,44.70166718559505,674552.2393274849,494172.38363618695,71107.30388486815,China_strait
67,73,A,S_A,730,37975963.025278114,38455816.29012976,50083732.0,50540592.0,1.2635710239454303,31.88271740906883,33.08574154224459,0.8080133672449588,0.1584808971355303,12.098072593860014,479853.26485164464,11627915.709870242,456860.0,1.0,1.0,0.2,0.4521993907758759,1.4056606405554304,0.054981871390854115,0.3208297967382307,-0.06354204361939067,0.04325304259973376,True,35.02928833417007,3845.581629012976,883.8671351546976,5008.3732,917.2179151546974,5054.0592,3797.5963025278115,20.713240287523146,1856581.3825514328,162748.48978185919,105108.95932118793,other
68,72,C,S_C,720,53774388.32269352,53932510.097770624,53574820.0,57421112.0,0.29404662704526763,-0.37112151140787364,6.7815251666331156,0.6008185315437531,0.4084028022779446,9.699430629807242,158121.77507710457,-357690.09777062386,3846292.0,1.0,1.0,0.2,0.5165214095414518,0.9233804356669731,0.25130431646709317,0.5889782256767566,-0.11476775010579285,0.031704550642603004,False,11.384767805551673,5393.251009777063,-14.368919233933557,5357.482,262.56410476606663,5742.1112,5377.438832269352,60.497884372623,891477.6220203927,867664.626048651,119418.33458114965,other
69,71,C,S_C,710,44528666.5421802,44897034.03314459,45034984.0,48730848.0,0.8272592008014673,1.1370595554218608,9.437025143879485,0.5415431478238929,0.4743696340072947,11.062701793692195,368367.49096439034,137949.96685540676,3695864.0,1.0,1.0,0.4,0.25856692456907804,0.9585837651435408,0.1874045236470241,0.6819323498563122,-0.11161782278440788,0.0811619310258688,True,26.15409185847186,4489.703403314459,35.94853950520615,4503.4984,298.35488350520563,4873.0848,4452.86665421802,62.672495169790324,716375.4037797758,729358.7276908625,101345.24581981533,other
70,70,B,S_B0,700,26076031.87169851,26167011.240595236,22319468.0,30132616.0,0.34890035931989527,-14.406194509125745,15.556753988724347,1.3726701163250918,1.2275547094797121,17.15922774616511,90979.36889672652,-3847543.2405952364,7813148.0,1.0,1.0,1.0,1.124387491773418,1.4674113615598718,0.9222810434384436,1.5411052544861883,0.06200853567395711,0.20095852603916298,False,6.368555822770986,2616.701124059524,-262.9594710188956,2231.9468,283.9608889811041,3013.2616,2607.603187169851,62.63747579770411,417753.28439327615,1047763.9658248052,62666.61675401381,other
71,69,C,S_C,690,47345310.76152062,48095765.783901006,48100560.0,50293612.0,1.5850672649725501,1.5951933281916566,6.227229668699487,1.4458217001159437,2.2054882508863822,9.0785233806612,750455.0223803893,4794.216098994017,2193052.0,1.0,1.0,1.0,1.2902173436689193,1.4846372398098382,1.905022902112686,2.3258195346468846,0.1973200894450915,0.34162983646564243,True,51.781396544247094,4809.576578390101,52.11219745507737,4810.056,203.43278545507786,5029.3612,4734.531076152061,103.59937978289223,464247.6227627306,779006.8992323389,104595.31652940687,other
72,68,C,S_C,680,34421410.657988936,34468943.917072885,34838052.0,39115720.0,0.13809212979746643,1.2104133271899045,13.63775990662821,2.3650132517333327,1.6804687720039688,17.4971485697876,47533.25908394903,369108.08292711526,4277668.0,1.0,1.0,0.0,2.1044208294747704,2.378746586173826,0.9822053869745604,1.8526877240226247,-0.3499585629983093,-0.06037211481554808,True,3.2322616177084638,3446.8943917072884,28.331611256752222,3483.8052,319.21303525675245,3911.572,3442.1410657988936,61.70543498857255,558604.6662414147,564215.528131377,81348.7230679644,other
73,67,A,S_A,670,49489104.439885475,49497075.44415434,53566172.0,53992980.0,0.016106584184696054,8.238313475781217,9.100741690699603,0.4641883008501034,0.12415218764113278,10.549815768438668,7971.004268862307,4069096.555845663,426808.0,1.0,1.0,0.6,0.2754167859699806,0.7450757037921092,0.09586554643099629,0.2291438286303252,-0.05934163143850895,0.04771340698196007,True,0.5340572860133943,4949.707544415433,273.1635265276728,5356.6172,301.7596625276729,5399.298,4948.910443988548,52.54988999298915,941906.3570020394,174064.77609127274,112288.86947841279,other
74,62,C,S_C,620,38432737.60585548,38636528.37546301,38240656.0,41607296.0,0.530253066272542,-0.49978642641947774,8.260037124341762,9.000118069633443,1.3240332718558536,13.06845541482345,203790.76960752904,-395872.3754630089,3366640.0,1.0,1.0,0.0,8.038415641998396,9.75055336534333,0.9547773497813029,1.5080684340130992,-0.6143691129727943,-0.3618321582701331,False,12.635027715666629,3863.652837546301,-11.909059563039937,3824.0656,196.8226204369599,4160.7296,3843.273760585548,28.214823611302332,1369369.8357903587,619321.9965665792,86530.4383994676,other
75,62,A,S_A,620,40770073.27201566,40848718.96276483,43371512.0,43784496.0,0.19290053815809632,6.380755586647305,7.393714276332736,0.3782151064411304,0.2167443702543411,12.97438893409929,78645.6907491684,2522793.0372351706,412984.0,1.0,1.0,0.0,0.2729275231063638,0.7291851209393244,0.07939038125866692,0.40667993082770043,-0.13644178276838204,-0.07130336786190952,True,4.876032826448381,4084.871896276483,161.28920113502917,4337.1512,186.89420913502897,4378.4496,4077.007327201566,80.58160588748805,506923.6150468358,140936.94290904244,91058.34789119042,other
76,61,A,S_A,610,29465303.422280267,29865959.47168349,30999824.0,31389480.0,1.3597553830050397,5.207889956970209,6.530313128439607,2.6063226078150423,0.18456111813959608,16.4434569382564,400656.04940322414,1133864.528316509,389656.0,1.0,0.8,0.4,2.367621500464823,3.274661891065384,-0.023624947598956544,0.3834816218752378,-0.09516050562498596,0.015067320202962795,True,24.440019013596647,2986.595947168349,93.60575524090363,3099.9824,117.37477124090361,3138.948,2946.5303422280267,133.29988835556892,224050.89636697934,100734.79627084166,65280.50910905915,other
77,60,B,S_B0,600,28356971.880540594,28955993.782863047,22442016.0,31021452.0,2.112432543382812,-20.858912247254494,9.396208208281406,3.7923269709493246,1.9729179292019199,18.959988591516307,599021.9023224525,-6513977.782863047,8579436.0,1.0,1.0,0.0,3.1485139982184522,4.367150513255814,1.0061829446439186,2.391300561595689,-0.6148169676511528,-0.04981976337561616,False,35.9413141393471,2895.5993782863047,-354.8973528324358,2244.2016,159.86880716756423,3102.1452,2835.6971880540596,76.03148144317001,380842.16213130485,1053516.8528776641,64515.12353381582,other
78,60,C,S_C,600,29338440.47700634,29575266.79209971,29808330.0,33424656.0,0.8072218946981244,1.6016172480671966,13.927855252552312,2.320037012713204,0.8756372911457444,16.27467408668053,236826.31509337202,233063.20790028945,3616326.0,1.0,1.0,1.0,2.1357798587286507,2.6005060755326728,0.4041760820515554,1.11401042634247,0.14854137806858667,0.30728211837743047,True,14.209578905602303,2957.526679209971,28.193371379619748,2980.833,245.17293137961968,3342.4656,2933.844047700634,46.67573359862552,633632.6076077061,482757.26362841314,69513.05215872225,other
79,60,B,S_B0,600,31033847.335049197,31311743.096275624,25737338.0,33727152.0,0.8954602316180604,-17.066879519856993,8.678603834945795,1.8790099092317432,1.638083622784388,15.672682437548689,277895.7612264268,-5574405.096275624,7989814.0,1.0,1.0,0.4,1.7376261177084655,2.4721716380104164,1.2851205628292182,2.395294460937044,-0.2467691044847294,0.06238092110121841,False,16.673745673585653,3131.1743096275623,-317.7905601029517,2573.7338,161.59827989704837,3372.7152,3103.3847335049195,77.54148417928086,403806.3422139416,1208212.2805370388,70142.15123533815,other
80,60,C,S_C,600,50464453.33977265,50507938.294766575,50082424.0,53805940.0,0.08616947596983897,-0.7570266088101257,6.621466079756022,0.11493057959676387,0.4024336254356509,9.959250202922366,43484.95499392599,-425514.2947665751,3723516.0,1.0,1.0,0.4,0.025008163404136776,0.2486806523832796,0.1458210265178359,0.4961236717615837,-0.2414938073099069,0.03487047542081243,False,2.609097299635141,5050.793829476657,-22.921760386359164,5008.2424,200.4891996136408,5380.594,5046.445333977265,81.67533630266567,618398.9020577577,811103.9419557542,111899.88353714334,other
81,59,C,S_C,590,51855458.29448814,52218663.77861693,53680928.0,56407464.0,0.7004190032727842,3.520303870703414,8.778257593754033,3.6996401928520273,1.9751845677351287,9.513530513270645,363205.4841287881,1462264.2213830724,2726536.0,1.0,1.0,0.0,3.496254263571142,3.759219284860716,1.7377792211273977,2.160814206685792,-1.2588415078849864,-1.0766416001342543,True,21.42912356359882,5221.866377861693,107.70271262520025,5368.0928,268.56833662520006,5640.7464,5185.5458294488135,45.99336111610765,1135352.2010881929,869383.0855440028,117310.25705016222,other
82,58,A,S_A,580,35192569.370688275,35196670.36009601,38106640.0,38487540.0,0.011652998008007842,8.280357704541007,9.36268845450111,2.0745029382395535,0.23504046212243884,14.120953146896206,4100.989407733083,2909969.6399039924,380900.0,1.0,1.0,0.4,1.086111537658978,2.494253497012267,0.07224502761780208,0.3800035314280238,-0.1705696161291559,0.10300544893876519,True,0.23785738564858547,3519.667036009601,169.0160965000802,3810.664,191.10829650008,3848.754,3519.2569370688275,40.464702262558085,869811.6726948816,123828.5938967365,80042.30097329673,other
83,58,A,S_A,580,29931358.435708664,30462301.32578815,43853948.0,44271668.0,1.773868336847894,46.51506076543933,47.91065395542851,1.0926095983797481,0.16139162431109527,12.285842650230808,530942.8900794871,13391646.674211849,417720.0,1.0,0.8,0.4,0.49697158583714707,1.8004225146424566,-0.028298016747199103,0.25421954921959056,-0.16428901374846464,0.202502794695387,True,30.794687624610216,3046.2301325788153,807.5101947288973,4385.3948,831.7379547288973,4427.1668,2993.1358435708667,10.093994792174854,3017863.7846537605,142504.63220217262,92071.51651276932,other
84,57,C,S_C,570,39318984.071129434,39925452.28940254,40812460.0,44948320.0,1.5424310485133104,3.7983583862920147,14.31709404975189,0.6271293570474715,0.38225792584855606,13.132228819166736,606468.2182731032,887007.710597463,4135860.0,1.0,1.0,0.2,0.4461618499789979,0.8773927998567758,0.06585134191651026,0.8799938527438156,-0.1735573403522762,0.03198342338920418,True,34.56868844156688,3992.5452289402538,85.12812794562228,4081.246,320.87214794562243,4494.832,3931.8984071129435,45.371419036720496,879969.2215288578,660973.3424027467,93478.74552865818,other
85,56,B,S_B0,560,35715386.28938425,36712556.403374225,31421706.0,39327036.0,2.7919902809125214,-12.021934341111889,10.11230756781495,3.258758335469898,3.4929486082005345,14.151821722635471,997170.1139899716,-5290850.403374225,7905330.0,1.0,1.0,0.0,2.713300773842657,3.3184155912953295,2.9051822628371045,3.729174159659594,-0.26032047999814817,-0.14543878447711692,False,55.84152638343825,3671.2556403374224,-240.44609620551836,3142.1706,202.2523837944816,3932.7036,3571.5386289384255,55.76453285277099,658349.5732009874,1475058.9615998499,81788.19565759921,China_strait
86,56,B,S_B0,560,22282771.804445576,22896268.412934035,16414006.0,23151116.0,2.7532329185638478,-26.33768301336153,3.8969307910840025,21.363656541511972,5.251796320428444,22.377839238094584,613496.6084884591,-6482262.412934035,6737110.0,1.0,1.0,1.0,19.844248127078863,22.556999597688066,4.669988225161697,5.791920363677041,0.25560923568288874,1.0083953669313963,False,34.35581007535391,2289.6268412934037,-328.6508850489522,1641.4006,48.62727495104795,2315.1116,2228.2771804445574,47.69640224125687,480041.83412242803,770538.2593183739,48147.23400715415,Vietnam
87,56,C,S_C,560,48301424.58813782,48511297.74417859,48790124.0,52749832.0,0.43450717619685864,1.011770182824375,9.209681597992969,0.3701660483059211,0.5120270296940079,10.939085210682153,209873.1560407728,278826.25582140684,3959708.0,1.0,1.0,0.0,0.24310263203317628,0.4527211979502064,0.31279103596266505,0.599916325016286,-0.1724349574639983,-0.05618938124328923,True,11.752896738282944,4851.129774417859,27.367167064281603,4879.0124,249.11081506428164,5274.9832,4830.1424588137825,59.29875830440501,818082.8592590434,790174.6509895377,109703.5022044755,other
88,55,C,S_C,550,27104538.02846526,27439299.683281347,27243980.0,30681136.0,1.2350760395344857,0.5144598715842263,13.19556882976049,2.167330578972495,0.6615388358519152,16.65435870582013,334761.65481608734,-195319.68328134716,3437156.0,1.0,1.0,0.0,1.9219727134995366,2.525059383564273,0.42564530387328153,0.9614745896814662,-0.13397283490045225,-0.03700480998125769,False,18.411891014884873,2743.9299683281347,7.669308434410868,2724.398,196.71288843441084,3068.1136,2710.453802846526,32.82820493559203,835845.2658960929,441226.638162796,63807.37043507196,other
89,55,C,S_C,550,33757024.479543,34180951.16453063,34726752.0,38460772.0,1.2558176898693474,2.8726688308818846,13.934129541860257,0.845063029000385,0.5989371893568065,14.438869025801383,423926.68498762697,545800.8354693726,3734020.0,1.0,1.0,0.8,0.6485287003216156,0.8323038325107744,0.3964389245132622,0.6965913911900121,-0.02247141451367899,0.1784973244398366,True,23.315967674319516,3418.095116453063,53.33501362513498,3472.6752,258.706113625135,3846.0772,3375.7024479543,40.00298605295129,854459.9925437033,562412.9822174716,79986.63172780967,other
90,55,A,S_A,550,29606490.079007972,30201619.159652136,32410488.0,32721820.0,2.010130478337692,9.470889367531479,10.522456098910911,4.805565332692087,0.9513008777797808,17.661871890666912,595129.0806441642,2208868.8403478637,311332.0,1.0,1.0,1.0,3.566818308825996,5.447121298269674,0.6565085937820915,1.0183732633964364,0.25957403307238897,0.609818301976927,True,32.73209943542906,3020.1619159652137,154.21988565456158,3241.0488,171.34314565456143,3272.182,2960.649007900797,59.67749091594608,506080.57906104316,105318.7884459782,68051.36843856584,other
91,55,C,S_C,550,26961097.59902979,28586454.25852872,28190048.0,31505574.0,6.028525558089369,4.558235793094839,16.855680241793067,6.801205225165621,1.7584004959124233,17.131158830248577,1625356.65949893,-396406.2585287206,3315526.0,1.0,1.0,0.6,6.22767378167546,7.327065530894236,1.21519704233846,2.1166552236539067,-0.14598832716754157,0.06588680039208522,False,89.39461627244114,2858.645425852872,67.59227205336163,2819.0048,249.94620205336162,3150.5574,2696.109759902979,45.64950231898627,626216.1207974268,456548.56994785083,65521.94908909409,China_strait
92,54,C,S_C,540,35325990.69305421,36426290.56250846,36580524.0,40347164.0,3.1147035026270067,3.551303961568612,14.213821632277835,4.3570000345263615,0.5340755798502627,13.838022481989311,1100299.8694542497,154233.4374915436,3766640.0,1.0,1.0,0.8,3.1910386074372106,4.198754448833902,0.22168396928950013,0.9697169818577415,-0.0013513821060687319,0.14510497750583698,True,59.41619295052961,3642.6290562508457,67.74479857507296,3658.0524,271.14335857507285,4034.7164,3532.5990693054205,59.71702104056631,609981.7091975126,592435.5261879312,83909.74960485817,China_strait
93,39,C,S_C,390,50621121.7106832,50824287.29406383,48415572.0,52445192.0,0.40134547895203115,-4.356975183775377,3.6033778542916943,0.27913881540263835,0.5414766053303124,11.239035933440123,203165.5833806321,-2408715.294063829,4029620.0,1.0,1.0,1.0,0.0774325311894623,0.45114714486210955,0.43610823094409634,0.6363372848270562,0.010533981682442845,0.14205594008903005,False,7.9234577518443166,5082.428729406382,-86.01643871664476,4841.5572,71.13874128335506,5244.5192,5062.11217106832,88.52467384363696,574125.6656176543,784108.6386162667,109069.94426420431,other
94,50,B,S_B0,500,28849717.178713355,29021094.381691597,24062638.0,31968358.0,0.5940342566154935,-16.593158085603285,10.809952839287178,3.32201450761689,1.349846084132801,16.284753433812796,171377.2029782422,-4958456.381691597,7905720.0,1.0,1.0,0.6,3.118893558369787,3.7203812514029906,1.048019555788867,1.857555432967517,-0.11422709193215,0.13816475146147292,False,8.568860148912108,2902.1094381691596,-239.3539589356676,2406.2638,155.93204106433225,3196.8358,2884.9717178713354,41.87565180522823,693030.2724999799,1129595.2492723688,66484.3981365943,other
95,50,C,S_C,500,50314717.717026144,50329105.20921219,50274972.0,54147928.0,0.028594997326554634,-0.07899421646301832,7.618467233647471,0.5277005802465818,0.2774140551774011,10.307499468203654,14387.492186047137,-54133.2092121914,3872956.0,1.0,0.8,0.8,0.39459534159772386,0.8322314471691381,0.06312495451929634,0.4939801733534374,-0.02148717679420995,0.0901995403510742,False,0.7193746093025766,5032.910520921219,-1.987285851307206,5027.4972,191.66051414869298,5414.7928,5031.471771702614,43.041997812538305,1169302.2574930554,814222.3301914294,112611.11388403627,other
96,50,A,S_A,500,36684430.66394165,37182140.80845242,45744468.0,46202328.0,1.3567340026895502,24.69722760332699,25.94533202177731,1.360732279697625,0.2510653563460617,13.319279952543116,497710.14451076835,8562327.19154758,457860.0,1.0,1.0,0.0,0.6595007950332321,1.7885669150412973,0.18059326378129523,0.23281682997566167,-0.27736831377290794,-0.013450401853915519,True,24.885507225538277,3718.214080845242,453.0018668029172,4574.4468,475.89486680291725,4620.2328,3668.4430663941653,17.07317730453033,2177810.266082472,148647.92988818372,96086.69827801349,other
97,49,C,S_C,490,26104988.008095607,26861435.534245197,28802288.0,32167302.0,2.897712597741865,10.33250806730083,23.22281852810798,3.3176854609726183,1.7560286118833646,17.05461397500392,756447.5261495896,1940852.4657548033,3365014.0,1.0,1.0,0.0,3.193058037240325,3.5944970897426507,1.430625751659425,2.2194231955810775,-0.49306503162239007,-0.06818479643907333,True,37.06592878132995,2686.1435534245197,132.1676996033152,2880.2288,297.05338560331523,3216.7302,2610.4988008095606,27.8776664519146,963546.7724882113,466464.03005862725,66898.14075368106,China_strait
98,48,C,S_C,480,21975755.34718107,22038407.90357011,21697414.0,24826526.0,0.285098534267574,-1.2665837546138077,12.972344330292204,0.35708661607446474,0.5872634573487844,18.602830988755525,62652.556389041245,-340993.90357011184,3129112.0,1.0,1.0,0.0,0.24838676753063002,0.5492412477004617,0.4210076472265761,0.8593386589742905,-0.23684297906838228,-0.06309555258954777,False,3.0073227066738766,2203.840790357011,-13.360384664691447,2169.7414,136.83699133530857,2482.6526,2197.575534718107,46.640345266202445,472518.11232924275,351397.8881223075,51631.573912320106,other
99,48,C,S_C,480,23437434.81795281,23931031.59656242,38640832.0,42825448.0,2.106018779117917,64.86800838119689,82.72241963611218,1.2906943126482764,0.2698072207128762,13.98814842491664,493596.77860960737,14709800.40343758,4184616.0,1.0,0.8,0.6,0.4018237436141049,2.4939638054543165,-0.023647867882484897,0.6067125832290066,-0.0271644186259637,0.023411464134998016,True,23.692645373261186,2393.103159656242,729.763064738265,3864.0832,930.6246327382648,4282.5448,2343.7434817952812,4.687213592129116,5105598.694445671,625802.9993845755,89063.82164545379,other
100,48,A,S_A,480,35563641.19787366,36459051.825223975,42193916.0,42664252.0,2.517769826684259,18.643408207938965,19.9659274555691,3.0422890762086765,0.15691006183750172,14.191584760589038,895410.6273503155,5734864.174776025,470336.0,1.0,1.0,0.4,2.373240613352107,3.4268524806154894,0.11983949714594423,0.25303011236494455,-0.1423847886209952,0.03927079863840561,True,42.979710112815155,3645.9051825223974,318.2531905020644,4219.3916,340.82931850206427,4266.4252,3556.364119787366,19.170495807546015,1901831.4492874371,137110.31172722162,88728.5833125364,other
101,47,C,S_C,470,53997858.978479795,54127851.47096877,53680928.0,56407464.0,0.24073638279025064,-0.5869324904272671,4.462408449343379,6.6006653709052525,1.9751845677351287,9.513530513270645,129992.49248897284,-446923.470968768,2726536.0,1.0,1.0,0.0,6.238713757520775,6.72790518147054,1.7377792211273977,2.160814206685792,-1.2588415078849864,-1.0766416001342543,False,6.109647146981724,5412.785147096877,-14.895755988550372,5368.0928,113.25143601144946,5640.7464,5399.78589784798,35.82510885075739,1510891.4726947001,869383.0855440028,117310.25705016222,other
102,45,A,S_A,450,34041900.42232195,34416918.74283893,42099940.0,42570008.0,1.1016374405204086,23.67094515203455,25.05179637998705,1.67770493968518,0.2376423867620387,14.5038800903746,375018.32051697373,7683021.257161073,470068.0,1.0,1.0,0.4,1.0609152354746298,1.738104012552986,0.1063930328314914,0.4164459441351908,-0.15164434197474005,0.189702549255052,True,16.87582442326384,3441.6918742838925,362.6117809955121,4209.994,383.76484099551215,4257.0008,3404.190042232195,14.948241979346436,2302405.780585557,136804.9340833244,88532.58464354048,other
103,41,C,S_C,410,35537740.72441112,36581776.14886436,36034360.0,39327036.0,2.937821603656647,1.3974418898490817,10.662735442227996,5.697031434604376,1.8498316859359605,14.151821722635471,1044035.4244532362,-547416.1488643587,3292676.0,1.0,1.0,0.0,5.022193659703013,5.570149948534095,1.4764289847849787,1.9836289374801281,-0.26032047999814817,-0.14543878447711692,False,42.80545240258269,3658.177614886436,20.36139029914399,3603.436,155.36110629914387,3932.7036,3553.7740724411124,27.916988384743497,1310376.8803678025,583590.1920772196,81788.19565759921,China_strait
104,39,C,S_C,390,34676039.744758755,34925585.98392469,34580744.0,38408488.0,0.7196503435881849,-0.27481726708182935,10.763767381496903,0.9451915443231946,0.47547846236361546,14.65660049986505,249546.23916593194,-344841.9839246869,3827744.0,1.0,1.0,0.8,0.6268901535263343,1.1245278763087367,0.1383959456451691,0.7876097415822345,-0.017449256944674238,0.23606448770913313,False,9.732303327471422,3492.558598392469,-3.7165340455914473,3458.0744,145.56548195440863,3840.8488,3467.6039744758755,43.474762622273786,803353.1151710296,560048.3270171346,79877.8970135596,other
105,40,B,S_B0,400,27847404.164620675,28516067.789962813,24852484.0,32445980.0,2.4011703977480816,-10.75475526162555,16.51348114242434,4.578138068961736,4.390439110744145,17.111144013046857,668663.6253421381,-3663583.7899628133,7593496.0,1.0,1.0,0.0,3.7589423205820913,4.737516841182344,3.747579790336135,4.379320008977313,-0.4598794046284683,-0.13583968804800506,False,26.7465450136855,2851.6067789962813,-119.79680658482702,2485.2484,183.94303341517298,3244.598,2784.7404164620675,20.346851755149686,1401497.791064681,1166673.7395549715,67477.70568172366,China_strait
106,37,A,S_A,370,33880614.567719646,33932178.031290464,35494460.0,35883112.0,0.15219164182442638,4.763329865385541,5.910451914258571,2.4768669564079016,0.21612384274308263,14.831792399441651,51563.463570818305,1562281.968709536,388652.0,1.0,1.0,0.6,1.7392194189726786,3.0771648253690898,0.13964520935125727,0.39497485969012347,-0.1866134771385905,0.13895976679326735,True,1.907848152120314,3393.2178031290464,59.71228099437312,3549.446,74.09240499437318,3588.3112,3388.0614567719645,41.93423967557791,809175.9453326211,115340.2418298742,74625.8880292821,other
107,39,C,S_C,390,21300579.818008486,22020027.072458677,20114014.0,23151116.0,3.3775946974078948,-5.57057990038989,8.68772680275579,18.92064897576962,3.086921143987153,22.377839238094584,719447.2544501908,-1906013.072458677,3037102.0,1.0,1.0,1.0,17.158950016908836,19.997777654404874,2.754030607412915,3.4081929550939796,0.25560923568288874,1.0083953669313963,False,28.0584429235575,2202.002707245868,-46.27606690233099,2011.4014,72.17091109766909,2315.1116,2130.0579818008487,35.801251084445546,615063.0607997285,325754.12172448414,48147.23400715415,Vietnam
108,38,B,S_B0,380,30234997.61571658,30241332.896943882,24062638.0,31968358.0,0.02095347023943087,-20.41461915812456,5.73296021489479,2.8005651345729636,1.349846084132801,16.284753433812796,6335.281227301806,-6178694.896943882,7905720.0,1.0,1.0,0.6,2.641873098971113,3.038878959827052,1.048019555788867,1.857555432967517,-0.11422709193215,0.13816475146147292,False,0.24074068663749132,3024.133289694388,-234.54966539722994,2406.2638,65.86769460276993,3196.8358,3023.499761571658,37.62555604691889,803744.4778020844,1129595.2492723688,66484.3981365943,other
109,38,C,S_C,380,32711761.067075565,32831240.97599616,31935468.0,35671288.0,0.3652506163627193,-2.373131380740322,9.04728708080227,1.4477177687013836,0.4491905312360479,15.332900295837984,119479.90892059356,-895772.975996159,3735820.0,1.0,0.8,0.4,0.9322888464125181,1.7438352475273047,0.05776119180380525,0.9929682459319669,-0.04187353154238949,0.13554668732441733,False,4.540236538982554,3283.124097599616,-29.499136548871537,3193.5468,112.46202345112842,3567.1288,3271.1761067075568,24.364150218188165,1347522.5149238817,517207.07414245454,74185.3589551618,other
110,38,A,S_A,380,30218581.350495826,30689926.082909178,32071642.0,32396828.0,1.559784448337836,6.132189423491147,7.208302151048638,2.963857225055091,0.6131023376912539,16.310250500004884,471344.73241335154,1381715.917090822,325186.0,1.0,1.0,0.0,2.3593335634752814,3.27969787146524,0.36924637255963955,0.7747507519207658,-0.4755775664377832,-0.08657709118484685,True,17.91109983170728,3068.992608290918,70.41630468115856,3207.1642,82.77337268115852,3239.6828,3021.858135049583,44.80344847203217,684990.2659181886,104217.69887923778,67375.4845686715,other
111,36,C,S_C,360,30179305.65926378,30929362.82472928,29370384.0,32721820.0,2.4853360575420136,-2.6803852560321366,8.42469462167953,8.273634168280706,2.458711211269683,17.661871890666912,750057.1654655002,-1558978.8247292787,3351436.0,1.0,1.0,1.0,8.285555357998433,8.51061313490596,2.2156848105184754,2.7609364361816504,0.25957403307238897,0.609818301976927,False,27.002057956758016,3092.936282472928,-29.121179733496028,2937.0384,91.53051626650392,3272.182,3017.9305659263778,28.54978472673081,1083348.3727031574,475664.5612671266,68051.36843856584,other
112,36,B,S_B0,360,23800313.645961747,24006787.479083374,17350988.0,24191304.0,0.8675256813544575,-27.097649812089845,1.6427949641940691,25.018136975517024,6.203941732245269,22.28931086058151,206473.83312162757,-6655799.479083374,6840316.0,1.0,1.0,0.2,23.649608080038504,26.134168446792554,5.730128620635284,6.916815430129849,-0.30262915646520366,0.5533703118029643,False,7.433057992378562,2400.6787479083373,-232.17572325462285,1735.0988,14.075652745377138,2419.1304,2380.0313645961746,20.96902038297034,1144869.2900589725,814523.8944700029,50310.50661342651,Vietnam
113,36,A,S_A,360,42281212.020210706,42437381.02203228,47210244.0,47664452.0,0.3693579118472945,11.657735775013222,12.731990694155288,0.9717582838815785,0.14547782538290618,12.230037575224388,156169.00182157755,4772862.977967717,454208.0,1.0,1.0,0.4,0.5631048101332132,1.1870910525368419,0.061536587483785835,0.2311802696080754,-0.12033195770653915,0.14530336852635364,True,5.622084065576928,4243.738102203229,177.44515127241468,4721.0244,193.79663927241464,4766.4452,4228.1212020210705,18.15811912628823,2337102.2475887383,153411.01005079012,99127.46859662258,other
114,34,A,S_A,340,37525798.92985101,37915581.92837353,39836956.0,40238444.0,1.0387067288058607,6.158848408449236,7.228747015406341,0.750649247815018,0.2688998106267557,14.110371273207617,389782.99852252007,1921374.0716264695,401488.0,1.0,1.0,0.6,0.4205629472281067,0.9121999780006955,0.21741654526291654,0.28974163445429074,-0.009013529610756415,0.08061359898778767,True,13.252621949765643,3791.558192837353,78.5793403850656,3983.6956,92.22993238506558,4023.8444,3752.579892985101,36.80131470542992,1030277.9189238913,129451.30419806522,83683.6452874137,other
115,35,C,S_C,350,23082534.945480052,23478251.640827067,22741448.0,25957968.0,1.7143554478816148,-1.4776840857630453,12.457180553659276,13.100843732856152,3.332893349162191,21.63789818983178,395716.6953470148,-736803.6408270672,3216520.0,1.0,1.0,0.0,12.473172712426953,13.794551633396956,2.9119834397102973,4.025998087369417,-0.9351393406907464,-0.2912405343502116,False,13.850084337145494,2347.8251640827066,-11.938043091801795,2274.1448,100.64015690819822,2595.7968,2308.253494548005,31.521330638158187,744836.945823773,368306.41660998284,53984.626902919896,Vietnam
116,35,A,S_A,350,47161487.31889993,47348844.94420712,50083732.0,50540592.0,0.3972682711219415,6.19625216936062,7.164966317221928,0.3991951153648193,0.1584808971355303,12.098072593860014,187357.62530718744,2734887.055792883,456860.0,0.8,1.0,0.2,-0.0006154503456000174,0.8753268192580468,0.054981871390854115,0.3208297967382307,-0.06354204361939067,0.04325304259973376,True,6.557516885751829,4734.884494420712,102.27856383850258,5008.3732,118.26866383850248,5054.0592,4716.148731889993,32.72291941067731,1446962.7342833432,162748.48978185919,105108.95932118793,other
117,32,C,S_C,320,51759900.66246312,51763956.313294224,48623616.0,52359888.0,0.007835507369983286,-6.059294207142077,1.1591740514525304,0.13114257926219042,0.38309389329406707,10.330045922455177,4055.650831103325,-3140340.3132942244,3736272.0,1.0,1.0,0.2,0.08358759201439149,0.2738558921412325,0.12071640228931187,0.6880305907440487,-0.10077544609391342,0.06724539582133929,False,0.129780826595088,5176.395631329422,-100.3611091988199,4862.3616,19.199594801180066,5235.9888,5175.990066246312,116.73621742493002,443426.70556875167,787477.9904771158,108892.53805839781,other
118,32,B,S_B0,320,33248981.13728349,33300186.411534235,26891674.0,35527720.0,0.15400554392726076,-19.120306607394873,6.853559973184455,1.8513942554089267,0.7581278435138484,15.555476147970596,51205.27425074577,-6408512.411534235,8636046.0,1.0,0.8,0.6,0.9153104227379035,1.9125344122802532,-0.15868204716341872,1.7355769178344582,-0.08405458453271165,0.12055112963022137,False,1.6385687760238943,3330.0186411534237,-203.43382839307174,2689.1674,72.91964360692829,3552.772,3324.898113728349,38.61066107101211,862460.923688643,1262401.3707633086,73886.78146576825,other
119,32,C,S_C,320,28760263.392987978,29623370.512418482,30342140.0,33753652.0,3.0010403856069634,5.500215993841345,17.362110140581873,3.4509934597761736,2.1424599875989383,16.992884878451694,863107.1194305047,718769.4875815175,3411512.0,1.0,1.0,1.0,3.1535106270219906,3.371892132578383,1.7085500391573238,2.314104863312424,0.2031364419699136,0.4868049586438916,True,27.61942782177619,2962.3370512418483,50.62005142438473,3034.214,159.7884354243848,3375.3652,2876.0263392987977,18.1144672758186,1635343.1796453306,491402.5200012956,70197.26312286832,other
120,32,B,S_B0,320,27480730.74446325,27671751.11730498,21792106.0,30535746.0,0.6951065989401211,-20.700412945203,11.116936023079615,3.2361358747402758,2.3086199092149435,19.956890995775787,191020.3728417307,-5879645.117304981,8743640.0,1.0,1.0,0.0,2.5672072083406063,4.243783717726674,1.6078187286201844,2.644783610777241,-0.6660826294314129,-0.29613168862328193,False,6.11265193093539,2767.175111730498,-182.035991822824,2179.2106,97.76048817717601,3053.5746,2748.073074446325,30.66224194237711,902469.9227573739,1023007.511031828,63505.003743448964,other
121,30,A,S_A,300,44929125.44072764,46010376.26962579,53618912.0,54059912.0,2.4065699438654273,19.34109883962972,20.322644764848732,1.265760960948063,0.12291749395671976,10.789293420081306,1081250.8288981467,7608535.73037421,441000.0,1.0,1.0,0.8,0.9245829972683851,2.700700935342054,0.07629974178027032,0.22686738850142724,-0.06873610924317597,0.06293842100038696,True,32.437524866944656,4601.037626962579,260.69359677817084,5361.8912,273.923596778171,5405.9912,4492.912544072764,6.029059726542243,7631434.810152965,174236.15619831218,112428.06754845688,other
122,30,A,S_A,300,36174068.492597945,37188232.973727055,48681340.0,49159552.0,2.8035676477381344,34.575241405210846,35.897216012788796,2.350620819212386,0.08582125219184872,12.50018937094198,1014164.4811291099,11493107.026272945,478212.0,1.0,0.8,1.0,1.7687520536249757,2.951313716601302,-0.024177372843826598,0.17743802307450063,0.032998768449819235,0.1238417629845666,True,30.424934433873297,3718.8232973727054,375.21814522206165,4868.134,389.56450522206177,4915.9552,3617.4068492597944,4.025444072949612,9238293.29132318,158191.3777023887,102236.81890025789,other
123,30,A,S_A,300,39912597.52634673,40718364.077693366,48219820.0,48637072.0,2.0188276416105024,20.813535045343983,21.858949340228115,1.227909934278608,0.14439626056502805,11.25845843421357,805766.5513466373,7501455.9223066345,417252.0,1.0,1.0,0.6,1.270837574350923,1.447009141703216,0.0638316307190735,0.1852878167292516,-0.1437467361988197,0.09762387203811898,True,24.172996540399115,4071.8364077693363,249.2166742095982,4821.982,261.7342342095982,4863.7072,3991.2597526346726,7.755722648498986,5250105.750696726,156691.65553703322,101150.22044755012,other
124,29,C,S_C,290,50454699.47928265,50680599.36640868,51520304.0,54231392.0,0.44772813921683036,2.112002512580426,7.485313676812427,6.717212616593588,2.05918195848715,9.830305417453571,225899.887126036,839704.6335913166,2711088.0,1.0,1.0,0.0,6.220750950765594,6.765965842192859,1.7837014811503944,2.2383010146567015,-1.5632626193480839,-1.166819979535254,True,6.551096726655242,5068.059936640869,30.90253110080321,5152.0304,109.5240831008032,5423.1392,5045.469947928264,9.476502891330227,5348027.63715451,834390.9564992064,112784.6934531237,other
125,28,B,S_B0,280,52775591.52631616,53282646.999046825,48940420.0,54868316.0,0.9607764841021762,-7.266941810408281,3.9653264192033166,2.1485908181963196,3.1446205674710845,7.827009589901533,507055.4727306664,-4342226.999046825,5927896.0,1.0,1.0,1.0,1.932985201087633,2.2344216661277305,2.990266351417862,3.4403403759010525,0.14274318537676536,0.27110087105318736,False,14.197553236458807,5328.264699904683,-107.3848027368523,4894.042,58.59628526314773,5486.8316,5277.559152631616,22.612475805834798,2356338.4857352977,2297456.5768472445,114109.30039098245,other
126,27,C,S_C,270,29004808.57309923,30501587.699833415,28647052.0,32087504.0,5.160451664288476,-1.2334388354868648,10.628221934758239,18.06246039683906,3.4544445823287915,19.394974458348564,1496779.126734186,-1854535.6998334154,3440452.0,1.0,1.0,0.8,16.66069400069535,19.289101633730976,2.9238207605637587,3.7277138037680326,-0.19678199876097993,0.5914163112569306,False,40.41303642182303,3050.1587699833417,-9.659427473679262,2864.7052,83.23277652632073,3208.7504,2900.480857309923,16.471114976141568,1851822.8877653398,463949.92388170894,66732.1853423176,Vietnam
127,27,C,S_C,270,51667291.28250856,52407198.07344064,50274972.0,54147928.0,1.4320603472057178,-2.694778936436939,4.801174313411772,0.8479291052920536,0.2774140551774011,10.307499468203654,739906.7909320816,-2132226.073440641,3872956.0,1.0,0.8,0.8,0.7810751848072055,1.0113546490539327,0.06312495451929634,0.4939801733534374,-0.02148717679420995,0.0901995403510742,False,19.977483355166218,5240.719807344064,-37.592620627731144,5027.4972,66.97719137226896,5414.7928,5166.729128250856,25.128183841422945,2085594.3431554006,814222.3301914294,112611.11388403627,other
128,27,C,S_C,270,34988151.86506925,35090301.10048707,42624364.0,46920616.0,0.2919537899908402,21.825137161801443,34.1042995953257,2.889570840078462,0.33440803102787003,13.023743422576809,102149.23541782051,7534062.899512932,4296252.0,1.0,1.0,0.6,1.5865479974350152,3.5806221652589247,0.17677963339876776,0.5075335736658815,-0.07043015872978002,0.03779979660557195,True,2.758029356281113,3509.030110048707,206.17772764313017,4262.4364,322.1765316431303,4692.0616,3498.815186506925,3.136304540346447,11188422.759675905,690317.8181582612,97580.51742783462,other
129,22,C,S_C,220,56455440.72019318,56456800.09118965,52498516.0,56388496.0,0.002407865352097048,-7.008934249233221,-0.1185797495142615,0.04135062721106496,0.1974339685175551,9.678997730213172,1359.3709964752197,-3958284.0911896527,3889980.0,0.6,0.8,0.4,-0.027102424178153367,0.047570032514113125,0.03988052103252021,0.4268256293620812,-0.03370179320774853,0.024572080614532883,False,0.02990616192253583,5645.680009118965,-87.05234384424983,5249.8516,-1.472783844249916,5638.8496,5645.544072019317,152.22783889266918,370870.40387530875,850233.4726136106,117270.80941685385,other
130,26,A,S_A,260,19522702.215772826,19796370.23946983,20633490.0,20909248.0,1.4017937715399933,5.68972354313607,7.102222678512981,21.36029084159038,1.5540409231404433,23.382831564786382,273668.0236970037,837119.76053017,275758.0,1.0,1.0,0.6,19.757826970143203,22.385789007489723,1.30365441935174,1.7969372359161913,-0.1075452940103748,0.696156434018202,True,7.115368616122073,1979.637023946983,28.880482389906554,2063.349,36.05019038990645,2090.9248,1952.2702215772827,13.072275858451858,1514378.2501094115,67049.10361769953,43484.8348723068,Vietnam
131,25,C,S_C,250,29613453.048316337,29954064.045116913,29516650.0,33038580.0,1.1501900715355473,-0.32688875612849505,11.56611809536476,1.0340139786260192,0.6827946002973757,15.908848341108692,340610.9968005754,-437414.0451169126,3521930.0,1.0,1.0,0.0,0.46371806718563763,1.4568903676678306,0.42499482610014805,0.8533348136782447,-0.08026478233919801,-0.016555216631687533,False,8.515274920014347,2995.406404511691,-2.420076207908437,2951.665,85.62817379209162,3303.858,2961.3453048316337,15.858300202950703,1888857.1701741058,478033.39487578144,68710.13226853007,other
132,24,A,S_A,240,28812288.901898906,28918583.290287152,31674172.0,32065424.0,0.3689203199029455,9.932855761114068,11.290790222107946,1.0783402735833905,0.1810830735521214,16.22125807454629,106294.3883882463,2755588.709712848,391252.0,1.0,1.0,0.2,0.839760260355105,1.782879232356629,0.056631078349237515,0.32418324852280467,-0.1290098730451811,0.09627659092536518,True,2.5510653213179104,2891.858329028715,68.68519435442623,3167.4172,78.07524235442622,3206.5424,2881.2288901898905,10.98648971564333,2632194.99938282,102926.10898267027,66686.26570168871,other
133,24,C,S_C,240,22415941.666952793,22739372.865154266,21125886.0,24191380.0,1.442862419107289,-5.7550812993713585,7.920427164854233,15.651098634423258,3.190163585301969,21.864039435343976,323431.1982014738,-1613486.8651542664,3065494.0,1.0,1.0,1.0,13.637341237417589,17.065724535979417,2.4981308661463077,3.5296987794833194,0.22305116811769754,1.0609348308837996,False,7.762348756835272,2273.9372865154264,-30.961336006867057,2112.5886,42.61051999313291,2419.138,2241.5941666952795,12.202842711961113,1863448.8210575185,342141.77436595084,50310.66467016056,Vietnam
134,24,C,S_C,240,32119215.36124307,33445410.724611554,32655492.0,36854188.0,4.128978085089682,1.669644269716606,14.741868957578667,2.0608565803689567,0.48287208246160895,16.36924492702024,1326195.3633684851,-789918.7246115543,4198696.0,1.0,1.0,0.4,1.8396659245937599,2.1176356944990316,0.19005996614028622,0.8060811448184462,-0.20865427774552295,0.03268401127388154,False,31.82868872084371,3344.5410724611556,12.870639330166341,3265.5492,113.63934333016633,3685.4188,3211.921536124307,10.659763427539405,3137537.8029690254,528868.1372072685,76645.4288328758,other
135,23,B,S_B0,230,22096846.658754166,22109075.945648123,19460038.0,26419754.0,0.055344036562390925,-11.93296355572769,19.56345811692193,3.563781114960658,1.7721885956303531,17.811745609596468,12229.286893956363,-2649037.9456481226,6959716.0,1.0,1.0,1.0,3.2976230023817545,5.049756303817007,1.468857053205022,2.526913980441254,0.18284727469709167,0.43120982626459453,False,0.2812735985610243,2210.9075945648124,-60.646599151345825,1946.0038,99.42686884865414,2641.9754,2209.6846658754166,7.676171821789528,2880221.607714597,913531.0299502395,54945.000415938775,other
136,21,B,S_B0,210,55687219.03590603,55695029.84637084,46783772.0,56073772.0,0.014026217505619372,-15.98831327914806,0.6941502391145201,2.0778517984074316,0.6701037061621942,10.133563583846277,7810.810464806855,-8911257.846370839,9290000.0,1.0,1.0,0.8,1.8409495147216457,2.5182239043758536,0.2445653094982491,1.0406392530690616,-0.16805406347155716,0.10281727682841141,False,0.16402701976095158,5569.5029846370835,-186.97238775402658,4678.3772,8.117612245973396,5607.3772,5568.721903590603,0.06588381416935037,845352239.3711166,2196215.0032860762,116616.27984360703,other
137,21,C,S_C,210,40815638.564149745,41560435.814604886,41746964.0,45888604.0,1.8247840206751802,2.281785777739323,12.42897481042003,2.6501102633679867,0.47734313824619884,13.176970470423267,744797.2504551411,186528.18539511412,4141640.0,1.0,1.0,1.0,2.6026701786450728,3.4615286310540263,0.3133261070464459,0.8259499376434535,0.005075646573896451,0.09024864557428716,True,15.640742259558031,4156.043581460489,19.557834152855325,4174.6964,106.53227415285527,4588.8604,4081.5638564149745,6.403757426194228,6490007.826437045,676107.9908010236,95434.24839863573,other
138,10,D,S_D,100,51543301.48099444,51645907.24081249,44737232.0,51273404.0,0.19906710837271668,-13.204566423639049,-0.5236325055622599,0.13473313248199462,0.6048214069602443,10.747025347242683,102605.75981804729,-6908675.240812488,6536172.0,1.0,1.0,0.4,0.09606054730579024,0.1873190265896684,0.22756382932575378,1.1054067202606317,-0.04115566175955299,0.07926789084692504,False,1.0260575981804323,5164.5907240812485,-68.06069480994438,4473.7232,-2.6989748099444113,5127.3404,5154.330148099444,84.75578341756861,609349.6533017363,1371550.432276657,106632.98394476334,other
139,20,C,S_C,200,29422846.26511419,29561041.744428445,30121620.0,33105452.0,0.46968766403171136,2.3749358868598907,12.516143753407603,1.8872420216742716,0.9435106009738008,13.82604268489572,138195.47931425646,560578.2555715553,2983832.0,1.0,1.0,0.8,1.3199773603162561,2.2787797161923624,0.7964657036056977,1.204307194587689,-0.04258799382244942,0.15098763109541263,True,2.763909586285081,2956.1041744428444,13.975474697716162,3012.162,73.6521146977162,3310.5452,2942.284626511419,7.508242439499615,3937145.3416198604,487831.11456612573,68849.20555694202,other
140,20,B,S_B0,200,54816869.739565685,54830403.909540154,46135192.0,55450956.0,0.024689789910969623,-15.83760214841204,1.15673562435588,1.8910491664502544,0.6810368556385045,10.29892786030345,13534.169974468648,-8695211.909540154,9315764.0,1.0,1.0,0.8,1.6311281599261547,2.3574768971323916,0.35859452721723545,0.9117340038760015,-0.06629419465341502,0.12677235291240474,False,0.2706833994894623,5483.0403909540155,-173.63355479131368,4613.5192,12.681725208686293,5545.0956,5481.686973956568,0.06956638516682356,788173825.3044798,2165768.096892311,115321.01322685301,other
141,18,A,S_A,180,23578270.973548904,24334613.933027014,23908300.0,24191304.0,3.2077965357451674,1.3997168275033245,2.5999914376199262,19.838778039069396,1.648889238865049,22.28931086058151,756342.9594781101,-426313.93302701414,283004.0,1.0,1.0,0.2,19.148925588407643,20.947051712976595,1.4233004248346366,1.9030169162760806,-0.30262915646520366,0.5533703118029643,False,13.614173270605916,2433.4613933027013,5.940522476119677,2390.83,11.034594476119691,2419.1304,2357.8270973548906,5.620357827603491,4329726.803783105,77690.69042721544,50310.50661342651,Vietnam
142,18,D,S_D,180,38324902.76713959,38568792.09408737,39356024.0,46835632.0,0.6363729829391589,2.6904731869131036,22.20678623653978,1.1228435321501902,0.47624777433718224,13.525217839958986,243889.32694777846,787231.9059126303,7479608.0,1.0,0.8,0.4,0.7302319560155163,1.923856649911976,-0.22747837722315767,1.525826097464817,-0.11334543005941829,0.03425005143087231,True,4.390007885060013,3856.879209408737,18.56018219148737,3935.6024,153.19312619148727,4683.5632,3832.4902767139592,3.3140558484062215,11637942.707765674,1206573.7936108897,97403.77672406622,other
143,16,B,S_B0,160,28757469.707706414,28936383.871941898,20989712.0,28469162.0,0.6221484923881829,-27.011269721079856,-1.002548939933869,16.567040996062474,5.416856522801863,20.051140864334283,178914.16423548386,-7946671.871941898,7479450.0,1.0,1.0,1.0,15.666329140604532,17.242109937900935,4.561992202744979,5.953349917045998,0.1898820710529275,0.8524831269134939,False,2.8626266277677495,2893.63838719419,-124.28412332330262,2098.9712,-4.612923323302603,2846.9162,2875.7469707706414,0.03031901184001951,954397327.4797626,985339.9680781148,59207.141668746364,Vietnam
144,16,A,S_A,160,46461237.80188872,46474122.967721894,49517036.0,49956408.0,0.027733152285175193,6.5770916632510765,7.5227659947733825,3.7554644767697587,0.14732839662485422,12.142160357136643,12885.165833175182,3042913.0322781056,439372.0,1.0,0.8,0.2,3.772585504683936,4.279206958656226,-0.02396964769956207,0.24338371312956839,-0.1815712401298964,0.009489631027921495,True,0.20616265333082992,4647.41229677219,48.89277116978046,4951.7036,55.92272316978051,4995.6408,4646.123780188872,3.0301551051835545,15337209.269657725,160906.99525893864,103894.03543798353,other
145,14,B,S_B0,140,40729175.42699831,41124480.60326734,35101920.0,43779204.0,0.970570044997755,-13.81627633754684,7.488559591559778,4.8312857306029695,1.8316016270510465,13.056139402003577,395305.17626903206,-6022560.603267342,8677284.0,1.0,1.0,1.0,4.476344184673975,5.036805065066099,0.9049228944938119,2.7471006064149885,0.15189081120970774,0.35090088451823587,False,5.534272467766423,4112.448060326734,-78.78157597797632,3510.192,42.70040002202368,4377.9204,4072.917542699831,4.280744468567726,9606852.47746801,1647822.7396488592,91047.34215123534,other
146,12,C,S_C,120,50881538.21776617,50935216.26493376,47338044.0,51128784.0,0.10549611715323826,-6.9642041924921605,0.4859243468144535,0.16951512187238904,0.4861105008248735,10.861605039016231,53678.0471675843,-3597172.2649337575,3790740.0,1.0,1.0,0.4,0.0441455834645405,0.31115291966296327,0.1521518281933816,0.7787942374568549,-0.08181120744318224,0.04373718633469841,False,0.6441365660110386,5093.521626493376,-42.52193061319409,4733.8044,2.9669493868058634,5112.8784,5088.153821776617,25.412204602896296,2004360.3874938318,766657.6620347877,106332.21861741952,other
147,12,C,S_C,120,28318591.446125355,28458324.686655726,25677900.0,29114494.0,0.49343287711257416,-9.324939240530846,2.810530161391708,1.3778440125102704,0.662841620306427,17.3940327114871,139733.24053037167,-2780424.6866557263,3436594.0,1.0,1.0,0.4,0.8272742475827431,2.1302848633265885,0.4599512161955124,1.3559272180243958,-0.21032035636841506,0.09382087368942153,False,1.6767988863644678,2845.832468665573,-31.688297353504275,2567.79,9.550830646495724,2911.4494,2831.8591446125356,2.3676266662303647,12019768.611563187,415863.3757652317,60549.23467265619,other
148,11,A,S_A,110,38569986.714698344,38851836.47683164,42219788.0,42644748.0,0.7307489220002372,9.462801510146178,10.56459084480015,0.6263893126014881,0.1491786938049358,13.445156183505715,281849.76213329285,3367951.5231683627,424960.0,1.0,0.8,0.0,0.41554798703473184,0.8424346131259419,0.0023054282273084706,0.2073598027039372,-0.23801560224723425,-0.05037982411290278,True,3.100347383466219,3885.1836476831636,40.14781413831821,4221.9788,44.82237413831822,4264.4748,3856.9986714698343,3.7285294292446634,10420150.146086512,137194.38351579432,88688.02096331421,other
149,11,C,S_C,110,32074500.32979144,32074500.32979144,32880400.0,37001736.0,0.0,2.512586827299762,15.36184701101031,9.047336759429617,0.379383967797049,16.09964122971886,0.0,805899.6702085584,4121336.0,1.0,1.0,0.4,8.428122660404325,11.039392461742146,0.0575451905647089,0.584713589808541,-0.05780670724961002,0.029570533509214708,True,0.0,3207.450032979144,8.864896372294155,3288.04,54.19959237229416,3700.1736,3207.450032979144,0.31109531330476226,103101843.57669796,532510.6079746056,76952.28350386824,other
150,11,D,S_D,110,42639618.31742905,43117264.440244086,38685268.0,45757448.0,1.1201932420201712,-9.273887697565764,7.312048760287633,0.9263858580395276,0.7056718152724077,13.232026114767596,477646.1228150353,-4431996.440244086,7072180.0,1.0,0.8,0.4,0.34302868966211114,1.29347717076278,-0.053018028856669286,1.2283590936464333,-0.3061610628686143,0.04552218676633042,False,5.254107350965442,4311.726444024409,-43.49785349171953,3868.5268,34.2961265082805,4575.7448,4263.961831742905,4.257827278381261,10126588.426723685,1186009.810534061,95161.48406954497,other
151,10,A,S_A,100,36661404.53121441,36661404.53121441,36689680.0,37028796.0,0.0,0.07712598343447809,1.0021205501627344,1.5021505090136187,0.26687082852923216,13.265583693270102,0.0,28275.468785591424,339116.0,1.0,1.0,0.0,1.2427498234015677,1.7754053260561389,0.13351294562329108,0.3679074870727465,-0.20954234374219644,-0.03151052042328374,True,0.0,3666.1404531214407,0.2827546878559133,3668.968,3.6739146878559494,3702.8796,3666.1404531214407,9.103050338054828,4027375.788306181,119224.1426932738,77008.56001996507,other
152,10,C,S_C,100,47333234.12814588,47346397.28523365,46043540.0,50329264.0,0.027809545090725994,-2.7247116152136894,6.32965384056143,3.133810835719896,0.49599823573675494,12.36230356094217,13163.157087765634,-1302857.2852336466,4285724.0,1.0,1.0,0.6,2.708764265519233,3.715303516082069,0.16552518738346533,0.6940977219616201,-0.1198365663526756,0.11400835391706807,False,0.13163157087765284,4734.639728523364,-12.896941281458748,4604.354,29.960298718541253,5032.9264,4733.323412814588,3.0542387909271564,15501864.957605686,745692.6764486769,104669.4617752267,other
153,10,B,S_B0,100,30331144.81169102,30429179.512360096,33525796.0,43948928.0,0.323214640521215,10.532577019900728,44.8970300094313,6.388566900920512,0.5694845794385197,15.065599933519515,98034.7006690763,3096616.487639904,10423132.0,1.0,0.8,0.4,5.396693085211495,7.606194071749472,0.025552890849024693,1.8083540680593966,-0.08092515032756915,0.049472087237765625,True,0.9803470066907721,3042.9179512360097,31.946511883089805,3352.5796,136.17783188308977,4394.8928,3033.114481169102,0.30803787078755884,98783891.19676086,1573833.2550934185,91400.3161134681,other
154,10,C,S_C,100,47565437.803013034,47779751.63658826,46671960.0,51011604.0,0.45056630081443433,-1.8784181209753037,7.245105598016106,6.771475105295734,0.3748486987913834,12.24889834298426,214313.83357522637,-1107791.6365882605,4339644.0,1.0,1.0,0.4,6.001119889221688,7.9124688654329285,0.034017577693289724,0.7988858837991771,-0.12229906192693905,0.027416316270050353,False,2.1431383357522464,4777.975163658826,-8.934778030130383,4667.196,34.4616619698696,5101.1604,4756.543780301304,0.005169073768898501,9243387456.389473,755870.1778252842,106088.52008984279,other
155,9,B,S_B0,90,21179148.85430685,23603220.53268753,18739588.0,25288866.0,11.445557586171535,-11.518691667397945,19.404543468504045,7.915939936363501,2.798794677442173,18.32775585977335,2424071.6783806793,-4863632.53268753,6549278.0,1.0,1.0,0.8,6.964769872315604,8.541413614531121,2.075079500473728,3.7475570179741595,-0.03159831982606094,0.2758004013625952,False,21.816645105426105,2360.322053268753,-21.95604768876164,1873.9588,36.98745431123833,2528.8866,2117.914885430685,1.1762939277211373,20065750.55472285,879710.261947235,52593.09957574245,Italy
156,6,B,S_B0,60,48420223.48978022,48534858.270506784,38930976.0,48102052.0,0.23674979680910027,-19.59769452898758,-0.6571045460939933,0.19778326940828356,0.7932349835955075,11.884512183506326,114634.78072656691,-9603882.270506784,9171076.0,1.0,1.0,0.2,0.14901512050410792,0.29971635502889504,0.31821741832846795,1.3355162833981422,-0.07129381350061678,0.022131425047917427,False,0.6878086843593882,4853.485827050678,-56.93548493868131,3893.0976,-1.9090289386812946,4810.2052,4842.022348978022,13.774041018219526,3523646.997007458,1827573.7489437612,100037.54263372433,other
157,7,A,S_A,70,42344719.804949656,45545086.41239783,46320284.0,46809460.0,7.557888261369688,9.388571263106202,10.543794398961786,4.267443980364538,0.19457090509254243,13.881587255157998,3200366.6074481755,775197.5876021683,489176.0,1.0,1.0,0.2,3.5960312772533776,5.065554701695642,0.06494721830489188,0.2601773826074036,-0.07211452095560811,0.07465348537573872,True,22.40256625213724,4554.508641239783,27.828949365352425,4632.0284,31.25318136535241,4680.946,4234.4719804949655,0.010461265437327342,4353688058.60582,150519.06010651952,97349.34697612512,Denmark
158,7,A,S_A,70,44512432.62132902,45433840.9186085,45761140.0,46159348.0,2.0700021163030606,2.8053002389104207,3.6998997396557267,2.000825267057411,0.2594303933916132,12.246133106871039,921408.2972794846,327299.08139149845,398208.0,1.0,1.0,0.2,1.6175840749656922,2.5339446508645747,0.1987434420268448,0.3185186354754928,-0.3670951467968542,0.03584007293768156,True,6.449858080956401,4543.38409186085,8.740951650696852,4576.114,11.528407650696881,4615.9348,4451.243262132902,0.22572281496851795,201281562.63222775,148702.10601910073,95997.31303552118,other
159,7,B,S_B0,70,25160308.516187783,26401884.78600619,19319012.0,26678204.0,4.934662343347634,-23.21631514347122,6.032896944946539,16.020729881271404,5.88993253192588,21.51449983524235,1241576.2698184066,-7082872.78600619,7359192.0,1.0,1.0,0.8,14.663908344815995,17.00497404011099,5.333152824962827,6.861982396604763,-0.0016244417195265398,0.8837851857479302,False,8.691033888728844,2640.188478600619,-40.88907561331448,1931.9012,10.625268386685521,2667.8204,2516.0308516187783,0.6587771782268279,40077109.01138045,906910.7126091447,55482.497296397974,Vietnam
160,5,D,S_D,50,49327403.14844275,50669190.05353674,44147856.0,50734808.0,2.720165302552218,-10.500344266767403,2.8531906439953723,1.26918984472255,0.6855887595905584,11.01793122220632,1341786.9050939903,-6521334.053536743,6586952.0,1.0,1.0,0.2,0.993904130894098,1.5016425085394172,0.24260898377699067,1.2310950135315661,-0.08948963214558074,0.022840574660128087,False,6.708934525469931,5066.919005353674,-25.897735742213765,4414.7856,7.037024257786243,5073.4808,4932.740314844275,0.3939022796794251,128633909.13800637,1353481.3906432032,105512.86914566177,other
161,5,D,S_D,50,53097552.23414201,53497255.015700825,46830112.0,53593708.0,0.7527706358218913,-11.803633068629507,0.9344230477331802,0.5728792802923185,0.4579603533300108,10.534705869642767,399702.78155881166,-6667143.015700825,6763596.0,1.0,1.0,0.6,0.3910876630557252,0.739979811709081,0.12581096021770327,0.7519723906588897,-0.15050644241295988,0.08391733715541634,False,1.9985139077940404,5349.725501570082,-31.337201170710067,4683.0112,2.48077882928992,5359.3708,5309.755223414201,3.113176751094575,17184136.749348234,1435713.7776687718,111458.50594792447,other
162,5,A,S_A,50,44331179.51221191,44581609.13431652,43975744.0,44438268.0,0.5649062913735956,-0.801773190162918,0.24156471577434332,0.8812405011506117,0.24143473371800622,13.977401970836883,250429.62210460752,-605865.1343165189,462524.0,1.0,1.0,0.6,0.4676419238850724,1.0274665656845885,0.2387503444189061,0.35240926286110574,-0.08039403990031083,0.2503549021492435,False,1.2521481105230579,4458.160913431652,-1.7771775610595342,4397.5744,0.5354424389404357,4443.8268,4433.117951221191,0.48004572296844433,92869505.96838684,142900.41171519837,92417.99351135513,other
163,5,B,S_B0,50,42625813.94398442,43098563.23837068,38843664.0,48409416.0,1.1090680755269826,-8.872909615179738,13.568308780252144,0.5834469990921259,0.7467184994740474,12.288013804883654,472749.2943862602,-4254899.238370679,9565752.0,1.0,0.8,0.0,0.15436693972019105,0.7400057027578933,0.021331652086774115,1.279099429896091,-0.14741058861081402,-0.0539912984360755,False,2.3637464719312904,4309.856323837068,-18.910749719922116,3884.3664,28.918010280077898,4840.9416,4262.581394398442,0.24412309971333504,176544388.01153913,1823474.978875223,100676.76566009484,other
164,5,D,S_D,50,55851614.28474638,55894371.069437176,49676864.0,56221024.0,0.07655425046948844,-11.055634405240035,0.6614127809632724,0.15563732329007152,0.37048885873253684,9.593722930646644,42756.78469079733,-6217507.069437176,6544160.0,1.0,1.0,0.6,0.05543308609410903,0.1926211709197159,0.03441606377752281,0.9479587662899039,-0.07163340169017807,0.04463938644324948,False,0.21378392345400243,5589.4371069437175,-30.87375142373189,4967.6864,1.8470485762681164,5622.1024,5585.161428474637,2.512208007647719,22249101.54703842,1522989.2697283707,116922.51892521422,other
165,4,A,S_A,40,24541730.797406808,24937208.158939663,25783190.0,26149372.0,1.6114485355476384,5.058564177243647,6.550643130528769,1.3568431894455086,0.2544041474248425,18.55180985601476,395477.3615328558,845981.8410603367,366182.0,1.0,1.0,0.2,1.4178129849847514,1.7714447995009273,0.0760826335571652,0.37481366199850846,-0.227881414822114,0.02494412822228045,True,1.5819094461314125,2493.720815893966,4.965836810372767,2578.319,6.430564810372761,2614.9372,2454.173079740681,0.3515893668429668,70927082.87187073,83783.19799049187,54382.688628233926,other
166,4,B,S_B0,40,35158840.659071356,35464163.19326233,27792102.0,35571884.0,0.868408993207797,-20.95273484841332,1.1747922661439474,0.8964091151037609,2.3571530653679496,14.858547032824177,305322.53419097513,-7672061.193262331,7779782.0,1.0,1.0,1.0,0.7373891681338756,1.221150016892317,1.9517409852750136,2.9192785309872984,0.19820900441998596,0.3491833303328481,False,1.2212901367638915,3546.416319326233,-29.466954636285426,2779.2102,1.6521733637145735,3557.1884,3515.8840659071357,1.7428159027806989,20348771.856326606,1304671.0168059338,73978.62906580152,other
167,3,D,S_D,30,48705420.48021585,48705502.63630717,42347256.0,48135136.0,0.0001686795648512199,-13.05432622801919,-1.1708850361891388,1.6233363730421102,1.511088665625665,10.842612112783515,82.15609132498503,-6358246.6363071725,5787880.0,1.0,1.0,0.2,1.5101127059329211,1.6717918058147085,1.1959456914449171,1.9665166826527367,-0.13006444405536807,0.0337630910623179,False,0.0002464682739901036,4870.550263630717,-19.074493440647537,4234.7256,-1.7108534406475246,4813.5136,4870.542048021584,0.004658664439109931,10454820962.724821,1298278.7417990067,100106.34722568838,other
168,3,A,S_A,30,23132378.782338668,23659808.77563027,23585004.0,23919026.0,2.2800508250984066,1.9566738981764686,3.400632615708028,1.9615005828236394,0.4714372837458102,19.681651661445834,527429.9932916015,-74804.7756302692,334022.0,1.0,1.0,0.8,1.728350235965817,2.5353181153000213,0.34657497676305693,0.5952549093459772,0.017159385348159483,0.2637406213657521,False,1.582289979874795,2365.9808775630268,1.3578756529839893,2358.5004,2.359941652983989,2391.9026,2313.237878233867,0.10475970930779592,225848362.2373852,76640.1310209692,49744.251726145914,other
169,3,B,S_B0,30,29914163.378749058,30082796.250207268,22783424.0,30681136.0,0.5637225060354066,-23.837335139430028,2.563911320333958,0.3464173969809843,0.7109239572387962,16.65435870582013,168632.87145821005,-7299372.250207268,7897712.0,0.8,1.0,0.0,-0.12191696167227228,0.7342432469214424,0.5864165446947208,1.4215682918121777,-0.13397283490045225,-0.03700480998125769,False,0.5058986143746234,3008.2796250207266,-21.392218136247173,2278.3424,2.3009178637528294,3068.1136,2991.416337874906,0.3574028838439925,84170547.04947066,1069543.8925922448,63807.37043507196,other
170,3,A,S_A,30,41591680.24165142,41591680.24165142,41094796.0,41423964.0,0.0,-1.1946722007009116,-0.40324468902669175,2.9445235152312104,0.47706651834057867,12.690537350988164,0.0,-496884.2416514233,329168.0,1.0,1.0,1.0,2.5046390984281435,3.438495796786584,0.34285893593553085,0.5925264199370017,0.19377090904623082,0.3482839503576179,False,0.0,4159.168024165142,-1.4906527249542705,4109.4796,-0.5031487249542715,4142.3964,4159.168024165142,0.004180462273436836,9949062453.195667,133538.6905052041,86149.16396306464,other
