farm_id,template,dE_GWh_orientation,pct_orientation,A_pct,E_rot_mean_kWh_per_turb
0,S_A,0.072694,0.208,0.208,37652213.7
0,S_B0,0.172869,0.638,0.638,29184578.3
0,S_B45,0.172819,0.638,0.638,29184560.5
0,S_C,0.162483,0.512,0.512,34204786.2
0,S_D,0.226162,0.774,0.773,31493062.8
0,S_E,0.052233,0.148,0.148,38064882.0
1,S_A,0.051533,0.235,0.235,37296278.1
1,S_B0,0.106242,0.624,0.623,28978162.2
1,S_B45,0.106244,0.624,0.624,28978144.6
1,S_C,0.11638,0.584,0.583,33915322.6
1,S_D,0.151877,0.827,0.826,31249998.1
1,S_E,0.037309,0.168,0.168,37700332.7
2,S_A,0.051216,0.172,0.172,52051681.0
2,S_B0,0.138699,0.562,0.562,43130783.0
2,S_B45,0.138573,0.562,0.562,43130892.2
2,S_C,0.111613,0.403,0.403,48441679.7
2,S_D,0.151378,0.58,0.578,45606637.3
2,S_E,0.038702,0.129,0.129,52494735.4
3,S_A,0.033576,0.198,0.198,38377295.8
3,S_B0,0.079786,0.604,0.604,29955698.3
3,S_B45,0.079754,0.604,0.604,29955679.7
3,S_C,0.065773,0.427,0.427,34959386.3
3,S_D,0.094847,0.667,0.666,32260044.3
3,S_E,0.024733,0.145,0.145,38785520.5
4,S_A,0.075282,0.548,0.547,37764193.9
4,S_B0,0.378651,3.619,3.618,28748054.1
4,S_B45,0.378625,3.618,3.618,28748041.2
4,S_C,0.22532,1.816,1.815,34093600.4
4,S_D,0.312673,2.753,2.752,31201695.3
4,S_E,0.051163,0.368,0.368,38195234.6
5,S_A,0.020821,0.112,0.111,55082025.9
5,S_B0,0.066102,0.422,0.422,46201165.7
5,S_B45,0.066061,0.422,0.422,46201273.6
5,S_C,0.043271,0.248,0.248,51522756.1
5,S_D,0.061618,0.373,0.373,48691422.8
5,S_E,0.016077,0.085,0.085,55514558.4
6,S_A,0.031785,0.342,0.342,31836234.4
6,S_B0,0.081457,1.164,1.164,23965693.8
6,S_B45,0.081448,1.164,1.164,23965691.6
6,S_C,0.059943,0.719,0.719,28542701.5
6,S_D,0.069805,0.917,0.915,26057986.0
6,S_E,0.02214,0.235,0.235,32247325.9
7,S_A,0.0228,0.146,0.146,54946128.9
7,S_B0,0.035248,0.271,0.271,45818767.6
7,S_B45,0.035228,0.271,0.271,45818879.4
7,S_C,0.044364,0.305,0.305,51280803.2
7,S_D,0.050194,0.365,0.362,48371948.9
7,S_E,0.017188,0.109,0.109,55392187.1
8,S_A,0.073709,0.645,0.645,41114770.5
8,S_B0,0.281206,3.254,3.254,31087150.4
8,S_B45,0.281171,3.253,3.253,31087141.2
8,S_C,0.169653,1.651,1.651,36959969.9
8,S_D,0.238706,2.542,2.541,33777172.6
8,S_E,0.05046,0.436,0.436,41626893.0
9,S_A,0.026761,0.193,0.193,51984169.1
9,S_B0,0.045396,0.392,0.392,43391482.8
9,S_B45,0.04538,0.392,0.392,43391586.7
9,S_C,0.052676,0.407,0.407,48523564.2
9,S_D,0.051716,0.423,0.421,45788998.1
9,S_E,0.019634,0.14,0.14,52407110.6
10,S_A,0.019169,0.143,0.143,54587608.3
10,S_B0,0.065307,0.582,0.582,45577748.9
10,S_B45,0.065289,0.582,0.582,45577858.7
10,S_C,0.042014,0.335,0.335,50980068.3
10,S_D,0.055383,0.468,0.467,48105913.6
10,S_E,0.013356,0.099,0.099,55025382.9
11,S_A,0.01721,0.126,0.126,55716422.2
11,S_B0,0.015843,0.138,0.138,46556225.7
11,S_B45,0.015827,0.138,0.138,46556340.3
11,S_C,0.027918,0.218,0.218,52059973.3
11,S_D,0.029149,0.241,0.241,49134037.7
11,S_E,0.012937,0.094,0.094,56158528.7
12,S_A,0.083235,0.85,0.85,40115496.7
12,S_B0,0.365464,4.779,4.779,31343605.6
12,S_B45,0.365441,4.778,4.778,31343588.7
12,S_C,0.213121,2.385,2.385,36619921.2
12,S_D,0.343588,4.168,4.166,33788354.1
12,S_E,0.055535,0.562,0.562,40517841.3
13,S_A,0.017314,0.174,0.174,46332492.1
13,S_B0,0.051557,0.643,0.643,37270444.1
13,S_B45,0.051541,0.643,0.643,37270560.2
13,S_C,0.036543,0.399,0.399,42610227.1
13,S_D,0.054314,0.636,0.636,39746016.7
13,S_E,0.012539,0.125,0.125,46796378.4
14,S_A,0.021169,0.331,0.331,35345596.2
14,S_B0,0.076834,1.566,1.566,27111268.5
14,S_B45,0.076814,1.565,1.565,27111262.7
14,S_C,0.054351,0.94,0.94,31939686.8
14,S_D,0.074939,1.412,1.412,29327110.7
14,S_E,0.015007,0.232,0.232,35765698.6
15,S_A,0.014146,0.156,0.156,49802113.1
15,S_B0,0.042478,0.572,0.572,40809511.7
15,S_B45,0.042455,0.572,0.572,40809622.7
15,S_C,0.029223,0.348,0.348,46126620.7
15,S_D,0.04616,0.586,0.584,43279519.7
15,S_E,0.010894,0.119,0.119,50257921.3
16,S_A,0.015959,0.16,0.16,55864518.6
16,S_B0,0.026579,0.318,0.318,46895137.4
16,S_B45,0.026563,0.318,0.318,46895247.4
16,S_C,0.031867,0.342,0.342,52272133.4
16,S_D,0.036113,0.411,0.407,49411116.7
16,S_E,0.011718,0.117,0.117,56300485.5
17,S_A,0.01916,0.223,0.223,49144312.2
17,S_B0,0.053026,0.761,0.761,39802217.9
17,S_B45,0.052995,0.761,0.761,39802340.1
17,S_C,0.042607,0.537,0.537,45332539.6
17,S_D,0.053631,0.723,0.721,42371163.6
17,S_E,0.01393,0.16,0.16,49615612.6
18,S_A,0.010829,0.113,0.113,55041483.8
18,S_B0,0.013432,0.168,0.168,45895495.4
18,S_B45,0.013418,0.168,0.168,45895608.1
18,S_C,0.021304,0.238,0.238,51372082.9
18,S_D,0.022186,0.263,0.261,48455862.7
18,S_E,0.008157,0.084,0.084,55487525.1
19,S_A,0.013602,0.243,0.243,32697836.7
19,S_B0,0.035913,0.849,0.849,24728091.8
19,S_B45,0.03591,0.849,0.849,24728077.7
19,S_C,0.03258,0.648,0.648,29405412.8
19,S_D,0.04569,0.994,0.994,26867904.8
19,S_E,0.00988,0.175,0.175,33097389.2
20,S_A,0.016114,0.172,0.172,56251849.2
20,S_B0,0.025905,0.328,0.328,47287906.5
20,S_B45,0.02589,0.328,0.328,47288016.2
20,S_C,0.02787,0.317,0.317,52669108.2
20,S_D,0.03144,0.378,0.378,49807539.3
20,S_E,0.011847,0.125,0.125,56685630.7
21,S_A,0.041418,0.543,0.543,47069279.1
21,S_B0,0.182587,2.894,2.893,38951902.1
21,S_B45,0.182552,2.893,2.893,38951865.6
21,S_C,0.104346,1.466,1.466,43941849.2
21,S_D,0.160458,2.399,2.397,41295850.9
21,S_E,0.027142,0.353,0.353,47419618.1
22,S_A,0.011969,0.149,0.149,49852416.1
22,S_B0,0.037673,0.583,0.583,40136811.1
22,S_B45,0.037678,0.583,0.583,40136937.8
22,S_C,0.032719,0.443,0.443,45905751.4
22,S_D,0.033387,0.484,0.483,42820094.3
22,S_E,0.008179,0.101,0.101,50337876.7
23,S_A,0.014918,0.174,0.174,55073713.4
23,S_B0,0.021605,0.301,0.301,46039369.9
23,S_B45,0.02159,0.301,0.301,46039479.9
23,S_C,0.027417,0.342,0.341,51447018.9
23,S_D,0.03098,0.409,0.405,48568403.2
23,S_E,0.011197,0.129,0.129,55515163.2
24,S_A,0.013054,0.266,0.266,31503887.4
24,S_B0,0.030409,0.827,0.827,23569515.6
24,S_B45,0.030402,0.827,0.827,23569502.4
24,S_C,0.027722,0.63,0.63,28201471.4
24,S_D,0.036273,0.905,0.904,25682726.2
24,S_E,0.009491,0.191,0.191,31907692.4
25,S_A,0.008445,0.103,0.103,53828430.9
25,S_B0,0.039547,0.578,0.578,44989439.7
25,S_B45,0.039539,0.578,0.578,44989410.9
25,S_C,0.026195,0.342,0.342,50338290.9
25,S_D,0.036728,0.509,0.509,47485675.8
25,S_E,0.005671,0.069,0.069,54240463.9
26,S_A,0.014362,0.199,0.199,51590820.2
26,S_B0,0.038096,0.643,0.643,42342384.2
26,S_B45,0.038067,0.642,0.642,42342500.7
26,S_C,0.030295,0.452,0.452,47847285.6
26,S_D,0.040885,0.65,0.649,44908153.2
26,S_E,0.010746,0.147,0.147,52050272.0
27,S_A,0.013992,0.178,0.178,56979933.9
27,S_B0,0.03879,0.585,0.585,48063019.0
27,S_B45,0.038782,0.585,0.585,48063126.6
27,S_C,0.03043,0.413,0.413,53437155.6
27,S_D,0.03706,0.531,0.529,50585303.8
27,S_E,0.010231,0.129,0.129,57406598.2
28,S_A,0.010649,0.2,0.2,39778880.7
28,S_B0,0.035032,0.834,0.834,31333860.7
28,S_B45,0.03502,0.834,0.834,31333840.1
28,S_C,0.023127,0.475,0.475,36364399.1
28,S_D,0.031286,0.694,0.693,33654084.9
28,S_E,0.007877,0.146,0.146,40185560.7
29,S_A,0.006932,0.099,0.099,53667980.2
29,S_B0,0.027785,0.475,0.475,44664131.7
29,S_B45,0.027771,0.475,0.475,44664105.1
29,S_C,0.018373,0.28,0.28,50117270.9
29,S_D,0.028389,0.459,0.459,47209689.4
29,S_E,0.005228,0.074,0.074,54086141.3
30,S_A,0.00859,0.133,0.133,50002497.7
30,S_B0,0.019985,0.383,0.383,40490833.3
30,S_B45,0.019961,0.382,0.382,40490955.1
30,S_C,0.018693,0.314,0.314,46127592.2
30,S_D,0.0254,0.457,0.455,43110843.9
30,S_E,0.006644,0.102,0.102,50480810.5
31,S_A,0.011293,0.168,0.168,52068919.9
31,S_B0,0.023881,0.429,0.429,43153070.0
31,S_B45,0.023876,0.429,0.429,43153180.8
31,S_C,0.018237,0.292,0.292,48448671.1
31,S_D,0.021824,0.371,0.369,45618453.0
31,S_E,0.008459,0.125,0.125,52514593.7
32,S_A,0.020681,0.481,0.481,33594761.7
32,S_B0,0.105115,3.263,3.263,25164742.8
32,S_B45,0.105101,3.263,3.263,25164733.6
32,S_C,0.064665,1.677,1.677,30117482.0
32,S_D,0.107699,3.068,3.066,27428952.1
32,S_E,0.01317,0.303,0.303,34009148.1
33,S_A,0.019887,0.542,0.542,33653214.5
33,S_B0,0.068307,2.517,2.517,24898926.8
33,S_B45,0.068294,2.516,2.516,24898923.2
33,S_C,0.047502,1.454,1.454,29968852.3
33,S_D,0.070121,2.364,2.362,27208582.2
33,S_E,0.012916,0.347,0.347,34114622.3
34,S_A,0.042922,0.563,0.563,60952616.8
34,S_B0,0.243729,3.644,3.644,53510369.6
34,S_B45,0.243697,3.643,3.643,53510343.6
34,S_C,0.12251,1.683,1.683,58247218.8
34,S_D,0.195142,2.798,2.798,55787134.6
34,S_E,0.028234,0.369,0.369,61236465.8
35,S_A,0.02834,0.614,0.614,38432473.0
35,S_B0,0.100447,2.938,2.938,28488062.9
35,S_B45,0.10043,2.938,2.938,28488056.0
35,S_C,0.069108,1.681,1.68,34262155.3
35,S_D,0.084145,2.253,2.242,31120750.9
35,S_E,0.019593,0.419,0.419,38952445.4
36,S_A,0.00862,0.155,0.155,48049196.0
36,S_B0,0.043204,0.946,0.945,39387665.3
36,S_B45,0.043194,0.945,0.945,39387643.4
36,S_C,0.028504,0.552,0.551,44555265.2
36,S_D,0.038196,0.788,0.787,41781271.6
36,S_E,0.005869,0.104,0.104,48470372.9
37,S_A,0.009854,0.302,0.302,28648005.4
37,S_B0,0.035196,1.47,1.47,20997633.7
37,S_B45,0.03519,1.47,1.47,20997622.1
37,S_C,0.028609,0.987,0.987,25434575.0
37,S_D,0.041359,1.576,1.574,23015073.8
37,S_E,0.007413,0.224,0.224,29044157.9
38,S_A,0.008325,0.186,0.186,39022054.6
38,S_B0,0.036479,1.042,1.042,30434394.3
38,S_B45,0.036468,1.042,1.042,30434375.9
38,S_C,0.024346,0.596,0.596,35536784.7
38,S_D,0.032169,0.853,0.852,32784245.7
38,S_E,0.006424,0.142,0.142,39438352.4
39,S_A,0.03525,0.675,0.675,45830449.7
39,S_B0,0.197839,4.369,4.369,39724250.4
39,S_B45,0.197825,4.368,4.368,39724229.3
39,S_C,0.101369,2.045,2.045,43485662.6
39,S_D,0.173669,3.671,3.67,41498053.9
39,S_E,0.023432,0.446,0.446,46090670.9
40,S_A,0.012061,0.189,0.189,56086572.4
40,S_B0,0.035377,0.658,0.658,47139186.8
40,S_B45,0.035377,0.658,0.658,47139295.4
40,S_C,0.024968,0.417,0.417,52525504.3
40,S_D,0.033209,0.587,0.586,49664657.1
40,S_E,0.008307,0.129,0.129,56515723.9
41,S_A,0.031821,0.734,0.733,42531373.8
41,S_B0,0.129071,3.718,3.718,34032974.9
41,S_B45,0.129056,3.718,3.718,34032950.5
41,S_C,0.073834,1.847,1.847,39183641.0
41,S_D,0.119935,3.228,3.227,36431743.4
41,S_E,0.021225,0.485,0.485,42913527.6
42,S_A,0.030929,0.488,0.488,57041836.7
42,S_B0,0.169877,2.979,2.979,51371486.3
42,S_B45,0.16987,2.979,2.979,51371464.9
42,S_C,0.087924,1.443,1.443,54908010.7
42,S_D,0.142522,2.42,2.42,53050886.5
42,S_E,0.020493,0.322,0.322,57274222.7
43,S_A,0.005054,0.086,0.086,52771225.9
43,S_B0,0.012314,0.256,0.256,43272881.6
43,S_B45,0.012316,0.256,0.256,43272997.2
43,S_C,0.012306,0.226,0.227,48960429.9
43,S_D,0.01678,0.329,0.328,45931359.8
43,S_E,0.003611,0.061,0.061,53234433.1
44,S_A,0.005282,0.139,0.139,35135238.9
44,S_B0,0.01525,0.524,0.524,26949589.9
44,S_B45,0.015247,0.524,0.524,26949584.0
44,S_C,0.011246,0.328,0.328,31737260.4
44,S_D,0.018325,0.582,0.583,29144562.7
44,S_E,0.003763,0.098,0.098,35556078.0
45,S_A,0.036398,0.563,0.563,60952616.8
45,S_B0,0.206682,3.644,3.644,53510369.6
45,S_B45,0.206655,3.643,3.643,53510343.6
45,S_C,0.103889,1.683,1.683,58247218.8
45,S_D,0.16548,2.798,2.798,55787134.6
45,S_E,0.023943,0.369,0.369,61236465.8
46,S_A,0.026708,0.405,0.405,62878916.0
46,S_B0,0.154442,2.652,2.651,55468092.6
46,S_B45,0.154405,2.651,2.651,55468066.1
46,S_C,0.075073,1.187,1.187,60211430.3
46,S_D,0.125346,2.067,2.066,57758158.0
46,S_E,0.017204,0.259,0.259,63156901.1
47,S_A,0.024194,0.615,0.615,37812498.5
47,S_B0,0.097575,3.246,3.246,28907176.8
47,S_B45,0.097568,3.245,3.246,28907164.0
47,S_C,0.061623,1.732,1.732,34213816.8
47,S_D,0.093155,2.857,2.854,31350093.1
47,S_E,0.01635,0.411,0.411,38231496.0
48,S_A,0.008614,0.158,0.158,53320505.6
48,S_B0,0.027431,0.608,0.607,44259056.6
48,S_B45,0.027415,0.607,0.607,44259169.5
48,S_C,0.020344,0.402,0.402,49669352.3
48,S_D,0.027169,0.569,0.569,46784620.1
48,S_E,0.006327,0.115,0.115,53766349.6
49,S_A,0.012191,0.239,0.239,50491893.1
49,S_B0,0.032751,0.786,0.786,41243905.0
49,S_B45,0.032738,0.786,0.786,41244023.5
49,S_C,0.025379,0.538,0.538,46739620.9
49,S_D,0.030793,0.696,0.695,43802150.9
49,S_E,0.008914,0.173,0.173,50953281.6
50,S_A,0.009163,0.281,0.281,32576622.5
50,S_B0,0.021529,0.872,0.872,24678537.8
50,S_B45,0.021528,0.872,0.872,24678523.6
50,S_C,0.02002,0.683,0.683,29316454.4
50,S_D,0.026214,0.978,0.977,26801215.0
50,S_E,0.006657,0.202,0.202,32972013.9
51,S_A,0.006413,0.135,0.135,52132970.9
51,S_B0,0.013515,0.347,0.347,42823628.2
51,S_B45,0.013498,0.346,0.346,42823745.8
51,S_C,0.012006,0.273,0.273,48371129.9
51,S_D,0.016433,0.398,0.396,45409847.8
51,S_E,0.004942,0.103,0.103,52593466.9
52,S_A,0.031479,0.604,0.604,57888884.1
52,S_B0,0.158585,3.554,3.553,49582238.7
52,S_B45,0.158558,3.553,3.553,49582211.3
52,S_C,0.080802,1.638,1.637,54825663.9
52,S_D,0.135628,2.893,2.893,52086498.4
52,S_E,0.020686,0.395,0.395,58213517.1
53,S_A,0.005859,0.124,0.124,52536139.8
53,S_B0,0.010633,0.273,0.273,43261955.7
53,S_B45,0.010616,0.273,0.273,43262071.9
53,S_C,0.011036,0.251,0.251,48792098.6
53,S_D,0.013194,0.32,0.318,45841380.7
53,S_E,0.004409,0.092,0.092,52994123.4
54,S_A,0.006685,0.152,0.152,49462801.4
54,S_B0,0.015489,0.431,0.431,40338382.8
54,S_B45,0.015485,0.431,0.431,40338496.1
54,S_C,0.01146,0.282,0.281,45729296.7
54,S_D,0.013479,0.354,0.353,42840923.3
54,S_E,0.005278,0.119,0.119,49926122.1
55,S_A,0.0049,0.104,0.104,53322449.1
55,S_B0,0.018867,0.485,0.485,44187296.6
55,S_B45,0.018851,0.485,0.485,44187410.9
55,S_C,0.01423,0.326,0.326,49646775.8
55,S_D,0.019771,0.481,0.479,46736257.8
55,S_E,0.00351,0.074,0.074,53770323.7
56,S_A,0.028882,0.996,0.996,34942964.1
56,S_B0,0.123968,5.483,5.484,27238015.5
56,S_B45,0.123971,5.484,5.483,27238009.2
56,S_C,0.073712,2.794,2.794,31782450.7
56,S_D,0.111718,4.589,4.589,29331978.4
56,S_E,0.019192,0.654,0.654,35330204.3
57,S_A,0.025259,1.554,1.554,20317747.2
57,S_B0,0.059372,5.356,5.356,13855305.7
57,S_B45,0.059363,5.356,5.355,13855318.0
57,S_C,0.044909,3.211,3.211,17480094.1
57,S_D,0.067433,5.444,5.442,15482794.5
57,S_E,0.017679,1.068,1.068,20688261.3
58,S_A,0.007906,0.257,0.256,38046155.2
58,S_B0,0.01546,0.645,0.645,29601769.8
58,S_B45,0.015454,0.645,0.645,29601760.4
58,S_C,0.016449,0.588,0.588,34535113.5
58,S_D,0.02273,0.881,0.879,31862111.3
58,S_E,0.006062,0.194,0.194,38481866.7
59,S_A,0.006933,0.154,0.154,56142116.3
59,S_B0,0.020526,0.545,0.545,47111278.2
59,S_B45,0.020521,0.544,0.544,47111388.6
59,S_C,0.01658,0.394,0.395,52545844.6
59,S_D,0.019814,0.499,0.497,49659095.7
59,S_E,0.004822,0.107,0.107,56576047.8
60,S_A,0.008411,0.185,0.185,56716307.8
60,S_B0,0.02085,0.546,0.546,47743356.4
60,S_B45,0.020845,0.546,0.546,47743467.6
60,S_C,0.018528,0.436,0.436,53148057.4
60,S_D,0.021035,0.523,0.521,50278292.7
60,S_E,0.005978,0.131,0.131,57146108.7
61,S_A,0.006588,0.146,0.146,56309122.2
61,S_B0,0.015737,0.417,0.417,47213018.8
61,S_B45,0.015733,0.417,0.417,47213133.2
61,S_C,0.014447,0.343,0.343,52685675.1
61,S_D,0.015898,0.399,0.397,49777710.9
61,S_E,0.004725,0.104,0.104,56746174.4
62,S_A,0.027847,0.821,0.821,42921825.6
62,S_B0,0.13735,4.776,4.776,36404122.4
62,S_B45,0.137334,4.775,4.775,36404100.4
62,S_C,0.071878,2.252,2.252,40404069.1
62,S_D,0.121306,4.011,4.009,38285483.7
62,S_E,0.018529,0.543,0.543,43202449.6
63,S_A,0.004931,0.197,0.197,33311154.4
63,S_B0,0.0194,1.03,1.03,25120295.6
63,S_B45,0.0194,1.03,1.03,25120293.1
63,S_C,0.013368,0.596,0.596,29888018.4
63,S_D,0.016389,0.8,0.801,27300691.4
63,S_E,0.003453,0.136,0.136,33737745.0
64,S_A,0.017016,1.301,1.301,17434470.6
64,S_B0,0.042906,4.884,4.884,11713378.1
64,S_B45,0.042899,4.883,4.883,11713393.0
64,S_C,0.03355,3.002,3.002,14900379.7
64,S_D,0.045301,4.597,4.594,13140752.2
64,S_E,0.012097,0.908,0.908,17768458.9
65,S_A,0.007172,0.174,0.174,55073713.4
65,S_B0,0.010387,0.301,0.301,46039369.9
65,S_B45,0.01038,0.301,0.301,46039479.9
65,S_C,0.013181,0.342,0.341,51447018.9
65,S_D,0.014894,0.409,0.405,48568403.2
65,S_E,0.005383,0.129,0.129,55515163.2
66,S_A,0.006929,0.278,0.278,33705225.6
66,S_B0,0.024126,1.284,1.284,25389218.2
66,S_B45,0.02412,1.284,1.284,25389204.6
66,S_C,0.018252,0.815,0.815,30266516.9
66,S_D,0.025991,1.272,1.27,27619441.2
66,S_E,0.005059,0.2,0.2,34122866.4
67,S_A,0.005786,0.158,0.158,50004475.1
67,S_B0,0.010466,0.355,0.355,40430802.1
67,S_B45,0.010471,0.355,0.355,40430926.1
67,S_C,0.010935,0.325,0.325,46099476.4
67,S_D,0.011984,0.381,0.378,43063882.2
67,S_E,0.003921,0.106,0.106,50486877.2
68,S_A,0.008539,0.208,0.208,56906898.7
68,S_B0,0.016513,0.478,0.478,47981287.1
68,S_B45,0.016508,0.478,0.478,47981395.1
68,S_C,0.015683,0.408,0.408,53356994.4
68,S_D,0.017447,0.48,0.478,50503051.4
68,S_E,0.00622,0.151,0.151,57334726.7
69,S_A,0.005692,0.166,0.166,48261020.9
69,S_B0,0.018393,0.652,0.652,39711263.9
69,S_B45,0.018389,0.652,0.652,39711241.8
69,S_C,0.015092,0.474,0.474,44822419.3
69,S_D,0.016312,0.546,0.546,42081064.3
69,S_E,0.004009,0.116,0.116,48674380.5
70,S_A,0.007549,0.364,0.364,29654308.6
70,S_B0,0.018946,1.228,1.228,22048815.5
70,S_B45,0.018945,1.227,1.227,22048816.1
70,S_C,0.014878,0.804,0.804,26451040.1
70,S_D,0.017309,1.028,1.027,24056781.6
70,S_E,0.005316,0.253,0.253,30056670.3
71,S_A,0.02633,0.767,0.767,49751643.0
71,S_B0,0.135215,4.606,4.606,42547382.9
71,S_B45,0.1352,4.605,4.605,42547358.4
71,S_C,0.071623,2.206,2.205,47062546.2
71,S_D,0.117503,3.81,3.81,44696422.4
71,S_E,0.017441,0.505,0.505,50040846.7
72,S_A,0.016059,0.614,0.614,38432473.0
72,S_B0,0.05692,2.938,2.938,28488062.9
72,S_B45,0.05691,2.938,2.938,28488056.0
72,S_C,0.039161,1.681,1.68,34262155.3
72,S_D,0.047682,2.253,2.242,31120750.9
72,S_E,0.011103,0.419,0.419,38952445.4
73,S_A,0.004451,0.124,0.124,53499745.5
73,S_B0,0.013467,0.453,0.453,44405026.3
73,S_B45,0.013455,0.452,0.452,44405138.3
73,S_C,0.009499,0.284,0.284,49842480.6
73,S_D,0.013721,0.436,0.434,46944775.3
73,S_E,0.003194,0.088,0.088,53945313.8
74,S_A,0.008765,0.344,0.344,41112025.7
74,S_B0,0.051602,2.545,2.545,32697380.7
74,S_B45,0.051594,2.545,2.545,32697359.3
74,S_C,0.030983,1.324,1.324,37740922.4
74,S_D,0.048042,2.212,2.211,35031906.3
74,S_E,0.006037,0.235,0.235,41509920.4
75,S_A,0.005816,0.217,0.217,43277706.2
75,S_B0,0.017042,0.797,0.797,34484956.6
75,S_B45,0.017034,0.797,0.797,34484941.9
75,S_C,0.013848,0.563,0.563,39688659.3
75,S_D,0.018159,0.794,0.792,36885429.8
75,S_E,0.004292,0.158,0.158,43715263.0
76,S_A,0.003483,0.185,0.185,30942718.2
76,S_B0,0.012676,0.894,0.894,23236279.7
76,S_B45,0.012675,0.894,0.894,23236278.2
76,S_C,0.009105,0.539,0.539,27702313.7
76,S_D,0.011747,0.762,0.763,25274486.6
76,S_E,0.002462,0.129,0.129,31349125.6
77,S_A,0.008598,0.47,0.47,30467603.2
77,S_B0,0.026053,1.973,1.973,22007799.7
77,S_B45,0.026048,1.973,1.973,22007799.1
77,S_C,0.019275,1.196,1.196,26850930.5
77,S_D,0.028526,1.965,1.961,24200762.8
77,S_E,0.005638,0.304,0.304,30927480.0
78,S_A,0.006457,0.327,0.327,32927495.2
78,S_B0,0.020778,1.395,1.395,24831769.9
78,S_B45,0.020773,1.394,1.394,24831767.1
78,S_C,0.015522,0.875,0.875,29549623.4
78,S_D,0.021529,1.329,1.33,26989722.8
78,S_E,0.004625,0.231,0.231,33347567.0
79,S_A,0.006365,0.319,0.319,33245327.6
79,S_B0,0.024888,1.638,1.638,25322538.9
79,S_B45,0.024879,1.637,1.637,25322535.7
79,S_C,0.016017,0.891,0.891,29954521.4
79,S_D,0.02137,1.298,1.295,27446435.9
79,S_E,0.004429,0.219,0.219,33653336.1
80,S_A,0.00529,0.165,0.165,53324911.9
80,S_B0,0.011997,0.447,0.447,44748096.4
80,S_B45,0.011991,0.447,0.447,44748201.8
80,S_C,0.012039,0.402,0.402,49881768.3
80,S_D,0.013075,0.462,0.46,47148645.7
80,S_E,0.003707,0.115,0.115,53744151.3
81,S_A,0.023613,0.717,0.717,55806008.2
81,S_B0,0.116152,4.162,4.161,47304890.5
81,S_B45,0.116136,4.161,4.161,47304863.4
81,S_C,0.061349,1.975,1.975,52641110.6
81,S_D,0.099777,3.393,3.392,49842729.2
81,S_E,0.015547,0.469,0.469,56143952.3
82,S_A,0.005182,0.235,0.235,38017286.7
82,S_B0,0.008227,0.478,0.478,29665412.8
82,S_B45,0.008228,0.478,0.478,29665394.4
82,S_C,0.010147,0.505,0.505,34629773.6
82,S_D,0.012958,0.699,0.698,31951720.4
82,S_E,0.003834,0.172,0.172,38421434.4
83,S_A,0.004099,0.161,0.161,43783280.7
83,S_B0,0.017,0.83,0.83,35320165.9
83,S_B45,0.016993,0.83,0.829,35320276.2
83,S_C,0.012673,0.542,0.542,40298351.1
83,S_D,0.018829,0.863,0.861,37625390.4
83,S_E,0.003074,0.12,0.12,44218668.9
84,S_A,0.003576,0.141,0.141,44430354.4
84,S_B0,0.011599,0.576,0.576,35307255.3
84,S_B45,0.011595,0.576,0.576,35307374.8
84,S_C,0.008853,0.382,0.382,40657144.0
84,S_D,0.012604,0.585,0.586,37779453.7
84,S_E,0.002561,0.1,0.1,44903390.1
85,S_A,0.013349,0.615,0.615,38762995.4
85,S_B0,0.059388,3.493,3.493,30361213.5
85,S_B45,0.059379,3.492,3.492,30361196.6
85,S_C,0.036653,1.85,1.85,35379846.8
85,S_D,0.057339,3.133,3.132,32679566.6
85,S_E,0.009145,0.417,0.417,39163725.8
86,S_A,0.018801,1.49,1.49,22528085.1
86,S_B0,0.045865,5.252,5.251,15594985.1
86,S_B45,0.045858,5.251,5.251,15594995.7
86,S_C,0.033732,3.087,3.087,19511653.7
86,S_D,0.051299,5.277,5.276,17358278.2
86,S_E,0.013049,1.017,1.017,22918094.5
87,S_A,0.006148,0.21,0.21,52220797.4
87,S_B0,0.016559,0.686,0.686,43107086.9
87,S_B45,0.016548,0.686,0.685,43107199.9
87,S_C,0.013914,0.512,0.512,48541659.2
87,S_D,0.017943,0.702,0.701,45642802.6
87,S_E,0.0044,0.149,0.149,52671260.1
88,S_A,0.005004,0.301,0.301,30229216.0
88,S_B0,0.008846,0.711,0.711,22622589.0
88,S_B45,0.008846,0.711,0.711,22622575.9
88,S_C,0.009849,0.662,0.662,27064908.5
88,S_D,0.011488,0.847,0.846,24649888.7
88,S_E,0.003588,0.213,0.213,30615903.3
89,S_A,0.004161,0.199,0.199,37988114.2
89,S_B0,0.016093,0.993,0.993,29471433.1
89,S_B45,0.016088,0.993,0.992,29471416.2
89,S_C,0.011373,0.599,0.599,34519965.4
89,S_D,0.014272,0.816,0.815,31793789.0
89,S_E,0.003139,0.149,0.149,38403700.2
90,S_A,0.016798,0.951,0.951,32105077.8
90,S_B0,0.060689,4.64,4.64,23781435.2
90,S_B45,0.060683,4.639,4.64,23781427.2
90,S_C,0.038768,2.459,2.459,28665519.1
90,S_D,0.062457,4.366,4.363,26011182.0
90,S_E,0.01138,0.636,0.636,32514904.6
91,S_A,0.012706,0.746,0.746,30961002.4
91,S_B0,0.039604,3.119,3.119,23087635.4
91,S_B45,0.039597,3.118,3.118,23087626.9
91,S_C,0.026794,1.759,1.758,27702876.9
91,S_D,0.038894,2.807,2.804,25195929.1
91,S_E,0.00853,0.495,0.495,31350478.7
92,S_A,0.003982,0.185,0.185,39875245.8
92,S_B0,0.015684,0.93,0.93,31243833.2
92,S_B45,0.015678,0.929,0.929,31243814.4
92,S_C,0.010496,0.534,0.534,36386159.6
92,S_D,0.014508,0.799,0.798,33615759.1
92,S_E,0.003064,0.141,0.141,40290422.9
93,S_A,0.004465,0.221,0.221,51907963.2
93,S_B0,0.015999,0.962,0.962,42623207.5
93,S_B45,0.015997,0.962,0.962,42623323.8
93,S_C,0.010165,0.541,0.541,48154929.9
93,S_D,0.014756,0.837,0.837,45201728.5
93,S_E,0.003036,0.149,0.149,52367348.3
94,S_A,0.004926,0.313,0.313,31497356.2
94,S_B0,0.016024,1.35,1.35,23742154.2
94,S_B45,0.016024,1.35,1.35,23742154.3
94,S_C,0.011251,0.796,0.796,28258546.3
94,S_D,0.014016,1.086,1.087,25808079.2
94,S_E,0.003386,0.212,0.212,31900643.3
95,S_A,0.002669,0.099,0.099,53688513.4
95,S_B0,0.010291,0.461,0.46,44684541.4
95,S_B45,0.010286,0.46,0.46,44684515.8
95,S_C,0.006951,0.277,0.277,50135954.9
95,S_D,0.010422,0.441,0.441,47228571.4
95,S_E,0.002042,0.075,0.075,54107090.0
96,S_A,0.005728,0.251,0.251,45629902.2
96,S_B0,0.012438,0.687,0.687,36196853.8
96,S_B45,0.012429,0.687,0.687,36196979.2
96,S_C,0.010385,0.498,0.498,41733030.4
96,S_D,0.013358,0.689,0.69,38756534.5
96,S_E,0.004226,0.183,0.183,46117805.7
97,S_A,0.010354,0.668,0.668,31630810.8
97,S_B0,0.037084,3.208,3.208,23588190.8
97,S_B45,0.037079,3.208,3.208,23588182.1
97,S_C,0.024358,1.756,1.756,28305191.8
97,S_D,0.036752,2.914,2.911,25742744.1
97,S_E,0.006833,0.435,0.435,32027843.2
98,S_A,0.003521,0.3,0.3,24418059.6
98,S_B0,0.007809,0.92,0.919,17691227.6
98,S_B45,0.007808,0.919,0.919,17691218.0
98,S_C,0.006082,0.587,0.587,21570712.6
98,S_D,0.006951,0.744,0.743,19451405.4
98,S_E,0.002615,0.22,0.22,24772051.5
99,S_A,0.002402,0.118,0.118,42323342.7
99,S_B0,0.003679,0.232,0.232,33088517.6
99,S_B45,0.00368,0.232,0.232,33088503.6
99,S_C,0.004988,0.27,0.27,38536919.2
99,S_D,0.006824,0.399,0.399,35596893.4
99,S_E,0.001863,0.091,0.091,42786626.1
100,S_A,0.003173,0.157,0.157,42127810.2
100,S_B0,0.007999,0.507,0.507,32895551.6
100,S_B45,0.007999,0.507,0.507,32895676.1
100,S_C,0.007778,0.423,0.423,38269010.2
100,S_D,0.008369,0.493,0.493,35367659.4
100,S_E,0.002296,0.112,0.112,42616427.8
101,S_A,0.01881,0.717,0.717,55806008.2
101,S_B0,0.092528,4.162,4.161,47304890.5
101,S_B45,0.092515,4.161,4.161,47304863.4
101,S_C,0.048871,1.975,1.975,52641110.6
101,S_D,0.079484,3.393,3.392,49842729.2
101,S_E,0.012385,0.469,0.469,56143952.3
102,S_A,0.004492,0.238,0.238,42000124.5
102,S_B0,0.013215,0.899,0.899,32658434.6
102,S_B45,0.013211,0.899,0.899,32658561.2
102,S_C,0.00869,0.507,0.507,38095517.7
102,S_D,0.011152,0.705,0.705,35159914.6
102,S_E,0.0034,0.178,0.178,42494458.4
103,S_A,0.009774,0.615,0.615,38762995.4
103,S_B0,0.04348,3.493,3.493,30361213.5
103,S_B45,0.043474,3.492,3.492,30361196.6
103,S_C,0.026835,1.85,1.85,35379846.8
103,S_D,0.041981,3.133,3.132,32679566.6
103,S_E,0.006696,0.417,0.417,39163725.8
104,S_A,0.003473,0.235,0.235,37921723.3
104,S_B0,0.00747,0.653,0.653,29322937.6
104,S_B45,0.007467,0.653,0.653,29322920.7
104,S_C,0.006384,0.476,0.475,34417050.8
104,S_D,0.00925,0.749,0.748,31665307.8
104,S_E,0.002597,0.174,0.174,38341895.3
105,S_A,0.010427,0.818,0.818,31860218.4
105,S_B0,0.041809,4.39,4.39,23807248.4
105,S_B45,0.041805,4.39,4.39,23807237.9
105,S_C,0.028036,2.457,2.457,28527239.9
105,S_D,0.041925,4.037,4.035,25964394.1
105,S_E,0.007246,0.561,0.561,32264828.5
106,S_A,0.002832,0.216,0.216,35417920.6
106,S_B0,0.008757,0.866,0.866,27331485.7
106,S_B45,0.008756,0.866,0.866,27331479.2
106,S_C,0.005143,0.433,0.433,32071310.8
106,S_D,0.008051,0.737,0.738,29507213.2
106,S_E,0.001916,0.145,0.145,35831318.7
107,S_A,0.013093,1.49,1.49,22528085.1
107,S_B0,0.031942,5.252,5.251,15594985.1
107,S_B45,0.031937,5.251,5.251,15594995.7
107,S_C,0.023492,3.087,3.087,19511653.7
107,S_D,0.035726,5.277,5.276,17358278.2
107,S_E,0.009088,1.017,1.017,22918094.5
108,S_A,0.003744,0.313,0.313,31497356.2
108,S_B0,0.012178,1.35,1.35,23742154.2
108,S_B45,0.012178,1.35,1.35,23742154.3
108,S_C,0.008551,0.796,0.796,28258546.3
108,S_D,0.010652,1.086,1.087,25808079.2
108,S_E,0.002573,0.212,0.212,31900643.3
109,S_A,0.003146,0.235,0.235,35198112.9
109,S_B0,0.006539,0.639,0.639,26911934.7
109,S_B45,0.006537,0.639,0.639,26911918.3
109,S_C,0.005428,0.449,0.449,31792626.6
109,S_D,0.008207,0.741,0.74,29149301.2
109,S_E,0.002344,0.173,0.173,35609603.3
110,S_A,0.007426,0.613,0.613,31876208.5
110,S_B0,0.032613,3.565,3.565,24073230.1
110,S_B45,0.032607,3.564,3.564,24073218.6
110,S_C,0.020764,1.907,1.906,28660534.9
110,S_D,0.030635,3.08,3.079,26174074.4
110,S_E,0.004998,0.408,0.408,32265304.0
111,S_A,0.010995,0.951,0.951,32105077.8
111,S_B0,0.039724,4.64,4.64,23781435.2
111,S_B45,0.03972,4.639,4.64,23781427.2
111,S_C,0.025375,2.459,2.459,28665519.1
111,S_D,0.040881,4.366,4.363,26011182.0
111,S_E,0.007449,0.636,0.636,32514904.6
112,S_A,0.013962,1.649,1.649,23520476.8
112,S_B0,0.036488,6.204,6.203,16337419.5
112,S_B45,0.036482,6.203,6.203,16337429.3
112,S_C,0.026605,3.622,3.622,20404126.9
112,S_D,0.03943,6.028,6.026,18170154.7
112,S_E,0.009686,1.125,1.125,23922241.6
113,S_A,0.002469,0.145,0.145,47141661.6
113,S_B0,0.006791,0.496,0.496,38066517.9
113,S_B45,0.006792,0.496,0.496,38066631.8
113,S_C,0.005436,0.348,0.348,43401493.8
113,S_D,0.006812,0.467,0.466,40536348.9
113,S_E,0.001987,0.116,0.116,47609260.2
114,S_A,0.003633,0.269,0.269,39730114.8
114,S_B0,0.013812,1.308,1.309,31047644.7
114,S_B45,0.013811,1.308,1.308,31047632.6
114,S_C,0.008511,0.692,0.692,36176575.6
114,S_D,0.01186,1.044,1.043,33410515.8
114,S_E,0.002527,0.185,0.185,40164134.7
115,S_A,0.013703,1.549,1.549,25270053.4
115,S_B0,0.035283,5.692,5.69,17711892.4
115,S_B45,0.035275,5.69,5.69,17711900.2
115,S_C,0.025675,3.333,3.333,22007890.2
115,S_D,0.037172,5.404,5.403,19651644.0
115,S_E,0.009432,1.049,1.049,25688495.8
116,S_A,0.002774,0.158,0.158,50004475.1
116,S_B0,0.005018,0.355,0.355,40430802.1
116,S_B45,0.00502,0.355,0.355,40430926.1
116,S_C,0.005243,0.325,0.325,46099476.4
116,S_D,0.005746,0.381,0.378,43063882.2
116,S_E,0.00188,0.106,0.106,50486877.2
117,S_A,0.00308,0.186,0.186,51879220.6
117,S_B0,0.007457,0.539,0.539,43240237.6
117,S_B45,0.007453,0.539,0.539,43240210.9
117,S_C,0.005936,0.383,0.383,48438122.1
117,S_D,0.007666,0.525,0.524,45658369.0
117,S_E,0.002268,0.136,0.136,52289014.1
118,S_A,0.002306,0.206,0.206,35056850.7
118,S_B0,0.006475,0.758,0.758,26689318.1
118,S_B45,0.006475,0.758,0.758,26689303.1
118,S_C,0.005283,0.522,0.522,31615584.1
118,S_D,0.00715,0.772,0.771,28946699.5
118,S_E,0.001758,0.155,0.155,35472783.4
119,S_A,0.010292,0.971,0.971,33119880.7
119,S_B0,0.027454,3.454,3.454,24840532.0
119,S_B45,0.027448,3.453,3.453,24840520.9
119,S_C,0.020368,2.143,2.142,29705654.2
119,S_D,0.030077,3.473,3.47,27066172.9
119,S_E,0.007072,0.659,0.659,33532643.0
120,S_A,0.00445,0.464,0.464,29956617.0
120,S_B0,0.015737,2.309,2.309,21300329.2
120,S_B45,0.015735,2.308,2.308,21300328.6
120,S_C,0.011715,1.396,1.396,26219760.3
120,S_D,0.014853,1.974,1.964,23519196.2
120,S_E,0.00318,0.327,0.327,30436365.6
121,S_A,0.001975,0.123,0.123,53553083.8
121,S_B0,0.003564,0.268,0.268,44271976.4
121,S_B45,0.003562,0.268,0.268,44272094.9
121,S_C,0.00385,0.258,0.258,49809553.4
121,S_D,0.004846,0.345,0.342,46854655.4
121,S_E,0.001491,0.092,0.092,54010217.6
122,S_A,0.001252,0.086,0.086,48639590.6
122,S_B0,0.002841,0.243,0.243,39029188.9
122,S_B45,0.002843,0.243,0.243,39029314.4
122,S_C,0.003286,0.245,0.245,44699680.8
122,S_D,0.003921,0.314,0.312,41657482.6
122,S_E,0.000924,0.063,0.063,49128766.7
123,S_A,0.002086,0.144,0.144,48150289.4
123,S_B0,0.003982,0.336,0.336,39512284.9
123,S_B45,0.00398,0.336,0.336,39512393.6
123,S_C,0.00391,0.292,0.292,44637062.5
123,S_D,0.005286,0.421,0.421,41896756.4
123,S_E,0.001601,0.11,0.11,48583696.2
124,S_A,0.011315,0.727,0.727,53634269.7
124,S_B0,0.055286,4.215,4.215,45227954.3
124,S_B45,0.055283,4.215,4.215,45227927.5
124,S_C,0.030147,2.059,2.059,50480748.8
124,S_D,0.046024,3.326,3.325,47719762.9
124,S_E,0.007471,0.477,0.477,53973786.9
125,S_A,0.007549,0.495,0.495,54408248.7
125,S_B0,0.041777,3.145,3.145,47448376.4
125,S_B45,0.041773,3.144,3.144,47448350.6
125,S_C,0.020052,1.383,1.382,51799628.5
125,S_D,0.035715,2.576,2.576,49517472.4
125,S_E,0.004963,0.324,0.324,54691057.9
126,S_A,0.012284,1.453,1.452,31321782.5
126,S_B0,0.037994,6.189,6.189,22735339.6
126,S_B45,0.037989,6.189,6.189,22735341.6
126,S_C,0.025829,3.455,3.454,27690437.4
126,S_D,0.039869,5.909,5.909,24989116.7
126,S_E,0.008344,0.972,0.972,31778461.9
127,S_A,0.001441,0.099,0.099,53688513.4
127,S_B0,0.005557,0.461,0.46,44684541.4
127,S_B45,0.005554,0.46,0.46,44684515.8
127,S_C,0.003753,0.277,0.277,50135954.9
127,S_D,0.005628,0.441,0.441,47228571.4
127,S_E,0.001103,0.075,0.075,54107090.0
128,S_A,0.001908,0.152,0.152,46379630.0
128,S_B0,0.003125,0.313,0.313,36928692.4
128,S_B45,0.003127,0.314,0.314,36928814.2
128,S_C,0.003833,0.334,0.334,42482404.5
128,S_D,0.004213,0.395,0.394,39497918.8
128,S_E,0.001459,0.115,0.115,46866573.5
129,S_A,0.000937,0.076,0.076,55926955.8
129,S_B0,0.003453,0.333,0.333,47107141.6
129,S_B45,0.00345,0.333,0.333,47107248.4
129,S_C,0.002274,0.197,0.197,52395154.4
129,S_D,0.00312,0.286,0.286,49581892.3
129,S_E,0.000726,0.059,0.059,56355504.9
130,S_A,0.008209,1.554,1.554,20317747.2
130,S_B0,0.019296,5.356,5.356,13855305.7
130,S_B45,0.019293,5.356,5.355,13855318.0
130,S_C,0.014596,3.211,3.211,17480094.1
130,S_D,0.021916,5.444,5.442,15482794.5
130,S_E,0.005746,1.068,1.068,20688261.3
131,S_A,0.002291,0.281,0.281,32576622.5
131,S_B0,0.005382,0.872,0.872,24678537.8
131,S_B45,0.005382,0.872,0.872,24678523.6
131,S_C,0.005005,0.683,0.683,29316454.4
131,S_D,0.006553,0.978,0.977,26801215.0
131,S_E,0.001664,0.202,0.202,32972013.9
132,S_A,0.001374,0.181,0.181,31616927.5
132,S_B0,0.006531,1.142,1.142,23826329.7
132,S_B45,0.006531,1.142,1.142,23826328.3
132,S_C,0.004001,0.588,0.588,28351579.3
132,S_D,0.005821,0.937,0.937,25893726.2
132,S_E,0.000967,0.126,0.126,32025150.9
133,S_A,0.008044,1.423,1.422,23561600.1
133,S_B0,0.022512,5.709,5.708,16430162.0
133,S_B45,0.02251,5.709,5.709,16430171.6
133,S_C,0.015676,3.19,3.19,20472722.5
133,S_D,0.022861,5.219,5.218,18252659.3
133,S_E,0.005573,0.969,0.969,23959171.3
134,S_A,0.001596,0.183,0.183,36313839.2
134,S_B0,0.003084,0.47,0.47,27349829.7
134,S_B45,0.003083,0.47,0.47,27349950.8
134,S_C,0.003764,0.483,0.482,32498655.7
134,S_D,0.003944,0.553,0.551,29702397.6
134,S_E,0.001158,0.131,0.131,36805933.1
135,S_A,0.002542,0.425,0.425,25975503.6
135,S_B0,0.007793,1.772,1.772,19121206.5
135,S_B45,0.007791,1.772,1.772,19121211.2
135,S_C,0.005964,1.124,1.124,23072613.9
135,S_D,0.00712,1.48,1.479,20920271.0
135,S_E,0.001787,0.295,0.295,26342075.9
136,S_A,0.001811,0.155,0.155,55572599.3
136,S_B0,0.006539,0.67,0.67,46472372.6
136,S_B45,0.006539,0.67,0.67,46472485.7
136,S_C,0.005178,0.475,0.475,51929735.9
136,S_D,0.006974,0.677,0.676,49024902.7
136,S_E,0.001255,0.107,0.107,56014006.6
137,S_A,0.001691,0.177,0.177,45367906.1
137,S_B0,0.005402,0.715,0.715,35987410.6
137,S_B45,0.0054,0.715,0.715,35987392.6
137,S_C,0.004163,0.477,0.477,41548705.2
137,S_D,0.005397,0.667,0.666,38552592.2
137,S_E,0.001198,0.125,0.125,45831532.7
138,S_A,0.000958,0.189,0.189,50785091.3
138,S_B0,0.002393,0.57,0.569,42022836.1
138,S_B45,0.002392,0.569,0.569,42022812.1
138,S_C,0.001943,0.411,0.411,47284720.2
138,S_D,0.002689,0.605,0.604,44468337.8
138,S_E,0.000704,0.138,0.138,51202991.4
139,S_A,0.001843,0.282,0.282,32698725.1
139,S_B0,0.008312,1.619,1.619,25667357.9
139,S_B45,0.008312,1.619,1.619,25667342.2
139,S_C,0.00563,0.943,0.943,29840103.7
139,S_D,0.007254,1.315,1.314,27590506.0
139,S_E,0.001282,0.194,0.194,33041363.6
140,S_A,0.001991,0.181,0.181,54939695.0
140,S_B0,0.006241,0.681,0.681,45823130.9
140,S_B45,0.00624,0.681,0.681,45823245.7
140,S_C,0.00484,0.472,0.472,51290559.7
140,S_D,0.005937,0.614,0.612,48381356.6
140,S_E,0.001376,0.124,0.124,55382151.7
141,S_A,0.006981,1.649,1.649,23520476.8
141,S_B0,0.018244,6.204,6.203,16337419.5
141,S_B45,0.018241,6.203,6.203,16337429.3
141,S_C,0.013302,3.622,3.622,20404126.9
141,S_D,0.019715,6.028,6.026,18170154.7
141,S_E,0.004843,1.125,1.125,23922241.6
142,S_A,0.001237,0.149,0.149,46280945.8
142,S_B0,0.002728,0.415,0.415,36524897.2
142,S_B45,0.002726,0.415,0.415,36525027.2
142,S_C,0.002734,0.36,0.359,42248155.4
142,S_D,0.003357,0.476,0.474,39169547.6
142,S_E,0.000896,0.106,0.106,46785831.7
143,S_A,0.005334,1.199,1.198,27812124.1
143,S_B0,0.017257,5.417,5.416,19911147.3
143,S_B45,0.017256,5.416,5.416,19911152.9
143,S_C,0.011382,2.91,2.91,24444361.4
143,S_D,0.016559,4.711,4.711,21967306.6
143,S_E,0.003684,0.815,0.815,28238937.7
144,S_A,0.001166,0.147,0.147,49444184.4
144,S_B0,0.002457,0.385,0.385,39890343.7
144,S_B45,0.002454,0.385,0.384,39890321.3
144,S_C,0.002266,0.31,0.31,45612248.0
144,S_D,0.002983,0.438,0.438,42544687.3
144,S_E,0.000857,0.107,0.107,49902833.5
145,S_A,0.00254,0.42,0.42,43221629.8
145,S_B0,0.008839,1.831,1.832,34470595.4
145,S_B45,0.008837,1.831,1.831,34470578.1
145,S_C,0.006047,1.089,1.089,39658406.7
145,S_D,0.00814,1.577,1.578,36864824.2
145,S_E,0.001741,0.285,0.285,43654838.3
146,S_A,0.001284,0.211,0.211,50629724.2
146,S_B0,0.002988,0.595,0.595,41824000.3
146,S_B45,0.002986,0.595,0.595,41823975.8
146,S_C,0.002747,0.486,0.486,47109113.7
146,S_D,0.003393,0.639,0.637,44279799.2
146,S_E,0.000941,0.154,0.154,51050383.2
147,S_A,0.000927,0.269,0.269,28662260.7
147,S_B0,0.003327,1.307,1.307,21204039.9
147,S_B45,0.003326,1.307,1.307,21204042.5
147,S_C,0.002029,0.663,0.663,25508805.8
147,S_D,0.003007,1.082,1.082,23165070.3
147,S_E,0.000656,0.188,0.188,29059855.2
148,S_A,0.000692,0.149,0.149,42156899.2
148,S_B0,0.003054,0.834,0.834,33280300.4
148,S_B45,0.003054,0.834,0.834,33280285.6
148,S_C,0.002114,0.499,0.499,38527831.9
148,S_D,0.003008,0.766,0.765,35698829.5
148,S_E,0.000494,0.106,0.106,42599798.1
149,S_A,0.00052,0.13,0.13,36497904.9
149,S_B0,0.001416,0.467,0.467,27540792.8
149,S_B45,0.001416,0.467,0.467,27540786.9
149,S_C,0.001366,0.379,0.379,32756184.8
149,S_D,0.002077,0.631,0.632,29924874.6
149,S_E,0.000417,0.103,0.103,36963790.1
150,S_A,0.000852,0.171,0.171,45218607.1
150,S_B0,0.002194,0.556,0.556,35883891.8
150,S_B45,0.002194,0.556,0.556,35884013.1
150,S_C,0.002209,0.486,0.485,41359106.1
150,S_D,0.002977,0.704,0.703,38414666.1
150,S_E,0.000606,0.121,0.121,45702334.6
151,S_A,0.000977,0.267,0.267,36592021.9
151,S_B0,0.003345,1.154,1.154,28997784.9
151,S_B45,0.003345,1.154,1.154,28997765.6
151,S_C,0.002682,0.8,0.8,33521244.0
151,S_D,0.002899,0.932,0.932,31084957.0
151,S_E,0.000707,0.191,0.191,36958074.3
152,S_A,0.000891,0.179,0.179,49775303.9
152,S_B0,0.002678,0.668,0.668,40076630.5
152,S_B45,0.002678,0.668,0.668,40076756.4
152,S_C,0.002272,0.496,0.496,45816378.1
152,S_D,0.003334,0.78,0.779,42741860.1
152,S_E,0.000644,0.128,0.128,50264886.1
153,S_A,0.000675,0.156,0.156,43373959.2
153,S_B0,0.001898,0.569,0.569,33335965.1
153,S_B45,0.001899,0.57,0.57,33336102.2
153,S_C,0.001962,0.501,0.501,39189923.7
153,S_D,0.002668,0.741,0.741,36030777.8
153,S_E,0.000472,0.108,0.108,43901711.6
154,S_A,0.000643,0.127,0.127,50476246.6
154,S_B0,0.001721,0.423,0.423,40673865.8
154,S_B45,0.001722,0.423,0.423,40673994.3
154,S_C,0.001742,0.375,0.375,46497766.4
154,S_D,0.002229,0.514,0.514,43383689.6
154,S_E,0.000464,0.091,0.091,50965181.4
