farm_id,R1_f,R2_f,R1_e,R2_e,ws_mean,disp_f,n_turb,cent_lon,cent_lat,pc1_angle,axis_bearing,pc1_share,aspect_ratio,nn_mean_m,nn_med_m,spacing_D_mean,spacing_D_med,ce_r,n_comp,layout_type,last_year,country,region,A_para,A_real,corr,is_corr
0,0.2549603806939448,0.1384371999135275,0.22912054836378412,0.28476228353873934,7.753343896779058,0.7450396193060552,928,121.4104405,32.830987,21.62,68.38,0.663,1.403,676.6,642.0,3.417,3.243,0.751,17,multi_cluster,2024,China,east_asia,0.4861331,1.752726628786399,other,False
1,0.21214429390910053,0.1602801828671151,0.18310862626029603,0.30104740268837077,7.708900899314057,0.7878557060908995,588,121.1846675,33.4708095,118.68,151.32,0.7418,1.695,717.4,677.4,3.623,3.421,0.877,13,multi_cluster,2024,China,east_asia,0.50992805,1.7195209490991608,other,False
2,0.24211537740352868,0.23257944843231018,0.5142938615724055,0.3802373425210831,9.753948535627769,0.7578846225964713,572,2.9152525,51.6454315,127.79,142.21,0.5984,1.221,807.6,700.7,4.079,3.539,1.546,1,cluster,2024,Belgium,europe,0.40096542,0.35784685421196333,other,False
3,0.23849677910296851,0.15594286754367837,0.19481506051484174,0.31174069087118056,7.840565908435747,0.7615032208970315,441,121.815548,32.670181,6.07,83.93,0.8749,2.645,525.7,477.8,2.655,2.413,0.983,12,multi_cluster,2024,China,east_asia,0.4404572,2.9683568736342476,other,False
4,0.5277504259155853,0.26655864203942115,0.6205102142657889,0.44932344597550605,7.705650417216781,0.4722495740844147,364,111.56654,21.297721,4.27,85.73,0.6681,1.419,540.7,518.2,2.731,2.617,1.036,7,multi_cluster,2024,China,east_asia,2.1198604,3.963024136016685,other,False
5,0.2865225513060899,0.10973299954848888,0.4783497844901385,0.21706197342263447,10.165034581062208,0.7134774486939102,339,1.771577,53.908667,173.24,96.76,0.8612,2.491,1250.4,1257.1,6.315,6.349,1.587,1,belt,2024,United Kingdom,europe,0.27690506,0.12659110695266326,other,False
6,0.10664576114603289,0.25042917293071215,0.1486368578067081,0.3544596519013483,7.137512486341761,0.8933542388539671,292,121.553896,36.4593535,33.28,56.72,0.7937,1.962,687.2,726.6,3.471,3.67,1.087,1,cluster,2024,China,east_asia,0.7564929,2.7642742937950944,other,False
7,0.25450710426983436,0.1286648677932592,0.4572854434221419,0.23875053251734926,10.099360236844696,0.7454928957301656,284,6.5257175,54.0031695,103.0,167.0,0.6896,1.49,798.1,780.1,4.031,3.94,1.817,1,rule_grid,2024,Netherlands,europe,0.24394669,0.2097953530687171,other,False
8,0.5200152019195153,0.23622612603215293,0.574731230087411,0.43161062871100353,8.056029159076898,0.47998479808048466,278,111.5842055,20.990707,61.73,28.27,0.5656,1.141,726.5,712.6,3.669,3.599,1.07,7,multi_cluster,2024,China,east_asia,1.9632953,1.8682636711038982,other,False
9,0.2699638659942175,0.13211638557072916,0.5057097492704354,0.2044798765602569,9.784261835706465,0.7300361340057825,267,-3.505876,54.030201,131.71,138.29,0.7152,1.585,723.1,738.9,3.652,3.732,1.453,3,multi_cluster,2024,United Kingdom,europe,0.32410148,0.6291759445557146,other,False
10,0.27083523075000876,0.05710374669956519,0.3494422013802448,0.1001655286309656,10.015439604242056,0.7291647692499912,246,-2.850594,58.196648,47.05,42.95,0.732,1.653,1162.1,1130.9,5.869,5.711,1.433,1,cluster,2024,United Kingdom,europe,0.3679459,0.1442257601142116,other,False
11,0.25415689004726055,0.14007021045976326,0.4406320001675414,0.22179335487630414,10.158835808890274,0.7458431099527394,246,7.6926805,54.471491,85.64,4.36,0.863,2.51,650.9,600.4,3.287,3.033,1.596,1,belt,2024,Germany,europe,0.15909462,0.5750860417480558,other,False
12,0.4446972931329608,0.5972945755746106,0.7079293448496331,0.7565311041994562,7.910681950000731,0.5553027068670392,244,116.207802,22.6310215,20.73,69.27,0.9785,6.751,555.4,541.8,2.805,2.736,0.987,21,multi_cluster,2024,China,east_asia,2.92008,5.640706315255273,China strait,True
13,0.30257421514358684,0.12260992004983788,0.5300803861213004,0.2590336200531372,8.926454472616662,0.6974257848564132,215,-3.593973,53.451647,6.19,83.81,0.673,1.435,636.6,712.0,3.215,3.596,1.428,3,multi_cluster,2024,United Kingdom,europe,0.4365902,0.35355384461835043,other,False
14,0.15880085211134182,0.23973349377910072,0.26797267039823425,0.4202619240832595,7.484325028049123,0.8411991478886582,181,123.371441,39.479305,98.41,171.59,0.7306,1.647,736.4,686.0,3.719,3.465,1.067,3,multi_cluster,2024,China,east_asia,1.0076768,1.591232067841469,other,False
15,0.2397110398843063,0.19452796758513094,0.5291789253617151,0.3590510185224172,9.472709810055266,0.7602889601156937,182,4.077370999999999,52.34044,56.26,33.74,0.8258,2.177,1083.2,1106.7,5.471,5.589,1.557,1,cluster,2024,Netherlands,europe,0.39183852,0.13911898941981454,other,False
16,0.2639486826427776,0.12165920243034417,0.45197288608714886,0.21090537998791012,10.278569169873284,0.7360513173572224,178,5.9099155,54.329816,34.99,55.01,0.8171,2.113,823.5,846.6,4.159,4.276,1.754,1,cluster,2024,Netherlands,europe,0.27730957,0.14125602001516877,other,False
17,0.27389346779427093,0.2341610354019212,0.5001359234047889,0.39612557132320714,9.255111338235428,0.7261065322057291,175,1.498285,51.625977,92.11,177.89,0.62,1.277,644.7,647.3,3.256,3.269,1.646,1,cluster,2024,United Kingdom,europe,0.52720726,0.834239495579588,other,False
18,0.24964953904574905,0.13024174700782803,0.45497328440873774,0.24945086086392415,10.098940890346338,0.750350460954251,174,6.96841,54.014252,27.53,62.47,0.8621,2.501,846.7,822.1,4.276,4.152,1.459,2,multi_cluster,2024,Germany,europe,0.17219108,0.1415099369362713,other,False
19,0.19692886841698262,0.15102741066161246,0.1920312889948351,0.27633465227016724,7.220571641012423,0.8030711315830174,171,120.620415,34.282251,14.33,75.67,0.8399,2.291,654.5,646.1,3.306,3.263,1.239,3,multi_cluster,2024,China,east_asia,0.62631065,2.1177763041452646,other,False
20,0.2669363757311839,0.11921053947830468,0.4416696352498382,0.19837943103665323,10.32904108489357,0.7330636242688161,167,6.348662,54.480202,82.8,7.2,0.6915,1.497,702.9,683.5,3.55,3.452,1.627,1,cluster,2024,Netherlands,europe,0.2745117,0.2875819746490317,other,False
21,0.4346198282370325,0.6524436258660314,0.4004549636122002,0.7881548018085129,8.77545115590021,0.5653801717629675,162,120.922487,27.2727215,175.39,94.61,0.6571,1.384,536.9,489.5,2.712,2.472,0.841,11,multi_cluster,2024,China,east_asia,1.7576145,5.734782519607898,other,False
22,0.2887340880812135,0.2431700495920078,0.4850662698014243,0.3849188728316943,9.201653270276488,0.7112659119187865,161,11.608343,54.553768,172.18,97.82,0.9571,4.724,535.8,496.6,2.706,2.508,1.499,2,multi_cluster,2024,Germany,europe,0.39033163,0.9741830702259603,other,False
23,0.25804003110114226,0.12798584222807957,0.4602562119303575,0.23227419633788582,10.148819947878058,0.7419599688988577,156,6.0937635,54.04368,3.91,86.09,0.8782,2.685,846.3,804.2,4.274,4.062,1.826,1,belt,2024,Netherlands,europe,0.27519974,0.15701235172466466,other,False
24,0.2793220287481816,0.08846811075759786,0.29002926811655055,0.20965414560660597,7.142349307440707,0.7206779712518183,156,121.232172,32.5359345,164.1,105.9,0.8357,2.255,741.5,696.6,3.745,3.518,1.568,1,cluster,2024,China,east_asia,0.60728556,0.4910131745106916,other,False
25,0.2857140410526261,0.28239797231191915,0.4292714027804535,0.447562341220929,9.806231109798725,0.7142859589473739,152,13.106219,54.996092,165.69,104.31,0.8672,2.555,929.4,740.8,4.694,3.741,1.27,3,multi_cluster,2024,Sweden,europe,0.3633366,0.3616753416677438,other,False
26,0.2717094214737529,0.22788468421899324,0.5029442879685542,0.382159258311714,9.5980504073572,0.7282905785262471,140,1.957084,51.925519,37.42,52.58,0.7493,1.729,949.6,896.9,4.796,4.53,1.707,1,cluster,2024,United Kingdom,europe,0.45537233,0.18238454101429255,other,False
27,0.25591235066018087,0.14194662976521594,0.40082485359538345,0.16894969758000197,10.390976636322847,0.7440876493398192,138,7.597775,55.6248915,70.14,19.86,0.8513,2.393,767.8,545.8,3.878,2.757,1.296,13,multi_cluster,2024,Denmark,europe,0.40304032,0.2556276353218433,other,False
28,0.23871507719257443,0.1929155111223866,0.17004665253065895,0.35348042615720116,8.025339735150148,0.7612849228074255,134,122.147894,32.128049000000004,151.28,118.72,0.8863,2.793,568.2,540.0,2.87,2.727,1.139,8,multi_cluster,2024,China,east_asia,0.53027326,2.9109589826430047,other,False
29,0.2697564168301898,0.26599887191008126,0.44159803128921155,0.4190673731252125,9.751770645387065,0.7302435831698102,131,14.088368,54.808451,116.96,153.04,0.7734,1.848,708.3,679.2,3.577,3.43,1.728,1,cluster,2024,Sweden,europe,0.31012934,0.42078899837903067,other,False
30,0.28667371971040123,0.17329991384153795,0.4719184637189098,0.29465950495011956,9.31730059285344,0.7133262802895988,129,0.475343,53.179531,82.46,7.54,0.8342,2.243,596.4,572.2,3.012,2.89,1.657,1,cluster,2024,United Kingdom,europe,0.2947571,0.8023674663591553,other,False
31,0.24760886285842404,0.1751202290323963,0.5167546359464738,0.3233456864506351,9.809136214108467,0.7523911371415759,129,4.233488,52.648853,74.89,15.11,0.8916,2.868,872.3,895.7,4.406,4.524,1.39,2,multi_cluster,2024,Netherlands,europe,0.30187947,0.12396333620030175,other,False
32,0.4410162421453631,0.3131573347177285,0.5460617338750967,0.45665928264824074,7.339857844905287,0.5589837578546368,128,112.213505,21.4380585,62.75,27.25,0.6758,1.444,514.9,483.8,2.601,2.443,0.899,9,multi_cluster,2024,China,east_asia,2.0088065,5.642060740369516,other,False
33,0.46103768878593065,0.22793647623331148,0.4106741270297482,0.35810714506859503,7.3050271638326745,0.5389623112140693,109,109.154125,20.144969,172.63,97.37,0.7881,1.929,1032.3,977.2,5.213,4.935,1.203,4,multi_cluster,2024,China,east_asia,1.6229962,1.789824825908151,other,False
34,0.4370152710811307,0.8602226780514892,0.7104608426832719,0.9352700088153191,10.56777768730913,0.5629847289188693,125,119.3904,25.127755,25.64,64.36,0.8422,2.31,648.4,691.5,3.275,3.492,1.192,2,multi_cluster,2024,China,east_asia,2.1166852,2.7210607116491548,other,False
35,0.5646472398185093,0.11969213219837313,0.5898836401020966,0.21390104363222978,7.800432006366369,0.4353527601814907,120,110.750843,20.5971575,89.68,0.32,0.7418,1.695,628.7,547.3,3.175,2.764,1.235,4,multi_cluster,2024,China,east_asia,1.805266,2.3926451832257145,other,False
36,0.2814397193725503,0.30863525286093324,0.5359848319602386,0.48588725778813074,9.18564182611823,0.7185602806274497,116,-0.2841045,50.670015,12.78,77.22,0.8123,2.08,747.3,749.8,3.774,3.787,2.02,1,rule_grid,2024,United Kingdom,europe,0.58126575,0.7011929347283868,other,False
37,0.2850070868907208,0.1857238024889801,0.27266910922987697,0.3387028491366048,6.861875960285647,0.7149929131092791,114,121.5619085,30.6304955,7.11,82.89,0.9194,3.377,748.3,670.2,3.779,3.385,1.042,4,multi_cluster,2024,China,east_asia,1.0044619,1.149706578091215,other,False
38,0.2696443731366923,0.20968471510257478,0.2033037550403895,0.41407770497280766,7.929327931188071,0.7303556268633077,115,121.995605,30.75804,137.07,132.93,0.8757,2.654,615.1,538.3,3.107,2.719,1.182,4,multi_cluster,2024,China,east_asia,0.6431658,1.9812300578879571,other,False
39,0.41048743168047686,0.8169637948291067,0.8251069117413675,0.96530373291603,9.208612697713184,0.5895125683195231,114,120.147337,23.98411,66.45,23.55,0.6213,1.281,870.4,934.9,4.396,4.722,1.276,4,multi_cluster,2024,Taiwan,east_asia,2.5954492,2.1887400414256346,other,False
40,0.3275621596728357,0.1470563107956929,0.47982722602906636,0.22980069486206278,10.213664732866851,0.6724378403271642,114,-1.6795105,56.5982545,168.68,101.32,0.7081,1.558,1179.9,1044.3,5.959,5.274,1.283,2,multi_cluster,2024,United Kingdom,europe,0.43943143,0.30043912042005205,other,False
41,0.4458576701393019,0.5985766170933247,0.706567630173494,0.8072453516595812,8.200045820679366,0.5541423298606981,102,117.0248165,23.232717,38.39,51.61,0.8077,2.05,690.6,689.9,3.488,3.484,1.263,2,multi_cluster,2024,China,east_asia,2.2879903,3.5959558024822043,other,False
42,0.4114361101258669,0.8652497916580902,0.8280534761334012,0.9599655005681904,11.20262968989104,0.5885638898741331,111,119.921352,24.157376,172.43,97.57,0.895,2.919,507.6,499.6,2.564,2.523,0.968,5,multi_cluster,2024,Taiwan,east_asia,1.7719945,4.268885625046844,other,False
43,0.2927965315876865,0.15407715002840994,0.40965496690529696,0.21559809436428218,9.576583034491927,0.7072034684123135,111,11.210169,56.594379,102.83,167.17,0.8667,2.55,725.8,695.8,3.666,3.514,1.402,1,belt,2024,Denmark,europe,0.2024669,0.8110348485532972,other,False
44,0.13011050269265587,0.09220691779828025,0.07644402421819585,0.2102727525815945,7.531562871688684,0.8698894973073441,108,118.9520835,38.2729225,172.19,97.81,0.9687,5.561,628.9,574.3,3.176,2.901,1.066,5,multi_cluster,2024,China,east_asia,0.3659906,1.845038184200798,other,False
45,0.4370152710811307,0.8602226780514892,0.7104608426832719,0.9352700088153191,10.56777768730913,0.5629847289188693,106,119.549318,25.2552455,6.61,83.39,0.7643,1.801,410.1,394.0,2.071,1.99,1.079,2,multi_cluster,2024,China,east_asia,2.1166852,4.046158566660509,other,False
46,0.4425558115539181,0.819106012050666,0.5676177035821576,0.9008996156500553,10.757732785201432,0.5574441884460819,105,119.992184,25.818784,72.18,17.82,0.8578,2.456,617.4,620.5,3.118,3.134,1.244,2,multi_cluster,2024,China,east_asia,1.5367049,2.781769307034277,other,False
47,0.4692599517752957,0.4603028786507718,0.664843430205129,0.5998516914735362,7.664146914240452,0.5307400482247042,104,114.9443935,22.305439,16.7,73.3,0.8233,2.159,807.8,782.3,4.08,3.951,1.256,3,multi_cluster,2024,China,east_asia,2.0171506,3.133749548772874,other,False
48,0.2678482481736774,0.20810111983525392,0.5080281784677044,0.35587132362027746,9.888037743824727,0.7321517518263225,102,2.5039695,52.233097,81.46,8.54,0.8517,2.397,734.3,740.5,3.708,3.74,1.247,1,belt,2024,United Kingdom,europe,0.40983877,1.0038244032704038,other,False
49,0.26292701958736153,0.2592840034757958,0.4900656291431068,0.40845482872935,9.440885144433583,0.7370729804126385,101,1.633079,51.431334,142.37,127.63,0.7479,1.722,469.4,476.8,2.371,2.408,1.819,1,rule_grid,2024,France,europe,0.53606254,1.774712494702533,other,False
50,0.18757443954701286,0.1313739573797591,0.19548808968720852,0.2503359225616791,7.204156052608606,0.8124255604529871,100,120.362833,34.510617999999994,6.0,84.0,0.7564,1.762,699.6,693.3,3.533,3.501,1.29,2,multi_cluster,2024,China,east_asia,0.64799887,2.043657282235818,other,False
51,0.28353621757901376,0.16690437903908337,0.4765707889767313,0.28613932041754364,9.626706403705581,0.7164637824209863,91,0.839748,53.272234,129.1,140.9,0.8619,2.498,838.7,836.7,4.236,4.226,1.861,1,belt,2024,United Kingdom,europe,0.26666322,0.3456222818808866,other,False
52,0.4489522932181838,0.8308027930503077,0.5860930238147614,0.9080672159450526,9.960850465213626,0.5510477067818162,90,119.7655905,25.6745015,157.9,112.1,0.9156,3.294,397.9,337.2,2.01,1.703,0.713,9,multi_cluster,2024,China,east_asia,2.105944,5.4764089983948665,other,False
53,0.28587056969831437,0.14325369883563338,0.474656532681848,0.2553092927806414,9.68951781214013,0.7141294303016856,90,0.8427925,53.4772775,145.99,124.01,0.804,2.025,993.4,992.3,5.017,5.012,1.639,1,cluster,2024,United Kingdom,europe,0.22179689,0.34868193946172144,other,False
54,0.24256204125095326,0.1477047889993743,0.5172819344373172,0.2856691665961121,9.399007061402134,0.7574379587490467,89,5.263798,53.001633,103.31,166.69,0.5221,1.045,659.7,657.1,3.332,3.319,2.18,1,rule_grid,2024,Netherlands,europe,0.29466137,0.27795868806799395,other,False
55,0.2771691653965794,0.14058080975304002,0.4770203438913049,0.2531667144236412,9.821586028868538,0.7228308346034207,88,1.1474069999999998,53.135955,139.17,130.83,0.8455,2.34,645.6,643.3,3.26,3.249,2.132,1,rule_grid,2024,United Kingdom,europe,0.32553092,0.5559021378948397,other,False
56,0.2923304282589198,0.47168650050394945,0.4552501221997956,0.7785026786224336,7.467747017443442,0.7076695717410801,83,108.208164,21.339756,62.18,27.82,0.7056,1.548,707.1,687.1,3.571,3.47,1.474,1,cluster,2024,Vietnam,east_asia,3.333206,3.1067503150542697,Vietnam,True
57,0.19627801993278512,0.5990274497692126,0.340218548321117,0.794017397902032,6.038367852894496,0.8037219800672148,80,105.8074895,9.2222045,27.25,62.75,0.7225,1.614,354.1,246.6,1.788,1.245,0.864,13,multi_cluster,2024,Vietnam,east_asia,3.6643736,15.790969504033365,Vietnam,True
58,0.223485526769507,0.21561927782122361,0.45266394724692327,0.36653633671484875,7.961463713275072,0.7765144732304929,81,-2.611608,47.157816,165.43,104.57,0.8239,2.163,1047.2,997.8,5.289,5.04,1.81,2,multi_cluster,2024,France,europe,0.5345729,0.35864103438295053,other,False
59,0.25258836640774784,0.14123307591341688,0.4126548029382828,0.1668787432218309,10.243898705957472,0.7474116335922522,80,7.840513,55.4864635,169.98,100.02,0.6259,1.293,555.2,555.7,2.804,2.807,2.238,1,rule_grid,2024,Denmark,europe,0.37356508,0.7415164928948403,other,False
60,0.26180508578731654,0.13457722464906277,0.40849808557993494,0.17852448286461026,10.34938825423288,0.7381949142126835,80,7.196354,55.138005,94.76,175.24,0.9456,4.169,871.3,861.5,4.401,4.351,1.886,1,belt,2024,Denmark,europe,0.39406958,0.5947170524564164,other,False
61,0.2560756077653229,0.14164902640188212,0.42461313340553,0.1915837187411313,10.251533681134273,0.7439243922346771,80,7.776749,55.0175075,93.85,176.15,0.85,2.381,688.9,688.8,3.48,3.479,2.197,1,belt,2024,Denmark,europe,0.3039361,0.5098015193237503,other,False
62,0.40941057653892804,0.787121067824003,0.756352934287432,0.9268380109828412,8.618747830860034,0.590589423461072,79,120.027985,23.592579,73.26,16.74,0.8362,2.259,834.0,792.7,4.212,4.004,1.669,1,cluster,2024,Taiwan,east_asia,2.8626366,0.9866545635470265,other,False
63,0.17284225139215006,0.11946035547411148,0.027701469657593007,0.2103079769783488,7.317668210535691,0.82715774860785,75,118.803596,38.998947,27.5,62.5,0.6969,1.516,778.6,780.8,3.932,3.944,1.7,1,cluster,2024,China,east_asia,0.6318271,0.567270663414238,other,False
64,0.274422075657195,0.5146649005819998,0.38998422792982557,0.7143525424798429,5.7508065351778495,0.725577924342805,75,106.848553,10.163074,76.25,13.75,0.851,2.39,416.3,463.0,2.103,2.338,0.596,10,multi_cluster,2024,Vietnam,east_asia,3.2617457,11.6329486812699,Vietnam,True
65,0.25804003110114226,0.12798584222807957,0.4602562119303575,0.23227419633788582,10.148819947878058,0.7419599688988577,75,5.884929,54.035374,137.37,132.63,0.7154,1.585,644.2,625.7,3.254,3.16,1.977,1,rule_grid,2024,Netherlands,europe,0.27519974,0.5012220902187221,other,False
66,0.2971070694163608,0.17876851972071164,0.2750762325814365,0.31672820591636813,7.345737478556179,0.7028929305836392,74,121.4767415,30.463653,100.88,169.12,0.8299,2.209,432.4,398.7,2.184,2.014,1.113,3,multi_cluster,2024,China,east_asia,0.8551135,5.560136497043811,China strait,True
67,0.2936786736331,0.1488406044396782,0.46847005556954735,0.2429293463804904,9.302085667026436,0.7063213263668999,73,0.292219,53.645441,64.56,25.44,0.6586,1.389,582.2,584.8,2.941,2.954,2.186,1,rule_grid,2024,United Kingdom,europe,0.27952263,0.8062824591677261,other,False
68,0.26554074896952884,0.12245993742024155,0.4097149937376582,0.1706098641315895,10.405925243564559,0.7344592510304712,72,6.8501545,55.1948855,102.51,167.49,0.9715,5.84,991.1,991.1,5.005,5.005,2.162,1,belt,2024,Denmark,europe,0.36676383,0.5995775561763174,other,False
69,0.23940370851038595,0.2717607370235722,0.4970662823271178,0.4266527888798685,9.20887575065985,0.760596291489614,71,0.234987,49.893795,63.4,26.6,0.8368,2.265,1083.2,1088.7,5.471,5.499,2.306,1,rule_grid,2024,France,europe,0.43443194,0.5405850903896668,other,False
70,0.11045752249512451,0.2541426458892252,0.14285427932678746,0.3530358376706012,6.9097957535584085,0.8895424775048755,70,121.2344305,36.4325515,82.75,7.25,0.8181,2.121,675.8,659.3,3.413,3.33,1.429,2,multi_cluster,2024,China,east_asia,0.816981,1.3565125967723912,other,False
71,0.3927331647898265,0.8258886751499125,0.6900414890306308,0.9358048724513097,9.105874562124054,0.6072668352101736,69,120.789452,24.70959,44.09,45.91,0.8572,2.45,883.1,946.6,4.46,4.781,1.441,1,belt,2024,Taiwan,east_asia,2.749731,1.4458217001159437,other,False
72,0.5646472398185093,0.11969213219837313,0.5898836401020966,0.21390104363222978,7.800432006366369,0.4353527601814907,68,110.629524,20.581868,76.39,13.61,0.6584,1.388,638.0,616.4,3.222,3.113,1.339,1,cluster,2024,China,east_asia,1.805266,2.3249001067134007,other,False
73,0.2761706027985157,0.130226321762762,0.4755562993529679,0.2379638716973631,9.857356731649574,0.7238293972014843,67,1.378235,53.267633,127.47,142.53,0.745,1.709,870.1,845.9,4.395,4.272,1.965,1,rule_grid,2024,United Kingdom,europe,0.306025,0.46236256298371575,other,False
74,0.22626872797701397,0.4006652852689148,0.19586274381084934,0.5764874974721724,8.158616014412061,0.7737312720229861,62,122.229294,29.580327,9.16,80.84,0.9258,3.532,389.8,389.5,1.969,1.967,1.156,2,multi_cluster,2024,China,east_asia,1.5339257,9.000118069633443,other,False
75,0.19505207853357742,0.12802212623155668,0.40217371714903194,0.23749991443445692,8.504474317865252,0.8049479214664226,62,-2.5464755,48.855705,117.02,152.98,0.8402,2.293,1072.1,1077.3,5.415,5.441,1.881,1,rule_grid,2024,France,europe,0.5538915,0.37222558955371265,other,False
76,0.13603893372646128,0.07571087034504188,0.08733046809789033,0.1583078914181302,7.083650799144527,0.8639610662735387,61,118.572151,38.326921,156.96,113.04,0.8475,2.357,602.5,551.1,3.043,2.783,0.815,4,multi_cluster,2024,China,east_asia,0.5671906,2.595783564940677,other,False
77,0.4836962572463411,0.19879071766534898,0.47031544433124345,0.28422809172239416,7.010907007753628,0.516303742753659,60,109.4251745,20.1449935,163.95,106.05,0.8179,2.119,709.9,701.2,3.585,3.542,1.261,3,multi_cluster,2024,China,east_asia,1.3127457,3.7843758746648075,other,False
78,0.1550520492496368,0.2228100525067804,0.2515302690618853,0.39274571792093127,7.228107088191022,0.8449479507503632,60,123.2021125,39.473219,83.44,6.56,0.7029,1.538,639.0,619.9,3.227,3.131,1.449,1,cluster,2024,China,east_asia,0.9253528,2.3114098240726966,other,False
79,0.07430083225929565,0.24616932711628556,0.04240383038707443,0.40850636331330353,7.285395002989443,0.9256991677407044,60,120.3054195,37.8291655,40.11,49.89,0.8492,2.373,781.1,713.5,3.945,3.604,1.374,2,multi_cluster,2024,China,east_asia,0.99995846,1.874729861156621,other,False
80,0.2767062898575618,0.10765852916002025,0.5139913234190295,0.20646174818288437,9.985856162466108,0.7232937101424382,60,-3.825689,54.1179045,155.92,114.08,0.804,2.025,1027.5,1040.3,5.189,5.254,1.761,1,cluster,2024,United Kingdom,europe,0.3392687,0.11493057959676387,other,False
81,0.4443715845679888,0.8439050926599845,0.6583119435130205,0.9228605767092392,9.676321859854072,0.5556284154320112,59,119.39043,25.404175,155.12,114.88,0.8742,2.636,537.0,521.0,2.712,2.631,1.216,2,multi_cluster,2024,China,east_asia,2.4794433,3.6996401928520273,other,False
82,0.21977321687891838,0.1564467503582727,0.18553423264411206,0.3030742161032423,7.793361053783122,0.7802267831210816,58,121.590019,33.321808000000004,2.12,87.88,0.8984,2.973,664.4,655.9,3.355,3.312,1.591,1,belt,2024,China,east_asia,0.42782903,2.062609584377765,other,False
83,0.3000979058544043,0.21106878780780017,0.5943371538011076,0.35592339090591335,8.692098801812952,0.6999020941455957,58,-3.712881,54.754173,50.8,39.2,0.5757,1.165,442.1,443.2,2.233,2.238,2.12,1,rule_grid,2024,United Kingdom,europe,0.5572863,1.0277882769022773,other,False
84,0.29097017794123803,0.1282356143517774,0.5088998462824602,0.24232611003693752,8.672364219142995,0.709029822058762,57,-3.222162,53.485783,175.74,94.26,0.9032,3.055,812.9,894.6,4.106,4.518,1.822,1,belt,2024,United Kingdom,europe,0.39345872,0.6271293570474715,other,False
85,0.26348210963394486,0.4963708505503933,0.2891237493585655,0.6747980725313741,7.845130527458811,0.7365178903660552,56,121.997856,28.922221,72.15,17.85,0.8577,2.455,719.5,695.7,3.634,3.514,1.442,1,belt,2024,China,east_asia,2.1664279,3.256138582955267,China strait,True
86,0.18797329555720307,0.6077882159770294,0.3865080373146316,0.8074488561074628,6.223765773955138,0.8120267044427969,56,105.3960245,8.9236965,66.9,23.1,0.9773,6.569,334.6,289.9,1.69,1.464,0.725,6,multi_cluster,2024,Vietnam,east_asia,3.5618804,21.363656541511972,Vietnam,True
87,0.2642290396529794,0.24286923027169366,0.5045358970516808,0.39645931452977495,9.708300180400308,0.7357709603470206,56,1.9853655,51.774064,50.99,39.01,0.6958,1.512,874.1,830.5,4.414,4.194,1.699,1,cluster,2024,United Kingdom,europe,0.49055758,0.3701660483059211,other,False
88,0.20015808306447327,0.10642419568027034,0.2310119967346368,0.2305255982734864,6.973754820521519,0.7998419169355268,55,120.053371,34.502541,154.03,115.97,0.9332,3.738,713.2,656.7,3.602,3.316,1.846,1,belt,2024,China,east_asia,0.57394457,2.1449355373827075,other,False
89,0.2671166052391511,0.21042108218516803,0.20910460064993572,0.40419772081095334,7.824265712443042,0.7328833947608488,55,122.126759,30.929973,65.23,24.77,0.8807,2.717,879.1,866.3,4.44,4.375,2.061,1,belt,2024,China,east_asia,0.6244994,0.845063029000385,other,False
90,0.4419532080680946,0.564634585408219,0.662004886266248,0.6920339417507514,7.134272205672283,0.5580467919319054,55,116.108585,22.730692,17.47,72.53,0.9726,5.954,549.5,539.5,2.775,2.725,1.055,9,multi_cluster,2024,China,east_asia,2.9481227,4.805565332692087,other,False
91,0.39570854837158737,0.2390079937184026,0.467333084104544,0.28578296195970493,7.084137542404936,0.6042914516284126,55,113.44434,21.89814,25.31,64.69,0.83,2.21,479.7,479.0,2.423,2.419,1.053,5,multi_cluster,2024,China,east_asia,2.00681,6.801205225165621,China strait,True
92,0.2690193075281161,0.21838336050959956,0.1835969870125721,0.4278060054556901,8.010141002698868,0.7309806924718839,54,121.9077835,30.448442,175.55,94.45,0.8114,2.074,467.1,422.8,2.359,2.135,0.888,2,multi_cluster,2024,China,east_asia,0.58610934,4.3570000345263615,China strait,True
93,0.3427651474508887,0.21021569667486342,0.5178371251004925,0.3376551147691989,9.582504406815595,0.6572348525491113,39,-2.260965,56.266247,119.04,150.96,0.6426,1.341,1136.0,1018.1,5.737,5.142,1.508,1,cluster,2024,United Kingdom,europe,0.61198,0.27913881540263835,other,False
94,0.10653037229139968,0.31039043434297164,0.0723071000344221,0.43490122038191115,7.092237452823107,0.8934696277086003,50,119.453169,37.263684,118.65,151.35,0.6326,1.312,620.1,582.7,3.132,2.943,1.355,1,cluster,2024,China,east_asia,0.8513469,3.32201450761689,other,False
95,0.27215449957588184,0.27117230913653084,0.43802407896229695,0.42876311313637966,9.755017860751394,0.7278455004241182,50,13.860567,54.8303605,149.04,120.96,0.6057,1.239,829.0,813.7,4.187,4.109,1.787,1,cluster,2024,Sweden,europe,0.30236354,0.5254978826647686,other,False
96,0.27605180429033155,0.21727830529277595,0.4999441027438076,0.3818323410257799,8.792605923249281,0.7239481957096685,50,1.2273655,51.730347,27.6,62.4,0.8433,2.32,433.7,433.5,2.19,2.189,1.484,1,cluster,2024,United Kingdom,europe,0.49918422,1.360732279697625,other,False
97,0.41771145605191234,0.2611971782560709,0.5085841241849973,0.28954393955658025,7.137850615476034,0.5822885439480876,49,113.734619,22.118271,102.96,167.04,0.7313,1.65,693.5,741.1,3.502,3.743,1.839,1,rule_grid,2024,China,east_asia,2.0312195,3.3176854609726183,China strait,True
98,0.20222241865081614,0.09629888530925436,0.24074841217823895,0.2346909455985067,6.402388327839099,0.7977775813491839,48,119.7899665,34.604209999999995,175.94,94.06,0.6306,1.307,1006.8,1150.2,5.085,5.809,2.043,1,rule_grid,2024,China,east_asia,0.61494875,0.35708661607446474,other,False
99,0.2751093638679994,0.21671782665195324,0.414897067638404,0.3416915375562977,8.29397831735195,0.7248906361320007,48,12.780673,55.513857,48.11,41.89,0.6282,1.3,307.0,307.1,1.551,1.551,1.965,1,rule_grid,2024,Sweden,europe,0.2234947,1.259262114813618,other,False
100,0.2475174751077439,0.16031350868082392,0.5195035415924582,0.3030722234828693,8.404400014739062,0.7524825248922561,48,5.5863125,52.7398745,76.53,13.47,0.9806,7.109,441.8,414.5,2.232,2.094,1.398,2,multi_cluster,2024,Netherlands,europe,0.36644757,3.0422890762086765,other,False
101,0.4443715845679888,0.8439050926599845,0.6583119435130205,0.9228605767092392,9.676321859854072,0.5556284154320112,47,119.612339,25.596269,113.48,156.52,0.8905,2.852,482.3,483.7,2.436,2.443,1.105,2,multi_cluster,2024,China,east_asia,2.4794433,6.600155872609006,other,False
102,0.27563818791758665,0.2401888297680526,0.4996735610041357,0.40309665845206344,8.344256046650148,0.7243618120824133,45,1.088142,51.457764,171.34,98.66,0.7923,1.953,652.8,660.9,3.297,3.338,2.265,1,rule_grid,2024,United Kingdom,europe,0.5708875,1.67770493968518,other,False
103,0.26348210963394486,0.4963708505503933,0.2891237493585655,0.6747980725313741,7.845130527458811,0.7365178903660552,41,122.028343,29.068049,63.67,26.33,0.8444,2.33,523.0,521.3,2.641,2.633,1.268,4,multi_cluster,2024,China,east_asia,2.1664279,5.697031434604376,China strait,True
104,0.28404264034646887,0.1924971949122934,0.2304863344194857,0.3799210195905918,7.792754178018692,0.7159573596535311,39,121.680122,30.385234,128.69,141.31,0.8163,2.108,872.9,941.5,4.409,4.755,1.654,1,cluster,2024,China,east_asia,0.48959336,0.859981980469422,other,False
105,0.2816545879955975,0.539352016400345,0.3317686172775147,0.6907963060869694,7.101931748566375,0.7183454120044025,40,121.8605425,28.833842,5.75,84.25,0.8032,2.02,638.2,652.0,3.223,3.293,1.79,1,cluster,2024,China,east_asia,2.7752244,4.578138068961736,China strait,True
106,0.12748438713047783,0.15480923806295663,0.07081960953423828,0.3006958720896578,7.562523700253036,0.8725156128695222,37,119.263103,38.020985,172.77,97.23,0.8509,2.389,645.1,609.1,3.258,3.076,1.212,3,multi_cluster,2024,China,east_asia,0.5439895,2.473372647444689,other,False
107,0.18797329555720307,0.6077882159770294,0.3865080373146316,0.8074488561074628,6.223765773955138,0.8120267044427969,39,105.581059,9.080946,31.57,58.43,0.934,3.763,327.4,341.7,1.654,1.726,0.683,4,multi_cluster,2024,Vietnam,east_asia,3.5618804,18.89450737232436,Vietnam,True
108,0.10653037229139968,0.31039043434297164,0.0723071000344221,0.43490122038191115,7.092237452823107,0.8934696277086003,38,119.6226405,37.2422925,176.99,93.01,0.8354,2.252,785.1,710.8,3.965,3.59,1.578,1,cluster,2024,China,east_asia,0.8513469,2.79166624201138,other,False
109,0.26100702783833746,0.15255168945176928,0.23076815254798944,0.3036972093709513,7.517410545798409,0.7389929721616626,38,121.6859225,32.369460000000004,170.37,99.63,0.9523,4.467,823.2,836.3,4.157,4.224,2.056,1,belt,2024,China,east_asia,0.47930315,1.4477177687013836,other,False
110,0.20502407982758084,0.44880743456695343,0.19967874114454756,0.6179088401021083,7.120858691004918,0.7949759201724191,38,122.0567915,29.5297125,98.14,171.86,0.894,2.904,732.4,677.8,3.699,3.423,1.349,2,multi_cluster,2024,China,east_asia,2.1892712,2.9511414264995173,other,False
111,0.4419532080680946,0.564634585408219,0.662004886266248,0.6920339417507514,7.134272205672283,0.5580467919319054,36,115.9366645,22.67752,14.72,75.28,0.8782,2.685,491.8,487.1,2.484,2.46,1.104,4,multi_cluster,2024,China,east_asia,2.9481227,8.273634168280706,other,False
112,0.21129846546687392,0.6214996479321004,0.41563600727055106,0.8311249408062399,6.325902882001646,0.7887015345331261,36,106.581537,9.6247615,69.1,20.9,0.9552,4.618,301.2,300.5,1.521,1.518,0.789,3,multi_cluster,2024,Vietnam,east_asia,4.137875,25.018136975517024,Vietnam,True
113,0.24324451377008688,0.1730614081787073,0.535391977209298,0.3381955495901497,9.111456696761627,0.7567554862299131,36,4.4215915,52.607425,134.94,135.06,0.7507,1.735,646.8,641.4,3.267,3.239,1.821,1,rule_grid,2024,Netherlands,europe,0.3443989,0.9717582838815785,other,False
114,0.15410585152010314,0.23834879949147317,0.2284736121232409,0.37714163571474607,7.9727402925374244,0.8458941484798969,34,121.8820765,37.9134255,104.26,165.74,0.77,1.829,1008.8,983.3,5.095,4.966,1.939,1,rule_grid,2024,China,east_asia,0.80090237,0.7499463713942269,other,False
115,0.22767360735373932,0.5999844835985008,0.4274171237145883,0.8172361039493177,6.4897406131071405,0.7723263926462607,35,106.698833,9.918907,122.9,147.1,0.7813,1.89,336.5,322.7,1.699,1.63,0.709,8,multi_cluster,2024,Vietnam,east_asia,3.7857761,12.870433818399645,Vietnam,True
116,0.2936786736331,0.1488406044396782,0.46847005556954735,0.2429293463804904,9.302085667026436,0.7063213263668999,35,0.151244,53.805363,38.24,51.76,0.5243,1.05,951.2,940.9,4.804,4.752,1.967,1,rule_grid,2024,United Kingdom,europe,0.27952263,0.3991951153648193,other,False
117,0.251888271565866,0.15649748166398922,0.3043292858961435,0.16642659841058083,9.705318928827282,0.748111728434134,32,-70.4393295,41.05439,99.34,170.66,0.7487,1.726,1903.6,1845.8,9.614,9.322,1.993,1,rule_grid,2024,United States of America,europe,0.3841866,0.12563538879316613,other,False
118,0.27801843837711093,0.19118634306589663,0.24223796714348408,0.3765526372983385,7.501679424438308,0.7219815616228891,32,121.7990515,30.745478,13.43,76.57,0.5651,1.14,712.4,659.2,3.598,3.329,1.297,4,multi_cluster,2024,China,east_asia,0.5282209,1.7918674367448544,other,False
119,0.3199943287893935,0.6071457364371338,0.39225053142502936,0.7442082475900749,7.212925605492003,0.6800056712106065,32,121.498434,28.18214,88.74,1.26,0.791,1.945,617.1,575.8,3.116,2.908,1.64,1,cluster,2024,China,east_asia,2.3582065,3.4509934597761736,other,False
120,0.5690615408838261,0.12642901095703657,0.6113879891499983,0.14892647546381313,7.03567725211775,0.4309384591161739,32,110.558836,20.717193,119.75,150.25,0.7609,1.784,581.8,581.6,2.938,2.938,1.189,4,multi_cluster,2024,China,east_asia,1.4612345,3.2361358747402758,other,False
121,0.24464664630966523,0.13182402296033618,0.46480986793611145,0.2589128566830763,9.87935732194207,0.7553533536903347,30,6.475562,53.692796,13.39,76.61,0.9131,3.241,551.8,551.4,2.787,2.785,2.462,1,belt,2024,Germany,europe,0.22512801,1.2624681100290538,other,False
122,0.2772676184952488,0.14877873446342188,0.4519769162069101,0.23550981318545838,9.12801664410961,0.7227323815047513,30,1.7865615,52.646276,81.25,8.75,0.8607,2.485,375.8,375.3,1.898,1.895,2.052,1,belt,2024,United Kingdom,europe,0.19847248,2.350620819212386,other,False
123,0.2660967027214462,0.1574259047769,0.5199323749824972,0.24437568142746188,9.239200022044445,0.7339032972785537,30,-3.297094,53.993015,138.3,131.7,0.607,1.243,491.1,491.4,2.48,2.482,1.932,1,rule_grid,2024,United Kingdom,europe,0.27299735,1.2251293014332219,other,False
124,0.43614367962844514,0.8240784998632319,0.7022856985385936,0.9219602189580061,9.436048245147171,0.5638563203715549,29,119.372505,25.296141,140.26,129.74,0.754,1.751,449.7,395.6,2.271,1.998,1.573,1,cluster,2024,China,east_asia,2.5032127,6.660916582481052,other,False
125,0.3939229380093671,0.7911314493876248,0.7622983414567062,0.9242696448570609,9.9387308188703,0.6060770619906328,28,118.215332,23.921969,27.23,62.77,0.6398,1.333,708.3,665.9,3.578,3.363,1.576,1,cluster,2024,China,east_asia,1.8445067,2.1282003045215165,other,False
126,0.18472898355548134,0.6600924674979951,0.39553160230796836,0.8662060114675673,7.045055768232764,0.8152710164445187,27,106.453918,9.522959,18.17,71.83,0.9427,4.056,295.1,289.8,1.49,1.464,0.756,4,multi_cluster,2024,Vietnam,east_asia,4.0276327,18.06154667161167,Vietnam,True
127,0.27215449957588184,0.27117230913653084,0.43802407896229695,0.42876311313637966,9.755017860751394,0.7278455004241182,27,13.658768,54.817829,147.81,122.19,0.9352,3.799,938.6,946.6,4.741,4.781,1.946,1,belt,2024,Sweden,europe,0.30236354,0.8324814826304535,other,False
128,0.3374564949857575,0.1380211249512123,0.4695466532436339,0.20171925450240497,8.859273072078686,0.6625435050142425,27,-1.0946,54.645571,152.64,117.36,0.8227,2.154,337.4,337.0,1.704,1.702,1.98,1,rule_grid,2024,United Kingdom,europe,0.27048135,2.86800570205481,other,False
129,0.28859242799812007,0.08028046882576755,0.4576178584972968,0.16347391448048335,10.319156531913398,0.71140757200188,22,1.747461,54.7308425,154.35,115.65,0.9313,3.683,1920.5,1434.5,9.699,7.245,1.46,2,multi_cluster,2024,United Kingdom,europe,0.2139289,0.04135062721106496,other,False
130,0.19627801993278512,0.5990274497692126,0.340218548321117,0.794017397902032,6.038367852894496,0.8037219800672148,26,105.7125645,9.1405785,24.89,65.11,0.7207,1.606,296.6,296.8,1.498,1.499,0.837,2,multi_cluster,2024,Vietnam,east_asia,3.6643736,21.3525819659288,Vietnam,True
131,0.18757443954701286,0.1313739573797591,0.19548808968720852,0.2503359225616791,7.204156052608606,0.8124255604529871,25,120.196163,34.403385,145.16,124.84,0.8128,2.084,694.9,699.7,3.51,3.534,1.745,1,cluster,2024,China,east_asia,0.64799887,1.0340139786260192,other,False
132,0.19875255149789467,0.06452662238105517,0.03537678376205268,0.10048122657376145,7.1524736839934535,0.8012474485021053,24,118.040697,38.6674225,170.99,99.01,0.9178,3.342,684.8,663.8,3.459,3.353,2.024,1,belt,2024,China,east_asia,0.6860598,1.0654169458020701,other,False
133,0.17223175599364549,0.6177909235240895,0.3619240762662437,0.8219551279010948,6.309822893451026,0.8277682440063545,24,105.153759,8.6708005,56.55,33.45,0.777,1.867,376.1,376.3,1.9,1.9,1.055,3,multi_cluster,2024,Vietnam,east_asia,3.702672,15.650070109105114,Vietnam,True
134,0.26182406000793174,0.18128788412807148,0.5250076988932114,0.33053711462316665,7.716448305603515,0.7381759399920682,24,5.5727745,52.605609,22.57,67.43,0.9464,4.203,688.3,694.5,3.476,3.507,2.066,1,belt,2024,Netherlands,europe,0.38103905,2.0608565803689567,other,False
135,0.2726379630044305,0.18015780261194692,0.510249431482039,0.3449501807253765,6.49982192889228,0.7273620369955696,23,139.9785,40.200743,78.95,11.05,0.895,2.92,435.8,407.7,2.201,2.059,1.509,1,belt,2024,Japan,east_asia,1.1444219,3.5064964417254996,other,False
136,0.24849484236327649,0.1877535447353698,0.4135704141047142,0.20332761149588177,10.16581331559341,0.7515051576367235,21,8.025753,56.593204,90.43,179.57,1.0,2315.856,706.4,706.9,3.568,3.57,25.225,1,belt,2024,Denmark,europe,0.45880902,2.077836505716014,other,False
137,0.28688782156848175,0.26150558620705594,0.48727284278961386,0.435836622270162,8.655424963469423,0.7131121784315182,21,12.642478,54.61125,49.41,40.59,0.9111,3.201,608.0,597.0,3.071,3.015,2.202,1,belt,2024,Germany,europe,0.4791046,2.6501102633679867,other,False
138,0.2611246424423644,0.16808904065928051,0.3151292788390969,0.18432108083528306,9.512110647610186,0.7388753575576357,10,-71.02661499999999,41.136463,158.46,111.54,0.8935,2.897,2082.9,1856.7,10.52,9.377,1.431,3,multi_cluster,2024,United States of America,europe,0.41318098,0.13473313248199462,other,False
139,0.25474917252214363,0.3093562084971971,0.2896402642023743,0.5064957555158726,7.246563425707977,0.7452508274778564,20,126.3176345,35.481781999999995,29.03,60.97,0.6639,1.406,794.0,794.0,4.01,4.01,2.592,1,rule_grid,2024,South Korea,east_asia,0.9952321,1.8845873037009588,other,False
140,0.25003611465602543,0.15540027076211096,0.41837391289145026,0.16878850775629559,10.071804722434232,0.7499638853439745,20,7.953638,56.079059,90.12,179.88,1.0,1922.483,679.8,679.9,3.433,3.434,23.054,1,belt,2024,Denmark,europe,0.4584997,1.890899271008891,other,False
141,0.21129846546687392,0.6214996479321004,0.41563600727055106,0.8311249408062399,6.325902882001646,0.7887015345331261,18,106.59461,9.746617,151.85,118.15,0.9549,4.604,350.9,348.3,1.772,1.759,1.256,2,multi_cluster,2024,Vietnam,east_asia,4.137875,19.82937026187862,Vietnam,True
142,0.24393327876279144,0.1176187679345618,0.47702085803694166,0.2575074769308772,8.81640918037193,0.7560667212372085,18,8.1672975,53.835742,116.79,153.21,0.6645,1.407,473.7,474.1,2.392,2.394,2.208,1,rule_grid,2024,Germany,europe,0.3197645,1.099259617042738,other,False
143,0.17322974607278907,0.5956407848449576,0.3308687984939844,0.8126979153081328,6.695262267377365,0.8267702539272109,16,104.930775,8.549771,90.02,179.98,1.0,894.582,385.4,384.9,1.946,1.944,17.706,1,belt,2024,Vietnam,east_asia,3.4112175,16.567040996062474,Vietnam,True
144,0.26641285406073273,0.1689683132345099,0.3452299303150545,0.23645001194804802,9.08507501400951,0.7335871459392673,16,17.013167,56.9842805,120.13,149.87,0.9621,5.037,367.4,358.7,1.856,1.812,1.689,1,belt,2024,Sweden,europe,0.29533973,3.7554644767697587,other,False
145,0.33815097940296834,0.506639519329087,0.489347056901978,0.7087837960843921,8.438471867472472,0.6618490205970317,14,141.2565495,43.2115285,45.41,44.59,0.6233,1.286,475.2,472.4,2.4,2.386,1.719,1,cluster,2024,Japan,east_asia,1.1723546,4.8312857306029695,other,False
146,0.26477547990878914,0.1712238689108578,0.3153787813746588,0.19739331464935947,9.47972759916481,0.7352245200912109,12,-71.146299,41.092738,171.92,98.08,0.7738,1.85,1807.4,1815.5,9.128,9.169,2.484,1,rule_grid,2024,United States of America,europe,0.4463562,0.16951512187238904,other,False
147,0.2008199598017601,0.0563498833931975,0.03700133753260777,0.078764776087973,6.842580280091067,0.7991800401982398,12,117.6400645,38.6650735,174.77,95.23,0.9958,15.359,669.4,678.1,3.381,3.425,3.014,1,belt,2024,China,east_asia,0.8029087,1.3778440125102704,other,False
148,0.18582917058083087,0.11423637920661979,0.3446386907280817,0.17820306293116409,8.313593751774992,0.8141708294191692,11,21.352709,61.624704,113.7,156.3,0.7482,1.724,627.8,623.5,3.171,3.149,2.157,1,rule_grid,2024,Finland,europe,0.5310778,0.5785912972791593,other,False
149,0.2657500833312123,0.20365063698279218,0.3951567109229324,0.3299666249422499,7.657044071140504,0.7342499166687877,11,12.670154,55.69585,90.48,179.52,0.9972,19.031,237.9,168.7,1.201,0.852,2.829,4,multi_cluster,2024,Sweden,europe,0.36302778,9.047336759429617,other,False
150,0.32354619478965335,0.18404902414553634,0.4005765553440708,0.30295582733121446,8.734742009410086,0.6764538052103466,11,-1.998768,57.224085,56.93,33.07,0.8318,2.224,885.6,823.0,4.473,4.156,2.847,1,rule_grid,2024,United Kingdom,europe,0.4319582,0.9150573559833123,other,False
151,0.2318572790437462,0.3163700603155257,0.272495460677605,0.5013957708941256,7.689446023019624,0.7681427209562538,10,125.9485855,34.979393,28.13,61.87,0.6912,1.496,943.7,943.6,4.766,4.766,1.978,1,rule_grid,2024,South Korea,east_asia,0.7495003,1.5021505090136187,other,False
152,0.2510362214718877,0.22262148543900528,0.4255666119429947,0.25925883726774346,9.25316358967765,0.7489637785281122,10,8.2247185,56.6655215,44.7,45.3,0.798,1.988,545.7,289.9,2.756,1.464,1.975,5,multi_cluster,2024,Denmark,europe,0.48637387,3.105137765942021,other,False
153,0.30133246658097024,0.21416996566394864,0.4271743898358332,0.2903961324449464,8.374301450906293,0.6986675334190298,10,10.355277,55.969254500000005,100.61,169.39,0.6742,1.439,180.5,180.6,0.912,0.912,2.057,1,rule_grid,2024,Denmark,europe,0.44075146,6.388566900920512,other,False
154,0.3014621179691776,0.2136037995519866,0.4416600586659976,0.30181112831803175,9.267243297287052,0.6985378820308223,10,10.583343,55.7217575,90.05,179.95,1.0,882.267,295.3,294.8,1.492,1.489,25.979,1,belt,2024,Denmark,europe,0.3256422,6.769668686087433,other,False
155,0.1976398472847325,0.5439378641035079,0.14256087842107526,0.6799716615626565,6.3910287084610555,0.8023601527152675,9,17.140531,40.491207,62.06,27.94,0.9483,4.282,475.8,598.4,2.403,3.022,2.632,1,sparse,2024,Italy,europe,1.8788108,7.879812512561495,Italy,True
156,0.27394169692389647,0.16768791327561314,0.32017494215742814,0.22829977415665073,9.048827453720687,0.7260583030761035,6,-71.16107550000001,41.193036,55.75,34.25,0.9495,4.335,1854.0,1855.4,9.363,9.371,2.447,1,sparse,2024,United States of America,europe,0.538351,0.19463832651840443,other,False
157,0.3009550827830667,0.20010079637271355,0.44018976475209887,0.28142132814802046,8.719100507735519,0.6990449172169333,7,10.960365,55.344036,12.52,77.48,1.0,385.976,449.9,449.5,2.272,2.27,23.278,1,sparse,2024,Denmark,europe,0.41185272,4.2672947819853375,Denmark,True
158,0.33699469519611125,0.23392324118667973,0.5353310303303773,0.35115202798954914,8.819652241859698,0.6630053048038888,7,-5.946678,52.791477,80.74,9.26,0.999,31.687,625.1,622.2,3.157,3.142,6.962,1,sparse,2024,Ireland,europe,0.5487992,2.000825267057411,other,False
159,0.1849083825062884,0.6336922679924376,0.3569718254744126,0.8380320036592243,6.556903691853684,0.8150916174937116,7,106.124901,9.296226,71.29,18.71,0.9352,3.798,385.8,385.6,1.948,1.947,2.515,1,sparse,2024,Vietnam,east_asia,3.9504383,15.975271516023874,Vietnam,True
160,0.2677074247393106,0.1698517851980022,0.3191923615148003,0.20646384686516728,9.416101810782617,0.7322925752606895,5,-71.521061,41.114956,40.52,49.48,0.9954,14.744,838.4,836.5,4.234,4.225,5.974,1,sparse,2024,United States of America,europe,0.4734528,1.2448326063540707,other,False
161,0.32471165511632905,0.18805509300111867,0.45724861930033817,0.30408257945717304,9.827315313754703,0.675288344883671,5,-1.866422,57.005665,65.31,24.69,0.8072,2.046,994.9,1000.2,5.025,5.052,2.522,1,sparse,2024,United Kingdom,europe,0.35926494,0.5724728185493025,other,False
162,0.33395492687799067,0.12663282118818614,0.4702331428571602,0.1984583461376949,8.529573596781733,0.6660450731220093,5,-1.400552,55.131786,108.09,161.91,0.9969,17.859,1006.6,1005.4,5.084,5.078,6.497,1,sparse,2024,United Kingdom,europe,0.59807956,0.8585876519540118,other,False
163,0.26684868563964426,0.16703472901448807,0.4310081622532425,0.264250835609178,8.936455656036758,0.7331513143603557,5,18.143836,57.037056,168.11,101.89,0.5693,1.15,360.6,371.4,1.821,1.876,3.264,1,sparse,2024,Sweden,europe,0.45480916,0.5721290384092308,other,False
164,0.2937739724149465,0.1523645571159634,0.38828431940552666,0.22382115495423016,10.291799641493919,0.7062260275850535,5,-1.352494,57.485243,148.26,121.74,0.7346,1.664,1386.5,1386.4,7.003,7.002,3.912,1,sparse,2024,United Kingdom,europe,0.237356,0.15563732329007152,other,False
165,0.13345468529489296,0.09278875103979202,0.058650644953048,0.17318436803984483,6.546874024193439,0.866545314705107,4,118.442007,38.0456895,76.85,13.15,0.8674,2.558,617.0,603.2,3.116,3.047,4.163,1,sparse,2024,China,east_asia,0.68781906,1.3542832443356785,other,False
166,0.2176700823556645,0.3179892727893577,0.44568295881859066,0.4711931910120073,7.511318232592832,0.7823299176443355,4,140.0042075,39.774293,140.65,129.35,0.9555,4.632,1395.7,931.1,7.049,4.703,4.229,2,sparse,2024,Japan,east_asia,1.5067688,0.8964091151037609,other,False
167,0.2793680610972984,0.4506523655755624,0.49506370235508984,0.6603387987636608,9.066607987849967,0.7206319389027016,3,4.794118,43.190374,55.81,34.19,1.0,314.397,914.1,903.1,4.616,4.561,46.391,1,sparse,2024,France,europe,1.1170268,1.6231649555296752,other,False
168,0.18418250749153703,0.12096638573673653,0.02246211307211899,0.18683716197852088,6.307396091303576,0.8158174925084629,3,117.580662,38.620361,21.11,68.89,0.9827,7.535,669.6,625.3,3.382,3.158,7.166,1,sparse,2024,China,east_asia,1.2355863,1.9444200595571064,other,False
169,0.20015808306447327,0.10642419568027034,0.2310119967346368,0.2305255982734864,6.973754820521519,0.7998419169355268,3,119.887104,34.459923,136.38,133.62,0.6479,1.356,844.1,799.2,4.263,4.036,4.891,1,sparse,2024,China,east_asia,0.57394457,0.3464173969809843,other,False
170,0.253299768408097,0.44325842646144176,0.2032397955740093,0.5550095751802472,8.18804223087311,0.746700231591903,3,-9.05731,41.686756,0.2,89.8,1.0,148.427,597.4,595.1,3.017,3.006,32.008,1,sparse,2024,Portugal,europe,1.7228737,2.9445235152312104,other,False
