farm_id,n_turb,L_geo_mean,L_geo_range,Lw_mean,Lw_range,Lw_cv,kappa,WCI,theta_energy,A_pred,amp_pred,theta_opt_pred,flat_frac_within_1pct,penalty_flatness,A,wake_pool,WCI_train,spacing_D,aspect_ratio,pc1_share,ws_mean,ws_std,weibull_A,weibull_k,frac_below_rated,wd_entropy_norm,orient_sensitivity,lat,lon,country
0,928,25.71708107794813,44.93308780438022,16.580547428403147,31.88674051199246,0.4470639480256024,0.4919019925751626,0.2388,270.47820716975144,0.19550935767008393,0.38728633156516906,190.0,1.0,0.49518136392793477,1.9905914787072123,0.094283922226746,0.2388,5.0,1.89,0.823,7.376149640677215,3.4339363577139,8.323017697121374,2.270821842662203,0.8496874766075305,0.060333848367418,0.3556026817006572,32.8436,121.4239,China
1,588,25.93664263952184,56.097607981301245,14.58655465064308,35.4703841298615,0.5568144035703121,0.26779730416170733,0.1327125,311.29659803045394,0.050601203301792644,0.09703982054967142,315.0,1.0,0.47855217564121755,,,,,,,,,,,,,,,,
2,572,38.25310827995611,16.689630424450996,16.471763238447956,8.59263927433277,0.11316603672612464,0.278155905459919,0.13775,315.80441633671524,0.02445493720723294,0.04042657483638241,260.0,1.0,0.3950776857496732,0.4261110320989989,0.2038679119748999,0.13775,2.4,1.01,0.623,9.386910087338771,4.523475358771581,10.592506512297383,2.186564924117851,0.6612062121325539,0.0312500455544221,0.3859148635985423,51.6448,2.9165,Belgium
3,441,30.524913396625593,42.99098328692581,19.325697784635956,29.544916259653007,0.43489511510309675,0.33512748127516445,0.16525454545454546,188.9261951319481,0.15281432426044042,0.3098540324546239,265.0,1.0,0.506818345884127,3.4631520626490664,0.1126800035239495,0.1652545454545454,4.1,1.48,1.0,7.43853135927003,3.5423680251429275,8.396005028554166,2.2126145509820314,0.840918055659522,0.0250658144687819,0.3198836152765457,32.6831,121.8054,China
4,364,32.108801594597466,33.298368113405076,22.235737967430428,25.509681797696505,0.2915406727858103,0.4285459862565099,0.2095,133.83949276367449,0.17724144732987349,0.3440738230479331,235.0,1.0,0.48487378156290756,3.465514827768671,0.1474616264688062,0.2095,5.4,1.16,0.995,7.414967550689298,3.1356961261486007,8.337864447231054,2.504461864663184,0.882943302891933,0.042411016153263,0.3474065189084424,21.2977,111.564,China
5,339,17.241946103863704,29.788936410653044,6.476403016599247,12.294800652993343,0.391024401451611,0.3564530786371346,0.17545454545454545,168.08367847473616,0.012860433144347086,0.025241043380112713,255.0,1.0,0.49049518474003784,0.1324533384519057,0.0532339213195294,0.1754545454545454,8.4,1.43,0.768,9.784417531020008,4.60590687899081,11.03744327931951,2.2445677191783737,0.6240793169577136,0.0434875809537874,0.3334047375442055,53.9099,1.7927,United Kingdom
6,292,24.349212383834868,48.63181537612989,16.525802936692166,35.64279138101074,0.5371789995625798,0.3304291199181498,0.163,86.0,0.09811387318859241,0.20226968688413083,25.0,1.0,0.5149353583327756,3.3256618047834743,0.1243985232830267,0.163,8.2,1.79,0.773,6.842877571356384,3.414470909240023,7.72180036041284,2.101698972405111,0.8752506113232028,0.0639927082400004,0.4625506365934109,36.4678,121.5419,China
7,284,36.29416360315327,28.89911843580133,14.577409235805867,13.409441792987653,0.23898652053121822,0.27736065473906396,0.13736363636363635,36.73786605058869,0.01048046158368173,0.02088076182045876,335.0,1.0,0.4980804975512983,0.231951344496494,0.1424958996200052,0.1373636363636363,8.3,2.36,0.877,9.759743179805085,4.543880086919146,11.005667647054018,2.26861243142716,0.6279215067812642,0.0401701801951371,0.4305578521854623,54.0049,6.5218,Netherlands
8,278,22.7996012849064,35.37369643663767,14.20018559280162,24.205890813901586,0.41907190097479174,0.2864061842081306,0.14175454545454547,64.59739394065402,0.03808702221442294,0.07202726439658858,150.0,1.0,0.4712138169691637,1.8685185221474612,0.125943824951704,0.1417545454545454,2.4,2.55,0.896,7.772869573463208,3.319678144421851,8.74075067377731,2.4731683674407328,0.8439831449459789,0.0284262183179215,0.3197318061579557,20.9951,111.5761,China
9,267,36.89891157860389,22.791707459859513,15.71331890245426,10.845131497342619,0.2156326736744407,0.2517369191180273,0.12488181818181818,20.784840787809888,0.018568340531457492,0.03898422688164373,15.0,1.0,0.523696068468013,0.5273702475740969,0.1647890626159261,0.1248818181818181,3.4,1.63,0.731,9.3080496317946,4.67812664575024,10.493767140183165,2.0842547236138973,0.654876635204504,0.0241609018972311,0.4405457783299688,54.0305,-3.5107,United Kingdom
10,246,18.668704598929953,25.723587849338593,7.289012089983027,10.838346661601728,0.3925506215369363,0.19106662373867,0.0951,57.6,0.005423355873691378,0.009741872807192926,100.0,1.0,0.44329432532968494,0.2118019171809727,0.0644101910161934,0.0951,3.1,1.53,0.705,9.628971669023333,4.558293101097933,10.855076937190471,2.227586647905842,0.6278780393197639,0.0507947997216795,0.3595850378342011,58.1844,-2.8564,United Kingdom
11,246,38.24961916761967,35.91458605502902,15.45935849609531,16.82183309032974,0.252627144552961,0.3125556170577872,0.15439999999999998,301.90000000000003,0.02760107014348226,0.06012022819589683,50.0,1.0,0.5409021061340125,0.6766514120074724,0.1523152403558589,0.1543999999999999,4.8,1.25,0.696,9.820085493656975,4.513583721767986,11.068545686297751,2.2998556576901463,0.6168141384652726,0.0512980271340054,0.3083806402340764,54.4594,7.6964,Germany
12,244,25.17767369454948,53.36663556750909,16.35944606675691,37.92187011110249,0.557249979172638,0.09771644542611907,0.0488,334.0,0.007080828421577282,0.014153702985120163,225.0,1.0,0.49971901847734895,6.220877528671963,0.1123495284587149,0.0488,4.1,8.87,0.996,7.567813705598302,3.330750719249908,8.52230179347308,2.4166108608834485,0.8410541738403573,0.0479652974169565,0.4077373908407699,22.6333,116.2218,China
13,215,42.016808351772504,30.85918417735266,21.390178947802575,17.50942748786407,0.2152611821863975,0.18660757908059772,0.0929,39.298139342298775,0.012787168167285588,0.021036269066774294,40.0,1.0,0.3921370692351045,0.6311395478096972,0.2400021335138081,0.0929,4.1,2.44,0.983,8.506604822662645,4.175105860924181,9.597443813428503,2.143193434774396,0.7365409371051634,0.0435893153248413,0.3348368607513033,53.4442,-3.5741,United Kingdom
14,181,22.75178610004172,31.168656614363897,14.72801916003068,21.997200940357477,0.34300008310284913,0.21223609724276699,0.10552500000000001,58.42767767885589,0.02493002272975861,0.05277672200632278,40.0,1.0,0.5276322253060103,2.0604569812876545,0.1206105121616092,0.105525,3.0,2.94,0.917,6.953593582209419,3.595006979867834,7.840275850725935,2.0188035636651342,0.8570776255707763,0.0416885772782721,0.3998756900352646,39.4746,123.3788,China
15,182,22.011645001615136,12.446134736070613,9.586759077609566,6.364364587759763,0.17686044839322929,0.23950098692235347,0.1189,286.67620618669895,0.004939159031564345,0.01359560080141605,55.0,1.0,0.6367090278899662,0.1276598181386916,0.1558787860465064,0.1189,2.7,1.68,0.847,9.119157027951282,4.427952683240694,10.295912102568018,2.17133172978269,0.6931528965831683,0.0470614428656459,0.3178173555328554,52.3293,4.0757,Netherlands
16,178,26.9879969307602,22.755646936957284,10.317503422953095,9.763698443311153,0.21381224154875736,0.2333745156485079,0.1159,286.4400479021785,0.008648793405618553,0.016854182936324503,230.0,1.0,0.4868458804380524,0.1743921201142004,0.0969484249905887,0.1159,2.9,4.41,0.968,9.956652065790324,4.629826966068541,11.23139391833463,2.275074554909108,0.6123691439433636,0.0561274809429309,0.3365992549582631,54.3337,5.9083,Netherlands
17,175,38.105747231595345,50.08590163908357,18.061155384171663,27.43254809703589,0.3881692246944726,0.49622212425077156,0.24077500000000002,317.0599376133568,0.0636660888723287,0.12690630741420397,80.0,1.0,0.49832210731238735,1.3601110757292705,0.1857902624326368,0.240775,3.9,2.21,0.868,8.936857856453289,4.19712614859744,10.085478561568475,2.2509806539440538,0.7059718564490628,0.0426494151893068,0.4012882146334479,51.6283,1.4972,United Kingdom
18,174,27.71622560199133,17.382738608158377,11.045132131722747,7.482078443173079,0.19011227966341038,0.3961746834806175,0.1943,320.79999999999995,0.027251258762391154,0.05054310192448808,145.0,1.0,0.4608312959678354,0.2601332898943652,0.1172866365735709,0.1943,2.7,2.1,0.821,9.757497979993335,4.527233502532656,11.002414803330511,2.2780404069815536,0.62748649191216,0.0656677540787848,0.3509602595949983,54.0239,6.953,Germany
19,171,27.51095529120795,36.125260758745014,19.61238924082556,27.668717115096353,0.3885138551000454,0.3907260360035573,0.19172727272727272,54.789449133631614,0.15235565270954618,0.3073551936946146,200.0,1.0,0.5043010307451327,2.337639291489,0.1470050693954594,0.1917272727272727,4.4,1.66,0.776,6.839377487265014,3.261530806664076,7.717738209501623,2.209394241988761,0.8906706821511448,0.0318766951649815,0.3789318678180876,34.2763,120.6226,China
20,167,34.34693461658548,19.51707694690451,13.249097766644272,8.307274888591987,0.181838016214402,0.38505534620393933,0.18904545454545454,55.53940927731356,0.035431513691047745,0.067025778650112,315.0,1.0,0.4713748291383817,0.307216795987046,0.1394828452794163,0.1890454545454545,3.2,1.12,0.849,10.009202312666398,4.637367065348245,11.28864158753447,2.283124554610494,0.6057535834427817,0.0418476228705733,0.3832323227364568,54.4774,6.3397,Netherlands
21,162,23.558174755185473,72.08551244135903,12.258393765795057,42.42352137291681,0.8485078881890428,0.36587771056325,0.17994444444444443,70.0175914373909,0.1487016390716222,0.2999127739340983,205.0,1.0,0.5041837094131091,5.54245351577884,0.052636558446319,0.1799444444444444,2.9,1.16,0.634,8.394657567831384,3.985199309891242,9.46777194535993,2.232725184226336,0.7200669180577388,0.018447472026179,0.4237274971188954,27.286,120.9217,China
22,161,40.99943681188564,33.600337138643546,20.575945009273152,18.35885542685789,0.23020796378176164,0.36312952021415074,0.17863636363636365,60.56145327548921,0.05815896471760049,0.1144111185928576,190.0,1.0,0.491666846431604,1.2498300437986851,0.2216163283541927,0.1786363636363636,3.5,2.23,0.834,8.826241384454484,4.0232001001413895,9.948548222158184,2.326096160727687,0.7077669803809484,0.036969795234056,0.3674416229394271,54.5529,11.6189,Germany
23,156,31.14128246843148,25.22818947804061,12.316430303830073,11.690574660119113,0.21867823481191728,0.3866499088959256,0.1898,79.42763278679777,0.019105832381177464,0.03879169644584018,170.0,1.0,0.507476235078931,0.20723184703053,0.1383951901507483,0.1898,3.3,1.26,0.792,9.822410081535612,4.58796555083866,11.079802344057647,2.262958034144454,0.6231423827314239,0.0255917798318013,0.3009240297226557,54.0433,6.1233,Netherlands
24,156,31.902214855836547,24.271608538946555,24.137271615658346,19.56789968945364,0.1943346947090973,0.4573559665538161,0.22290000000000001,84.02230539306275,0.0594643423942376,0.13477205621264282,5.0,1.0,0.558778399133399,0.6553810116208609,0.2048699372263714,0.2229,3.3,2.06,0.819,6.790274170760181,3.0621009829398065,7.656829617164536,2.342610522226946,0.9092936154720344,0.0229591314231384,0.3326736155467846,32.5335,121.232,China
25,152,27.089441673626336,22.844188963119226,11.713859278277068,11.387789398851522,0.19506488751203852,0.4036859396842673,0.19784,80.33247332427564,0.02648032751783902,0.04955063481822552,220.0,1.0,0.46559054964709723,0.4110046666622931,0.1576953100333376,0.19784,4.8,1.19,0.663,9.46436352242154,4.313578689100775,10.668878192068153,2.3279482686285715,0.6467278330123603,0.0387615095515285,0.3314663456199834,55.0056,13.0559,Sweden
26,140,25.96706723276259,22.770043505216876,11.199503408391775,10.888563768128346,0.2460738538835285,0.5159290835417787,0.24974545454545452,80.41094716061596,0.032972600491983015,0.06836542934347052,60.0,1.0,0.5177006740303263,0.2843029875513108,0.1162934078041007,0.2497454545454545,4.2,1.24,0.69,9.268830648036914,4.331259599852972,10.456274923423154,2.2617860256303506,0.6722891672167441,0.0229048883572399,0.3841578367259111,51.9273,1.9623,United Kingdom
27,138,31.71308338170462,14.610728263007156,12.246166814271358,6.114584917634436,0.13118751574330684,0.45241344302573233,0.22061000000000003,75.74664037841846,0.034432568614306734,0.07419545992748663,95.0,1.0,0.5359208144546128,0.2204551672063366,0.1475308684621524,0.22061,6.9,1.3,0.629,10.08071547765,4.60233643141978,11.362578416715442,2.317982313678493,0.5924472095761114,0.0226357598840459,0.3995220861547144,55.6337,7.6098,Denmark
28,134,24.07023440051337,72.1267887226218,14.024266886523085,46.998167987044106,0.8137241692549192,0.5616819552458555,0.27031818181818185,63.90444177575725,0.3458199695739125,0.6975669786428899,180.0,1.0,0.504248365874931,3.18501467876315,0.1193230725360072,0.2703181818181818,4.0,1.81,0.933,7.830929481606105,3.699104645411918,8.838903527984314,2.233989551669386,0.8064449372458018,0.0254404902697312,0.3655674916353914,32.1239,122.1411,China
29,131,35.45419755050879,13.6448387707636,15.524218441433288,6.63838363819197,0.09976354748090832,0.5165104088388937,0.2500090909090909,73.04836338034391,0.04831333642231345,0.0988982179823888,115.0,1.0,0.511484257169185,0.5407963956508663,0.1485011730156936,0.2500090909090909,4.2,1.73,0.755,9.38964196202432,4.306678830701273,10.581684660741288,2.30767145197442,0.6535827126531427,0.0279404800565448,0.3764532367723988,54.8111,14.0932,Sweden
30,129,38.528889468984865,38.849922405287685,18.40545234539086,21.240765796930738,0.2557715408938014,0.44240175350831407,0.21596,93.48180658623289,0.08384407164844897,0.17469018859444396,80.0,1.0,0.5200413238828302,0.7148534117294668,0.2009950975526927,0.21596,4.5,1.24,0.812,9.00838357930982,4.135400026674046,10.160264678535192,2.30907812043332,0.7002187266784168,0.0410748021828941,0.3297881229745759,53.1798,0.4738,United Kingdom
31,129,30.64028590369585,15.881643774248777,13.09175614821945,7.976087588901315,0.17186650946973708,0.5271970679337861,0.25484545454545454,85.16888365808111,0.02156228945600811,0.04399325600788652,220.0,1.0,0.5098728438706608,0.1417624034487323,0.2335145392593998,0.2548454545454545,3.9,1.98,0.839,9.456267489797922,4.581737132011551,10.675863361984394,2.176731477629563,0.6611349288982346,0.0213872052446085,0.3520457576524963,52.6531,4.2423,Netherlands
32,128,25.087446102604925,40.86002765122364,18.79432881809226,32.856381690059145,0.49593408104872283,0.5152997891744774,0.24946000000000002,96.67960396188775,0.3553829223100313,0.7194647363863083,300.0,1.0,0.506045391334927,5.436843344383608,0.1076622573554524,0.24946,4.1,1.31,0.743,7.0436562556446,2.9744050496800427,7.919512929014036,2.4998527084595272,0.913823337991034,0.0359398513330055,0.3591670823543808,21.4359,112.2209,China
33,109,15.555943641699171,45.71557505232269,10.724577248007034,33.620519426930976,0.6885092576399694,0.5499629683964515,0.26508333333333334,94.58435037946863,0.14105985959715853,0.2841221062662239,285.0,1.0,0.5035238142822356,1.90926489518581,0.0901863419110999,0.2650833333333333,3.3,2.94,0.897,6.92062491406115,3.2671053705587534,7.794732076330746,2.209163089108985,0.9069899817850636,0.0425650788979132,0.3928696983391085,20.1389,109.2031,China
34,125,28.884776464852784,39.14252621249988,11.128851448683799,17.236261292804546,0.35491090909137574,0.5507922034820699,0.26545454545454544,83.34965834999153,0.09306218490869754,0.18248412705201994,150.0,1.0,0.49002586464864983,3.2023871655693883,0.0501782924106134,0.2654545454545454,3.8,1.27,0.661,10.110272252278577,4.439568151105005,11.35395280251025,2.417398603943169,0.552488618500296,0.0204313976819472,0.3609976678498316,25.1304,119.3921,China
35,120,26.46430342335161,37.77216350381587,17.9735701103188,27.67199399117911,0.41088873009712235,0.5827261308649315,0.2796571428571429,80.50274658171142,0.3135824817735305,0.595289052144957,95.0,1.0,0.473226526435147,3.9232377277152577,0.1536833064950906,0.2796571428571429,2.4,2.52,0.872,7.502463500938703,3.1557274054706568,8.430294449858001,2.509852256000695,0.8772381135064999,0.0327564119886019,0.3480941972322159,20.5948,110.7555,China
36,116,37.85631902335889,40.73123214625127,18.14701998610544,21.595499681156983,0.3529400244238754,0.4982477623016301,0.24170000000000003,92.72066892974725,0.049321609795620724,0.10219929706453004,15.0,1.0,0.5173977589642408,0.7784434681266643,0.1796288893534829,0.2417,4.5,1.9,0.835,8.727700168080958,4.345326526628898,9.848737388964215,2.106899642130766,0.7190806915437782,0.0403714285821162,0.4294944333595198,50.6703,-0.2781,United Kingdom
37,114,19.85824949584897,33.1167266697268,15.834792963645189,27.61129990574045,0.4952617515192466,0.5577548846582209,0.2685666666666667,83.28281565154637,0.12801137047054353,0.24681364750438026,155.0,1.0,0.4813440352066678,1.303683267217403,0.1325486905365939,0.2685666666666667,5.4,3.54,0.952,6.577174421150536,2.893681746188878,7.410386058837082,2.4001681894157265,0.9306985615190756,0.0358319474369589,0.3625771739440041,30.6253,121.57,China
38,115,28.55676867249034,33.2310248144855,18.062628593269604,22.55907985749489,0.31522766978301003,0.535522989593734,0.2586,85.3961047046314,0.20585735626681884,0.3898031433846167,345.0,1.0,0.4718940579098558,2.1657699120961635,0.1544931801068658,0.2586,2.7,1.55,0.886,7.624270810235052,3.4555972654191662,8.598617562233365,2.335895473305382,0.8343877807946974,0.0346783154557825,0.3676755805396694,30.7484,121.983,China
39,114,23.010812267352364,30.95226997785806,10.084277399164074,14.373953974109154,0.3422884016492572,0.36263315066273966,0.1784,354.63056866037977,0.019212223667215842,0.037267311045290435,120.0,1.0,0.4844751840593546,2.4717280219208946,0.062888603386147,0.1784,5.3,1.73,0.881,8.344725199044762,5.219128515581758,9.321786679713885,1.633579785689543,0.7102327394765078,0.0605902998018134,0.3666517273597818,23.9706,120.158,Taiwan
40,114,14.324059847220605,32.984126504471156,5.530685937778861,14.047223265617337,0.5678837326769467,0.4707783633904295,0.22910000000000003,4.292652967485298,0.029410314406659914,0.05672801012776206,240.0,1.0,0.4815556840363645,0.4305000634383614,0.0396013909821021,0.2291,3.3,1.12,0.563,9.648638519959006,4.594732033446696,10.86543798049138,2.2068420213043494,0.6169787222097463,0.0343416550966659,0.3834848455526393,56.5947,-1.6988,United Kingdom
41,102,23.532292987030758,58.29325860114828,14.05907077557102,38.582503524620826,0.6138345193049767,0.48682470219216795,0.23647500000000002,5.62499864321855,0.14412474080369483,0.29055933536826084,275.0,1.0,0.5039748400407276,3.385872127882017,0.0921821472727432,0.236475,3.4,3.09,0.918,7.766421711530695,3.5869219017131897,8.754121615210117,2.2910632065574035,0.8031798163535195,0.0465140729529911,0.4121018958245741,23.243,117.0232,China
42,111,19.76632138598854,78.73790690834913,6.55743824384232,29.916671081671375,1.175585791535865,0.4600932888797891,0.22416666666666665,3.7000584107599757,0.17933153694694923,0.3528335223482135,265.0,1.0,0.4917389488577053,4.533004415999054,0.0194721374831447,0.2241666666666666,3.3,1.05,0.876,10.636641672757476,6.1579313136817575,11.91537040368241,1.75129608169272,0.554346736698522,0.0581347601168249,0.3390868881370872,24.1616,119.9117,Taiwan
43,111,23.717015433755627,26.30122869182384,10.632020685936688,13.091592640629624,0.3285012642717893,0.4581841048332171,0.22328333333333336,5.798559791364705,0.09269605006870309,0.183209920247985,5.0,1.0,0.4940445913451332,0.5639254855151851,0.1022383948284005,0.2232833333333333,2.0,2.05,0.831,9.206419239343122,4.171921771664858,10.36999707992434,2.338161547247065,0.6630767307024886,0.0615825103196533,0.3716774388267768,56.6015,11.2166,Denmark
44,108,20.82981484976719,40.60157330763039,13.166670405287482,27.11408475957221,0.5908787175689781,0.5965314071505362,0.28574,12.141944998044172,0.38265934963935655,0.7671687784662335,250.0,1.0,0.5012057836811372,1.474375786941279,0.1051640940259336,0.28574,3.9,1.16,0.818,7.21671046776576,3.632800122815867,8.145501700523367,2.083842079825076,0.8482818491071354,0.0540120488945232,0.4058077298013738,38.2743,118.942,China
45,106,37.94840243844554,21.48059107987961,15.130582142702437,9.691715985464688,0.1723722017738354,0.8699005722000472,0.3984,32.86645231313751,0.3391097186659815,0.6845018831424552,30.0,1.0,0.5045890639348145,4.815808668029209,0.0805919588277222,0.3984,2.5,2.04,0.81,10.110272252278577,4.439568151105005,11.35395280251025,2.417398603943169,0.552488618500296,0.0681920877218688,0.315877653123403,25.2524,119.5441,China
46,105,19.854277872633176,30.41816638952265,7.382574654113483,12.380810636013152,0.49773583228781004,0.9167763873105267,0.41612499999999997,36.187954517691054,0.16345846447050771,0.33411869918995246,325.0,1.0,0.5107772630900309,2.608326621623513,0.0169358435869124,0.4161249999999999,3.0,2.7,0.895,10.37031094705619,4.292673277436056,11.626077610471668,2.5968694748179635,0.5238935787245915,0.1770126172055672,0.396462916629007,25.8097,119.9959,China
47,104,19.12188415316814,60.13462559429055,13.058083195603048,44.51467672602236,0.7564336952567586,0.9205895215167237,0.41754545454545455,32.85456039572861,0.4278417949535674,0.8617208544843392,140.0,1.0,0.5035030280083013,3.325063702212211,0.0929345906449565,0.4175454545454545,2.4,3.06,0.925,7.324003151291087,3.175208110427421,8.244239680803194,2.4523789119449484,0.8829508664570702,0.182515243329098,0.4054992277530377,22.3059,114.9472,China
48,102,20.916881807305803,62.37271227395126,8.385658449453993,28.535440884028308,0.7881664665537805,0.9210537908667424,0.4177181818181818,31.91818245446482,0.36267845240063007,0.7378057565678008,340.0,1.0,0.5084364018955679,0.9689406565692298,0.0897644609690924,0.4177181818181818,2.6,1.57,0.845,9.585734611810103,4.533337694470135,10.816832110797309,2.233798391451041,0.6417738041769593,0.1463945399056334,0.4088033282602007,52.2364,2.5034,United Kingdom
49,101,49.51260830351363,49.94963649564785,23.46376459674565,27.711554579717877,0.2823344895643839,0.8937179941533989,0.4074666666666667,32.35552670695987,0.38403967283553003,0.7774580960783479,15.0,1.0,0.5060316758257435,2.312011889927254,0.2701952312744535,0.4074666666666667,3.1,1.95,0.859,9.098892114623672,4.296183081719831,10.266501878058389,2.2372204634010084,0.6853363808759048,0.1407512543072336,0.4720223100711771,51.4309,1.632,France
50,100,22.712998388308595,60.08441714496649,16.12751635624126,46.00943125718189,0.6794125321795246,0.9107722524566538,0.4138818181818182,32.081810247686356,0.7540907335424119,1.5346296540477482,60.0,0.6111111111111112,0.508617123647116,2.421024541153366,0.1187143037013402,0.4138818181818182,2.9,1.97,0.802,6.761620456654919,3.2785774426229453,7.629044825795265,2.1684158113085727,0.8922362732988997,0.1960185395091165,0.3672061433990699,34.5055,120.3623,China
51,91,29.513834601150563,21.94485662671789,13.02540337209574,10.512929443475638,0.17432665568565767,0.8667726179937769,0.3972,32.636365717459086,0.17008975909010168,0.3424375418962804,0.0,1.0,0.5032969862234667,0.3589976769435483,0.1332628026843064,0.3972,2.9,1.95,0.793,9.292338762220826,4.267756190682063,10.47731892849546,2.307660046549086,0.6682109205404596,0.174765981393379,0.4328919780282553,53.2764,0.8416,United Kingdom
52,90,30.209885471507768,29.892158126668022,13.598477685262836,15.052905015221974,0.3058648424044766,0.8673882878440629,0.39743636363636364,32.48181000616699,0.46716356845344287,0.9637421633561809,35.0,1.0,0.5152608382032702,6.145851619433133,0.0654769258015101,0.3974363636363636,2.4,1.37,0.655,9.638242872781223,4.0099766083634485,10.810498665673087,2.583709129945256,0.6109504308373048,0.3199351014805972,0.5435218044189374,25.6651,119.7641,China
53,90,17.423457199380163,27.260090808863147,7.455706959424561,12.85115677083578,0.4309906697624926,0.7424404605906395,0.3477888888888889,43.01108018080788,0.12572672755008635,0.2538803994163724,10.0,1.0,0.5047797000511879,0.278598305302564,0.0741438856525103,0.3477888888888889,3.1,1.95,0.859,9.244477793989429,4.288962471373901,10.425835120369223,2.2788194505832307,0.674323411807271,0.1512701804527436,0.4147980291671108,53.4775,0.8387,United Kingdom
54,89,42.555337992072886,38.842446702674025,19.820076726515428,20.672680325904114,0.31412320278416966,0.7757749747236119,0.36136,27.5799982380731,0.016323913192168697,0.0334718712585385,340.0,1.0,0.5123095130808433,0.4420375772595289,0.2209405597973107,0.36136,1.7,1.98,0.915,8.98175295586717,4.405354857658015,10.144562355645624,2.14923656631074,0.7045428955510642,0.2307951909323375,0.3292307148678698,53.0019,5.2635,Netherlands
55,88,39.55496074377167,51.15693824455557,17.205091885057964,24.847222613447528,0.3869680136094865,0.7259748495735991,0.34099999999999997,17.51666497806343,0.19399833091432284,0.39118443696126004,30.0,1.0,0.5040745168153651,0.5751794955888729,0.1866004601365477,0.3409999999999999,2.9,1.82,0.891,9.470257004849602,4.421170785755304,10.67870207792479,2.2647213304811142,0.6477680748649758,0.1764025898654115,0.3742927805703852,53.1359,1.1474,United Kingdom
56,83,25.42547249380623,45.276734785518016,16.217734211735102,31.30070349513334,0.4372562660927352,0.8417757360559968,0.3875333333333333,37.20001645080644,0.38760884852675925,0.7828394323224791,135.0,1.0,0.5048680067420442,3.857279029279826,0.1097384299213727,0.3875333333333333,3.1,1.68,0.873,6.770948908371993,3.7501362641474896,7.636306531463544,1.8863386807403104,0.854153878783342,0.1094757849622227,0.368171533327588,21.3394,108.211,Vietnam
57,80,46.703150145838784,44.386328766210696,47.597765844862195,41.94379355294201,0.23948208388874273,0.7380885084017877,0.34600000000000003,15.133345989203342,0.4916243542187927,1.0747003998694775,160.0,0.9166666666666666,0.5425475283358072,16.441988957043492,0.4757497288383645,0.346,2.4,1.76,0.762,5.669085471409267,2.3050897064636486,6.371630584837831,2.647877756958495,0.98729029005528,0.1475913742279874,0.408679625338384,9.2189,105.8099,Vietnam
58,81,22.833993120400667,31.269240915586494,13.23577602568497,19.535556764130423,0.3096500287228218,0.9917949795609728,0.443475,56.00003656051269,0.21717766842619762,0.43191652662978597,20.0,1.0,0.4971767574609563,0.4307709635542069,0.0609632362986033,0.443475,2.4,1.09,0.754,7.661381406630739,3.762700026536749,8.652642999073512,2.1432909502495407,0.827992097355448,0.0899857281373249,0.4207821864203154,47.1594,-2.6062,France
59,80,48.167111457520335,41.62439338694006,19.809697708147592,20.33654430354944,0.2944189108029839,0.9414525260551132,0.42526,59.500001462406246,0.11000866942449962,0.21882705256131318,5.0,1.0,0.4972803036147904,0.7478164816724291,0.239475558045324,0.42526,4.1,1.57,0.841,9.927315628810003,4.54284894084255,11.191529702910088,2.312915578521946,0.6058971139647088,0.0829052005728911,0.3936991011894029,55.4865,7.8406,Denmark
60,80,22.419158129070066,38.833262630423384,8.420318995669367,16.119726870944273,0.40635347669161337,0.8784659547377701,0.401675,59.574976504777275,0.24607131848201794,0.500804239307317,305.0,1.0,0.5086476927144697,0.5261680469948836,0.0824984800728212,0.401675,4.8,1.02,0.857,10.039953659841508,4.59412838932801,11.319755407127069,2.3148689759268244,0.5968969960099536,0.0861834126356987,0.3800302512622674,55.141,7.1997,Denmark
61,80,37.73226632615205,32.28556968646322,15.121399810803737,14.527863059888979,0.24196643227550893,0.976845061295756,0.438125,57.50000479827736,0.2785589903108675,0.5651023802082111,125.0,1.0,0.5070645602160979,0.6402030206631861,0.1654945138075626,0.438125,2.5,2.71,0.894,9.923382958976172,4.5452374423685376,11.18491460496586,2.30915643678111,0.6059911658693379,0.1088644169058991,0.419942051288508,55.0168,7.7741,Denmark
62,79,20.482849648515174,18.288755231356603,9.860097744793743,8.971048924629098,0.1801278866322798,1.0296566324458367,0.4568,70.8799591522121,0.1151078628328809,0.22840823697552887,270.0,1.0,0.4960432935472166,0.9580120836107572,0.0477171231674714,0.4568,4.2,1.19,0.623,7.92297993487934,4.721965859840944,8.887488387867602,1.7276116897997125,0.7491463308131846,0.0828125761107408,0.4311688450867674,23.5921,120.028,Taiwan
63,75,27.58927126203651,50.23299606961561,19.394791406200543,37.74764141293056,0.40893633348214886,0.8724877347243247,0.3993909090909091,71.35128080016072,0.11633091992513149,0.2104495686697069,15.0,1.0,0.44722661747194803,0.6164903077609519,0.1368560930558155,0.3993909090909091,3.0,1.17,0.638,6.93369218718235,3.28377393838316,7.82456427352216,2.2286549512927905,0.8816603732259845,0.0283888250453774,0.4799918743927436,38.9986,118.8044,China
64,75,21.730827374024063,42.139015729798324,23.10484186100739,45.201615950858894,0.5357338166991692,0.8419041295067761,0.38758333333333334,65.2533266640696,1.4507449587301837,2.9249693879495946,295.0,0.4027777777777778,0.5040136267042564,10.981231581102666,0.1210185574050888,0.3875833333333333,3.6,1.9,0.837,5.2207543282304245,2.1921588482715166,5.8707679831206105,2.559782296926552,0.9962114336152904,0.0797287906476453,0.5275437049851094,10.1591,106.8469,Vietnam
65,75,36.341631449008716,30.94440099186255,14.857855716689974,14.092167838711845,0.24875624349895883,0.9586605474415835,0.43155000000000004,64.5607139680682,0.24709282594980547,0.5058442414458947,160.0,1.0,0.5115238927233574,0.6373889790631604,0.1646349089126265,0.43155,3.1,1.14,0.787,9.750289432464376,4.554186504855778,10.998289802625216,2.262285804680657,0.6299340436326738,0.0399126046421428,0.3504671826715682,54.0341,5.8848,Netherlands
66,74,26.407395577602145,80.16841729438853,19.156887830386182,62.33377600634451,0.8686256716976815,0.6078478170869346,0.2907,30.85,0.8090077417245032,1.6004521783388466,150.0,0.5833333333333334,0.4945130178371239,5.99547731675218,0.1806858851083182,0.2907,2.4,2.19,0.877,6.997692607542257,3.1684124559052718,7.888299691813526,2.334707085724619,0.8944535519125683,0.0436984641477271,0.3660759162240915,30.462,121.4796,China
67,73,45.920387406754216,39.1169469758347,22.588713794672493,21.788787133789423,0.29445482775710974,1.1732828255631746,0.5044285714285713,72.35528064770664,0.2538198317782549,0.5051636084689889,80.0,1.0,0.49754925429502667,0.8738652116383734,0.2709676449252333,0.5044285714285713,2.7,2.79,0.972,8.9669125728564,4.111455199998452,10.10998933866955,2.311199042132501,0.7035475176194915,0.0616947791218998,0.3950583869657152,53.6443,0.2928,United Kingdom
68,72,21.41460630766022,59.084845509053174,7.950498077842627,23.80079154280156,0.70665132714058,1.16623932812661,0.5022,76.8681267523868,0.36551082965202,0.7518754662646805,295.0,1.0,0.5138678597030297,0.4310422531206466,0.0750746099005065,0.5022,2.7,2.45,0.978,10.102052725999426,4.633388943068014,11.390542279691456,2.3087889168397178,0.5933198195745916,0.0457287410310864,0.3608071468902002,55.2017,6.8522,Denmark
69,71,24.101618284479866,48.45916557245516,10.631022961650691,23.077890974985515,0.5977080360814547,1.3347857140461632,0.5525599999999999,91.66416566184071,0.3568324245428458,0.7107885052307051,235.0,1.0,0.4979766528061307,0.5397274763787618,0.0884765674369008,0.5525599999999999,3.5,1.82,0.822,9.011725740572585,4.462255715305892,10.17198641051762,2.124048682495134,0.6998919267909274,0.0750023250887601,0.5078525455948091,49.896,0.2344,France
70,70,25.236869165953745,43.54449175332543,18.27575641283384,33.64571155972226,0.4134134705927751,1.3545142925471845,0.5580571428571429,88.41891985605544,0.21035731432939775,0.4986203068973929,190.0,1.0,0.5781212449241893,1.2720291480868446,0.1586239625800312,0.5580571428571429,4.4,1.57,0.733,6.579840280039215,3.2865129221725358,7.426271660222333,2.1016084453991155,0.8954817185251724,0.0510102087447594,0.4679549763523133,36.427,121.2355,China
71,69,19.99365950671576,15.281306398176453,9.592862591907197,7.561926108246341,0.20668578253930286,1.362139435439672,0.56016,88.92908896297855,0.08089054210741566,0.1775710245746465,245.0,1.0,0.5444609147174418,1.624509299716001,0.06450825757287,0.56016,2.9,1.55,0.829,7.947462402129342,4.6432249590227705,8.870186781267007,1.7066886288644223,0.7091393858489075,0.037245079327335,0.4384482199783039,24.7084,120.7773,Taiwan
72,68,24.34003196314408,44.357361021148776,16.84938383098629,33.35714366213905,0.4888655666423413,0.9298995197495546,0.421,87.4,0.6359414795354287,1.3005384106549802,75.0,0.7083333333333334,0.5110167648065418,3.254749609253543,0.1208848648983663,0.421,2.9,1.24,0.677,7.507374842127298,3.076757466793401,8.43073061117824,2.591566730479748,0.8818178132095715,0.0473668107846021,0.3146538006809235,20.5798,110.6321,China
73,67,25.19286675740084,42.09035064624045,10.485439177864201,19.870210704517355,0.41763105553069074,0.9508411659191268,0.4287,83.7,0.2133081818706088,0.43269844188104,310.0,1.0,0.5070280795481353,0.5428728427644884,0.1033150952332001,0.4287,3.1,1.27,0.707,9.508971930601406,4.40977953258353,10.722260090471906,2.2822439236466514,0.6451098042518153,0.059535834820147,0.2474788655688982,53.2671,1.3778,United Kingdom
74,62,26.223810768651536,74.50698772114517,15.493174945803393,48.328221793091956,0.9082906420341339,1.019622712717501,0.4533,87.8,1.8147241798888183,3.688542894269213,190.0,0.3611111111111111,0.5080105527013639,9.48664974620387,0.0828732875416215,0.4533,2.6,1.4,0.665,7.875334118809678,3.734742811412037,8.885979106489984,2.22813377587049,0.7972253802056042,0.0998087990883542,0.5381727620598744,29.5814,122.2286,China
75,62,19.188005828957333,50.996809560065394,9.830625909079476,28.081666601726816,0.6819280843947026,0.5003077527336437,0.24264000000000002,105.21879120926194,0.07588946839050426,0.1508551354819214,290.0,1.0,0.49693811783018194,0.4671300502985345,0.0877539736605755,0.24264,3.2,1.08,0.567,8.182359219684328,4.054689073675364,9.237003818411411,2.1197247750005284,0.7705292312298825,0.2891025749757882,0.5317145508533517,48.857,-2.542,France
76,61,13.583702839561814,60.86136960910977,9.706597922876298,45.26286489151967,1.2877240761358577,0.427868329595537,0.20918333333333336,94.88203352982333,0.31865246967326577,0.6531168638328638,180.0,1.0,0.5121049733684133,1.7321722214900706,0.085147482383195,0.2091833333333333,2.9,1.32,0.762,6.681051843201412,3.3692382266048644,7.54092996894751,2.07936995304552,0.8875416905789688,0.3166246608085844,0.5591219969458581,38.3074,118.5609,China
77,60,17.72098926819806,65.7701497050082,13.431060393985506,52.86247408828424,0.9083049865853674,0.3814538784845149,0.18734,88.23997121500568,0.1582102358212619,0.31239727686781865,320.0,1.0,0.49356077169586243,4.352451230585686,0.1288679843817997,0.18734,3.7,1.34,0.661,6.655900076032503,3.021477814549343,7.488412782529384,2.2924928014603028,0.9372723132969034,0.3233382174167349,0.5598721164957534,20.1437,109.4282,China
78,60,24.729054305805892,64.0312316080102,16.84550257999064,46.912355603262135,0.6408661487183417,0.4051235889361934,0.19851666666666667,84.98148443255172,0.11551301203330758,0.22047725539907334,5.0,1.0,0.47607742202607095,3.372403622932304,0.1367350370090403,0.1985166666666666,2.7,1.7,0.744,6.749754639401372,3.475407854978586,7.613671073168315,2.0286187244616904,0.8775277590638021,0.3309730653767473,0.5626378940176133,39.4769,123.2027,China
79,60,18.432930762452948,52.91971941719633,11.915780998535835,36.907898146368076,0.7187430473515127,0.33126230670117646,0.1634,78.24999329809522,0.08423892103735575,0.16470496829321088,200.0,1.0,0.4885465696008222,1.5210693188875375,0.094262542459867,0.1634,4.4,1.94,0.806,7.031775545927127,3.5567295495096705,7.937650227170224,2.07390482824757,0.8555090825161564,0.3456790656142907,0.5719545792799152,37.8351,120.3113,China
80,60,20.215634292782624,20.346837409672514,8.146991255937696,8.712394835150604,0.25368087083503926,0.3911877821647407,0.19194545454545456,91.18403737813763,0.011816873577740073,0.026715646466564002,170.0,1.0,0.5576796693824253,0.1662429507016657,0.0819849947799876,0.1919454545454545,3.2,1.82,0.817,9.498107722770852,4.658835144011968,10.708516899350052,2.1434067231662883,0.6382771368241136,0.2676470068859801,0.5376662577423208,54.1164,-3.8162,United Kingdom
81,59,28.597181647349757,25.35502545437979,13.384854783003167,13.406446095708057,0.26011195484450406,0.36175829953670896,0.17798333333333335,84.79853596526407,0.06551453481290569,0.14298141634743292,335.0,1.0,0.5417968538393632,4.511111273104876,0.0756100592024199,0.1779833333333333,2.3,2.09,0.852,9.26019019004544,3.9881359225321313,10.397403004021225,2.474251283126661,0.6519472671357637,0.2889206359801242,0.5452841465231884,25.4058,119.3996,China
82,58,21.855400284452,66.8583572663385,13.393201845150394,45.142844876121934,0.7925342433132718,0.37427067570058203,0.1839333333333333,89.44718948242122,0.14199741715324718,0.28546664754135487,5.0,1.0,0.5025779075200941,2.1959477407088515,0.1054738521048136,0.1839333333333333,1.6,1.27,0.782,7.535421719597016,3.6092909236870576,8.50438338163569,2.2010240702561203,0.8264603138957507,0.2750577810212622,0.5468267217413324,33.3213,121.5926,China
83,58,53.115049569639616,34.729420998969786,28.50616273347018,20.99567777124073,0.2099753897454021,0.3290130892293958,0.16232,83.41980793125612,0.022063935773387753,0.042666721403897004,55.0,1.0,0.48287716873020475,1.0758315502979583,0.3433022214918195,0.16232,1.7,1.73,0.955,8.181043730361734,4.287040229728043,9.228663350098566,2.003199753491759,0.7532836505635743,0.2886462001509465,0.5491444604418381,54.7534,-3.713,United Kingdom
84,57,24.896670184602815,35.68123022671895,13.095095311800737,20.655676575142824,0.38239207153753724,0.2681824741234605,0.13290000000000002,79.07498001320266,0.036946189114585956,0.08118035256777598,180.0,1.0,0.5448875504237758,0.9010681210406936,0.1593036097189105,0.1329,1.5,2.3,0.956,8.224739327302295,4.051300752385167,9.278220606067007,2.131748073203063,0.7642183115684127,0.2914861774548232,0.5449531969331733,53.4864,-3.2425,United Kingdom
85,56,21.515415242461675,61.18549391460445,12.796961339536262,39.39460136985558,0.6751510323754417,0.2957883726745333,0.1463,79.07905598569533,0.028542268764942886,0.05765869052486741,35.0,1.0,0.5049788938126268,3.3527098154345696,0.1032726860433229,0.1463,1.5,2.29,0.943,7.5141071008292,3.7288363669672577,8.474045869966131,2.1113262899690626,0.8020613444120068,0.2824833736209788,0.5512491523952885,28.9259,121.9986,China
86,56,22.482949283952756,63.9172609468505,21.72477896417403,60.67440757261898,0.9648872071876234,0.38505534620393933,0.18904545454545454,55.53940927731356,0.6471014911169973,1.3623445256143767,295.0,0.6944444444444444,0.525008924724697,22.69624926824674,0.0625815190978023,0.1890454545454545,1.5,1.12,0.68,5.787266785623269,2.473987938777258,6.51504947962434,2.5042770848302225,0.9781612583277192,0.0406564714282507,0.4867099621879847,8.9219,105.3984,Vietnam
87,56,23.532726500009087,18.393596863691897,9.96949445256614,8.356211348102516,0.20742194462410954,0.3476275159338098,0.17124,79.89991225326595,0.025859895983285877,0.049399079838774645,245.0,1.0,0.47651057332050406,0.3172003812696066,0.1053836117217126,0.17124,1.7,1.5,0.934,9.370276183055728,4.417023959271071,10.570607632420389,2.239646811648171,0.6604905159840034,0.3275759636725602,0.5724211765187206,51.7743,1.9848,United Kingdom
88,55,20.270641896582053,58.368156977680506,15.398180617273052,46.86749782456161,0.736191587830674,0.3878338075020441,0.19036,276.99890817447823,0.19732154078253678,0.3690360543668787,325.0,1.0,0.4653055211067263,2.490210720180842,0.1217436075052414,0.19036,1.8,1.33,0.719,6.494951376785905,3.1354795029618345,7.328246998952651,2.1779598738711634,0.9131811036482044,0.1481197025878012,0.4974436120652258,34.5028,120.0532,China
89,55,24.70825988223478,27.154973879407642,15.845886206255472,18.521181939920904,0.28343040263663255,0.5487416054872645,0.2645363636363636,78.25427085416574,0.1319644406604139,0.2612136458738258,260.0,1.0,0.4948026539005432,1.1669371031152371,0.1169634182184185,0.2645363636363636,1.5,2.23,0.978,7.516049604528243,3.4091962651892094,8.476597922498032,2.333182649058909,0.8447146629102614,0.0813079966212587,0.4358420688697648,30.9301,122.1242,China
90,55,19.910077673565908,49.493418789139845,15.859089607196816,40.68994563262305,0.6466618093415134,0.9073266520191137,0.41259090909090906,60.654561229787724,0.5538312930760464,1.1177959310795875,165.0,0.8194444444444444,0.5045327347531505,5.55598875398517,0.1245408714486778,0.412590909090909,1.9,1.26,0.778,6.769583592975408,2.881231591737595,7.611845843130187,2.500456253320096,0.9341176828355416,0.2589591064478392,0.4936481916044407,22.7327,116.1203,China
91,55,24.451295212537477,78.04624764588317,18.717733423325214,63.0354779574285,0.8270680065447076,0.8236208285489861,0.3804272727272728,66.27404299824937,1.0185862088675222,2.06556318759821,15.0,0.5,0.5068724041059673,6.22260887708631,0.1617967204697052,0.3804272727272728,1.9,863.13,1.0,6.807216874518607,3.001502122181931,7.666939031643558,2.392850667436048,0.9192891184469896,0.1428598665835762,0.4829106674480699,21.901,113.4405,China
92,54,24.21873193324449,33.07703271904021,15.071634030141917,21.891553301489065,0.48812759789350635,0.5465101457644647,0.2635363636363636,79.44811599271202,0.4475971662871281,0.8599152769360124,60.0,1.0,0.4794869002886311,4.652011127542742,0.1350668411393591,0.2635363636363636,3.8,1.42,0.749,7.696542081428903,3.538564555133524,8.682689702074375,2.301120619248976,0.8271288706739526,0.0906957444063485,0.4483523894958564,30.4497,121.896,China
93,39,12.311843000869887,24.063065871542033,6.749404196524372,13.968855015338267,0.43906487661785676,0.6883141373849866,0.32526363636363637,232.59017321101675,0.0447575154785814,0.0858770235850406,155.0,1.0,0.4788185056941983,,,,,,,,,,,,,,,,
94,50,22.41044711141004,58.80388355798324,15.071960146975016,42.59139527206257,0.6820975408413452,0.20383314587342255,0.10139090909090909,64.95856639871725,0.03968473283781929,0.0818142534788106,0.0,1.0,0.5149410872753791,3.686792901854445,0.118151129210028,0.101390909090909,6.8,1.04,0.732,6.76060431230232,3.5219904279155383,7.629578534458613,2.0082358687727573,0.8732545059094576,0.1003561513148738,0.4948491185096917,37.2621,119.4511,China
95,50,22.99400377760926,48.71278227381477,9.41353168816009,22.304850774316165,0.5244979742972699,0.5639063935090189,0.2713090909090909,247.9326428238178,0.05610283234365243,0.11307459023186411,130.0,1.0,0.5038422670504696,0.6055258145786662,0.0484631290698642,0.2713090909090909,5.0,1.53,0.808,9.536108639483231,4.490338549293827,10.753449551393397,2.239278042851266,0.6391299872744967,0.1004866236469503,0.3556366416221591,54.8305,13.8582,Sweden
96,50,37.101119927416654,54.10090224940587,19.694921243607524,32.236247292822604,0.4201661878790999,0.5545321869303573,0.2671272727272727,230.5685643562086,0.016816138886291503,0.037139355068387545,120.0,1.0,0.5472151076580167,1.1343263501806142,0.221814697913711,0.2671272727272727,4.7,1.5,0.707,8.473104735399472,3.958121633284971,9.561881503634586,2.2623720177177344,0.7545744328531214,0.0988403325731146,0.4165747376326725,51.7298,1.2299,United Kingdom
97,49,30.35108155233483,34.261482632457906,23.779151134657077,27.972961450022616,0.31098611394987374,0.8724877347243247,0.3993909090909091,70.03622190582956,0.4246233897466609,0.8449858771138458,310.0,1.0,0.49747871384903797,2.85379787478025,0.1695625021561223,0.3993909090909091,3.2,132.67,1.0,6.785427682865457,2.9545513247690804,7.637337915821692,2.423495555930268,0.9259218050706934,0.1409048297839614,0.4669032720369298,22.12,113.7329,China
98,48,20.568349733141712,33.75406157750101,17.584265494332712,30.00823456155085,0.3890289590668303,0.38764927774405,0.19027272727272726,53.64421448512031,0.04380446870197736,0.0843828608067409,30.0,1.0,0.4808842899708324,0.732112261268516,0.1081127219972358,0.1902727272727272,1.9,1.0,0.798,5.947764274553078,2.8353803490948235,6.710761035831292,2.2066903254811385,0.9508828095202448,0.0398406603082727,0.4973255508690137,34.6039,119.7916,China
99,48,60.02075966580933,28.844647137268154,38.12453527709338,20.69528386866406,0.1470230661260468,0.573028962991233,0.27536363636363637,235.34184032286564,0.1006170484815805,0.19547864477279553,50.0,1.0,0.4852785653464921,1.3501086777911528,0.4145435222371154,0.2753636363636363,4.5,2.22,0.867,7.964161761908946,3.55870147627723,8.97819837293038,2.376740583033392,0.8046065018022126,0.0808855085469961,0.4775455317324572,55.5128,12.7808,Sweden
100,48,28.267218217431555,63.20260244839078,16.397659369208302,39.63362201020944,0.5975908981867489,0.4876132469383035,0.23683636363636362,234.31560768377045,0.3864224746369177,0.7873106895937994,120.0,1.0,0.5091868054830001,2.94269189559682,0.1902167347704413,0.2368363636363636,3.1,483.04,1.0,8.045221223744381,3.8171752976195705,9.081352327861543,2.2231825971043224,0.7960020993678079,0.0936181078548006,0.4860188372614886,52.747,5.5908,Netherlands
101,47,23.814307990868556,42.378887399348955,11.307115629946773,22.15949865091984,0.5079656754218496,0.9282542397727439,0.4203909090909091,31.890906424647817,0.3518479150942287,0.6796579785757813,180.0,1.0,0.4823162146473659,7.395996932449977,0.0250715546297284,0.4203909090909091,1.2,1.4,0.675,9.206881995899373,4.034639118678318,10.340915027936942,2.423047278648765,0.653539691775151,0.4471111709285912,0.5246328818450333,25.5817,119.6054,China
102,45,35.63446154086777,45.017553740833435,20.69999215245036,28.06139363293154,0.36549083435226054,0.548599545677682,0.26447272727272725,232.40860437795862,0.17398686687129472,0.34488439521725056,25.0,1.0,0.49552119700373126,1.7487307052733387,0.2244801911174372,0.2644727272727272,3.3,1.83,0.851,8.004565564899137,3.742570375270544,9.033026575952396,2.2594391510457563,0.7997465390486949,0.1035196074846889,0.4566276913496201,51.458,1.0879,United Kingdom
103,41,23.646908479871204,65.88691875783688,14.445192875488836,43.45385773226253,0.718394072121689,0.5369569815565952,0.25924545454545456,8.334261045349274,0.24363093032295874,0.48688902159639036,95.0,1.0,0.4996171211169622,5.88180211296845,0.1117784502046324,0.2592454545454545,1.1,18.83,0.997,7.530772674151242,3.66658935988019,8.492170293505982,2.1562579860262225,0.8139587543977842,0.185111153877731,0.3845326682296345,29.0656,122.0286,China
104,39,19.620303507110815,39.450493931586564,12.593638137415045,26.656893357059886,0.4683877893498788,0.5712672887877336,0.2745818181818182,80.32759530615431,0.18469623827461687,0.38021188147953067,340.0,1.0,0.514228125760021,0.8771043346741959,0.1177809907935986,0.2745818181818182,3.6,1.27,0.625,7.575265866709182,3.412281785393585,8.543375630120291,2.3541655661080343,0.8382476233250992,0.085037858070765,0.468560992683642,30.3864,121.6844,China
105,40,26.224316179880013,51.107892812714326,18.94255036215091,39.02035252068071,0.47487724826536404,0.5660919422420366,0.2722818181818182,9.747682231641951,0.26888102829899174,0.5550696076062039,85.0,1.0,0.5155904329574655,4.776333343892062,0.160789683862228,0.2722818181818182,2.0,1.03,0.628,6.650055939129827,3.308727919290053,7.501472677162337,2.107507343016497,0.8965566284901564,0.1975964030474226,0.4529166340078379,28.8353,121.8575,China
106,37,16.15643959243695,73.26187238560169,9.796489343149489,48.22107911005678,1.2125000905891632,0.24848000768717673,0.1232909090909091,109.10377773607054,0.07602541710971043,0.15586485039991452,155.0,1.0,0.51223501055777,1.8229535653407456,0.0811831170263448,0.1232909090909091,6.4,3.58,0.972,7.482317107544469,3.6924713650385534,8.44450005992785,2.126721391876886,0.831056466302368,0.0674608558459987,0.500046264350775,38.0237,119.2633,China
107,39,24.007067525785864,78.86286481438971,22.95641519559,74.28353009572389,0.982390127478421,0.37253483097067736,0.18310909090909092,85.88280246544794,0.5365451252429065,1.0656512700828145,290.0,0.875,0.4965096553573167,19.842508535349165,0.1058173157885725,0.1831090909090909,2.9,4.49,1.0,5.759997573047616,2.5041372512008744,6.488365894941245,2.460892904874337,0.9772922124909548,0.2802193259961207,0.5409449000145075,9.0822,105.5854,Vietnam
108,38,16.273569560117895,56.513798701227,10.907143439674648,40.43998509062965,0.8884042376301367,0.20383314587342255,0.10139090909090909,64.95856639871725,0.04969918984547663,0.09211038360133231,25.0,1.0,0.4604387919980905,3.155698329149934,0.0774095294631732,0.101390909090909,5.6,3.95,0.946,6.76060431230232,3.5219904279155383,7.629578534458613,2.0082358687727573,0.8732545059094576,0.1003561513148738,0.4948491185096917,37.2428,119.6233,China
109,38,18.671193093554773,55.76564920774998,12.783741337893698,40.483937593718814,0.7045815390784904,0.5306613307904443,0.2564090909090909,66.5886634710613,0.26760793939961053,0.5346678508957372,190.0,1.0,0.49948750621289434,1.7715772401693444,0.1027245939290945,0.2564090909090909,6.1,3.02,0.997,7.166989685487641,3.2899791014619155,8.084511388904126,2.300348590511589,0.873653784646374,0.054210656255285,0.4224204225661666,32.3706,121.6844,China
110,38,16.278073156103755,41.99463636516616,11.394260092806267,31.07524969775576,0.6157886687383903,0.425862134184175,0.20824545454545457,1.2006377744823389,0.08613609921832485,0.17214413794763675,250.0,1.0,0.4996280428408802,3.334929284415986,0.0644878010861288,0.2082454545454545,4.5,2.36,0.851,6.901043457764984,3.2846690027621093,7.789748476210693,2.2197140974931115,0.880484234515225,0.1540274885465258,0.4169755832475085,29.531,122.0568,China
111,36,20.168469270538512,77.97448250567473,16.09358526465424,65.12645440455556,1.0296589731960888,0.9073266520191137,0.41259090909090906,60.654561229787724,1.2684091139389448,2.556760880428445,355.0,0.4444444444444444,0.5038999839021352,7.6111697486704095,0.0989117371236448,0.412590909090909,4.5,2.15,0.867,6.785783252190893,2.869999692852504,7.6298170382321375,2.5212507215964157,0.9319480624797264,0.2589591064478392,0.4936481916044407,22.6779,115.9363,China
112,36,24.553080300486428,84.29681138087979,23.274769079082684,79.44397705837807,1.0863499879324026,0.41780447202414905,0.20447272727272728,89.70975845357796,0.87188148549843,1.768313520819088,105.0,0.5416666666666666,0.5069417978014593,25.204815275562364,0.0441312226194589,0.2044727272727272,4.7,1.48,0.935,5.903635338670015,2.507188771458323,6.647116640940341,2.5280935277315253,0.9736932030840632,0.3180174507518598,0.553893515735028,9.6266,106.579,Vietnam
113,36,26.284402767637577,56.85545364400186,12.601228181181273,30.399210016025393,0.5647931111285768,0.4795693623067225,0.23314545454545454,237.2864086465484,0.11017872890740758,0.2225925710519073,345.0,1.0,0.5050206375409145,0.8932764894542273,0.1376506227584864,0.2331454545454545,3.7,1.1,0.605,8.750887732984909,4.259177926477757,9.881123630335589,2.1657132352489703,0.7283231200393788,0.1022036774163634,0.4365655789583262,52.607,4.4203,Netherlands
114,34,16.202656616425227,33.60870354899013,9.331978620837072,20.64658674300165,0.4581162718970385,0.2916203431685471,0.14428181818181818,300.03955065557057,0.02260082946930737,0.049155374768584004,270.0,1.0,0.5402165159822447,1.313157665617057,0.0917141861706201,0.1442818181818181,4.1,1.4,0.774,7.648987679572146,3.7712233564199367,8.623797831844442,2.122926562817087,0.8035757728871922,0.0728646798115415,0.4143580412074886,37.9135,121.8844,China
115,35,25.186350214970044,38.225449999045004,23.283175106609416,35.880722770045224,0.4663562562786319,0.4459877500920012,0.21762727272727272,94.9827753461648,0.48173621508686754,0.9479828537957049,90.0,1.0,0.4918302444416622,12.539218725592926,0.1025913292164851,0.2176272727272727,2.2,1.48,0.822,6.039467386086792,2.597928974262929,6.800789217597104,2.493906887709713,0.9658985203483292,0.3149013440249766,0.5444390474958294,9.9279,106.6985,Vietnam
116,35,18.34577234398124,46.693828627918855,8.481474517817178,23.598546112255125,0.7430722101505798,0.5842843196957216,0.28034545454545456,231.69818199453698,0.04055814689962951,0.08616404683163023,160.0,1.0,0.5292915271391279,0.4007401084699858,0.0848061395719171,0.2803454545454545,4.2,1.48,0.692,8.9669125728564,4.111455199998452,10.10998933866955,2.311199042132501,0.7035475176194915,0.0738422505550508,0.3046723609144667,53.8058,0.1494,United Kingdom
117,32,8.189620463189867,31.56455091508824,3.4593757947989654,14.09994178998587,0.9716164214661562,0.49548091725312016,0.24043636363636364,262.5700920540222,0.018118962011909174,0.03635002678105689,275.0,1.0,0.501541990022421,0.2255084159369641,0.0218067541290635,0.2404363636363636,3.7,2.47,0.864,8.993002037878433,4.438256727159942,10.141798584816314,2.1194452840570617,0.6955861529056566,0.0361692233290804,0.2547982677733422,41.0531,-70.4351,United States of America
118,32,16.53027856176238,49.240341133819896,11.14693050370664,35.60004009317187,0.7920200640591356,0.5626816877606066,0.2707636363636364,88.65859225012711,0.21635457832672594,0.42917273609665363,15.0,1.0,0.4958799566475734,1.8105582843155672,0.0869951146339476,0.2707636363636364,3.2,3.96,0.957,7.284573734990147,3.277895704402925,8.214427731208712,2.350607810268124,0.8712697588392344,0.0824229710309745,0.4310180139236391,30.7438,121.7988,China
119,32,24.776131968126837,28.3008207542638,17.888560937197834,21.561095412154817,0.29713660826329497,0.6445230791531184,0.3066090909090909,13.557327585790624,0.15640681817255747,0.29384761133938325,180.0,1.0,0.4677281279924795,3.4158139557465854,0.1493014834505589,0.3066090909090909,3.9,1.14,0.911,6.80613212564559,3.26878389498399,7.668989309152344,2.188566844752781,0.8917479165107169,0.2417748302034726,0.4568582484791648,28.1833,121.5002,China
120,32,19.178011858416884,62.806411052904664,15.506537162801596,53.158999559252706,0.8146144104864497,1.3106634287647643,0.5457272727272727,93.55647026959839,1.3878841116142593,2.9210786852384008,65.0,0.4305555555555556,0.5248727401189492,4.044025128234615,0.1422026852614048,0.5457272727272727,5.2,1.24,0.817,6.748494159490308,2.787880990285147,7.576264595364709,2.546921952900792,0.9451056715822044,0.135056094995619,0.5032333196805785,20.7161,110.5573,China
121,30,33.97498896453032,64.19623531429525,14.695614637482372,31.191672655046666,0.5141269906651489,0.49776983849099626,0.24148181818181816,239.11151958729386,0.16532651113926952,0.3323670731357547,220.0,1.0,0.5025785509392331,1.6585232903851526,0.1900427556387192,0.2414818181818181,6.3,1.53,0.803,9.53944367405972,4.455071274909252,10.758699253763082,2.2613023864258848,0.6502403611683872,0.0781744512521505,0.3731502240687229,53.6928,6.4755,Germany
122,30,43.734088566889774,47.98317969288891,22.66204976310273,27.47522075572143,0.293930609534213,0.5490460458863682,0.2646727272727273,230.66726700355738,0.27903015628893574,0.5815843156465486,115.0,1.0,0.520224069353123,1.5129036361884425,0.2849519316016922,0.2646727272727273,4.5,1.05,0.715,8.795277896769342,4.026367522357212,9.919433884827184,2.3134090498071505,0.7234685729969809,0.0691763475365245,0.3552579553879609,52.6458,1.7875,United Kingdom
123,30,35.32782016701284,56.885442405636354,16.839133939439606,30.440911989864272,0.45120285438062785,0.5189974865290867,0.25113636363636366,235.96059864431658,0.11928157439834268,0.24120511582641546,350.0,1.0,0.5054765982485697,1.422926069864282,0.1991466888895594,0.2511363636363636,4.0,2.65,0.878,8.701930888734863,4.516450027333818,9.809149959468703,2.0123956091358863,0.7055764528283055,0.0943933755776184,0.5170655052339733,53.9928,-3.2982,United Kingdom
124,29,27.725690114367364,61.22825907159457,13.667866528159237,34.141669050820454,0.652497471300397,0.8999253649851915,0.40980909090909096,32.82726990322364,0.8665892939020494,1.7066656721865807,205.0,0.5555555555555556,0.49223253972655584,7.452785477522479,0.0457423983107877,0.4098090909090909,4.8,1.43,0.69,8.946884430364356,4.047418975144644,10.058410267766854,2.340569776246928,0.678669810614567,0.4577641675037553,0.5577781172817322,25.2975,119.3727,China
125,28,18.658231659233877,36.80505427656722,7.682175857017152,16.31634002867326,0.5172524165427856,0.7979642620394827,0.37026363636363635,37.97274452253186,0.1606572030298598,0.33769634845833313,195.0,1.0,0.5242554331330358,1.917223734345401,0.0461468747293966,0.3702636363636363,7.5,2.38,0.861,9.31423521363258,4.764034491679867,10.485258980519037,2.023692355853986,0.6326298438006837,0.499683932566233,0.576234172525608,23.9216,118.2136,China
126,27,25.443402655590525,80.5505944780831,20.81876340007599,67.99219318432634,0.985311762222795,0.3770165273248798,0.18523636363636362,80.14537463464386,0.47483981286107896,0.9259225745192688,300.0,1.0,0.487171145916155,19.24739130499687,0.1209386998583007,0.1852363636363636,4.1,1.03,0.715,6.716994093444197,2.8601159750522323,7.563794271119157,2.5220321578017773,0.923472237817202,0.3397573735376582,0.5804331905389052,9.5244,106.456,Vietnam
127,27,13.779336094853944,33.00321857213676,5.756991743898196,14.446701227992376,0.5679286032312091,0.5639063935090189,0.2713090909090909,247.9326428238178,0.13300109142067432,0.2663601849635399,170.0,1.0,0.5006720263432904,0.9615348079525536,0.0526813962921596,0.2713090909090909,5.0,1.55,0.862,9.38836062983252,4.47730489461765,10.585651739806272,2.204858526203419,0.6470912243930435,0.1004866236469503,0.3556366416221591,54.8185,13.657,Sweden
128,27,43.60865358684529,59.85405488885858,23.599843183694837,36.66548597334801,0.38926802537226457,0.6802659813911297,0.32186363636363635,234.5457552686296,0.5990537191782325,1.2041801488885784,190.0,0.7222222222222222,0.5025215124737462,2.553429982489692,0.2692910348948922,0.3218636363636363,6.1,1.01,0.524,8.494350777643275,3.994011081145214,9.581278749114686,2.250196127438785,0.7472256814722568,0.0715238650647377,0.3097837934402605,54.6456,-1.0941,United Kingdom
129,22,4.3269208534650865,14.8220073440812,1.5559109305508991,5.6531114411995205,0.7723262026410312,0.5831317516401329,0.2798363636363636,235.90478328823497,0.02425311770885026,0.049714802934705676,170.0,1.0,0.5121550066140689,0.0326720066576643,0.015526291482914,0.2798363636363636,3.1,1.22,0.665,9.980678689846528,4.653763664012118,11.262926550034244,2.271039822758373,0.6168976283154927,0.0657776356007628,0.2557845622521721,54.7288,1.7951,United Kingdom
130,26,25.11491104270565,89.20804058414124,25.198437969769866,85.87773204852338,1.0920720606388765,0.3911877821647407,0.19194545454545456,91.18403737813763,0.7570957983508848,1.516329546629167,110.0,0.5833333333333334,0.500704975357155,21.76443598800899,0.0885193652804006,0.1919454545454545,3.8,1.23,0.659,5.593621787633331,2.333313417778682,6.293070235618762,2.5784993342162403,0.9871423759263418,0.2676469721236069,0.5376662577423208,9.1406,105.7125,Vietnam
131,25,19.655669751901264,57.983589109354526,14.183682911620027,43.976294550681935,0.7609512440653173,0.36312952021415074,0.17863636363636365,60.56145327548921,0.03713172949711782,0.07874362434356924,45.0,1.0,0.5284477974356445,1.4480198555351598,0.1167982028606551,0.1786363636363636,3.6,2.57,0.913,6.7307918660995645,3.253915041101652,7.59477019226882,2.176459545777499,0.8943583885112069,0.0384215744496192,0.4767518816428664,34.4035,120.1958,China
132,24,19.306221299805635,41.9402401932992,13.719932229735427,30.667288109243028,0.5336253343739177,0.3913994361611565,0.19204545454545452,116.35075451403316,0.18386354434145014,0.36571154485940477,320.0,1.0,0.4972443530265319,0.9017742204162158,0.1249665393613827,0.1920454545454545,5.9,1.26,0.804,6.76855533897434,3.326806117794717,7.6401150200933134,2.137696196814637,0.8874089253187614,0.0278699203142497,0.5015726443307378,38.6684,118.0399,China
133,24,23.28713456889043,80.83174474923072,21.93185516307434,75.2721188826233,0.9530885808718073,0.3463270760143946,0.1706181818181818,81.67236980617047,0.33181812853076936,0.6571495724439659,135.0,1.0,0.4950645295305761,15.936344766939069,0.0784134419712825,0.1706181818181818,4.6,1.42,0.672,5.866900958303384,2.554274151077274,6.609615307601853,2.456052381486729,0.9727148676298126,0.2879034955409558,0.5405896201500235,8.6706,105.1538,Vietnam
134,24,19.76824974346829,54.78991534903091,12.718018205404272,36.88519668697033,0.6688888325334703,0.513084391088566,0.24845454545454546,230.59853038667367,0.29329859648320994,0.5972046226112459,65.0,1.0,0.5088809004846907,1.7574431074225252,0.151113918507971,0.2484545454545454,5.8,2.97,0.903,7.54692163717232,3.4337255322755738,8.515973993757049,2.3224542794028755,0.8476100693664695,0.0985407509966903,0.5140040839929909,52.6039,5.5748,Netherlands
135,23,26.75136677559814,38.987033293051155,21.754971619986975,31.97098852576029,0.4135810346426943,0.49822784717930907,0.24169090909090907,271.41828807267535,0.45605925064418873,1.0272925440554852,70.0,0.9444444444444444,0.5560570810299269,4.90681138568711,0.0905690914566984,0.241690909090909,5.1,1.16,0.863,5.760834182036104,3.1334386710765623,6.500832901705367,1.92486533122934,0.934033617231274,0.1216042120976674,0.4879752919602463,40.2006,139.9778,Japan
136,21,8.543058438098686,76.76406169636373,3.507559486458827,33.53902632315481,2.4484918908280715,0.5072840078772282,0.24581818181818182,250.16863308589004,0.21649883195292266,0.43513148354991527,290.0,1.0,0.5024519251361119,1.7127009312499133,0.0273748567725705,0.2458181818181818,3.7,2.16,0.835,9.807760936200058,4.669850605637875,11.062236197355167,2.2137456014860355,0.6212598560271477,0.0741653510885776,0.4231153902111888,56.5932,8.0257,Denmark
137,21,23.285619033251876,54.31411628205159,12.90234699693327,32.1955093805978,0.6059207596357952,0.5873948740234559,0.2817181818181818,246.93765336270548,0.3195407397678176,0.6415604606239005,80.0,1.0,0.5019319933509072,3.3738029926840127,0.1323351908811656,0.2817181818181818,5.5,1.14,0.745,8.31360014872977,3.772176043990688,9.372924993670578,2.334821819264457,0.7726660269889554,0.1104792029057052,0.408608063602196,54.6098,12.6507,Germany
138,10,2.587847818730662,16.442099390095976,1.1080986218587914,7.411284351657221,1.455092316977506,0.5163700775119706,0.24994545454545455,263.44699477960035,0.02323746913411998,0.04717092577038946,10.0,1.0,0.5073772932243477,0.112929071984023,0.0149935552773975,0.2499454545454545,4.2,1.1,0.845,9.014145748183994,4.34165613742891,10.167497092762986,2.177782972245669,0.707308743169399,0.0400983707203327,0.280570651141057,41.1238,-70.9609,United States of America
139,20,23.958338235198642,52.21180740562497,15.89385637508525,36.18365908253265,0.624435723502021,0.5036300573832664,0.24415454545454549,319.22011375766584,0.08686885540005032,0.1730459051821911,335.0,1.0,0.4980010922039223,2.082809985127802,0.1218253842748535,0.2441545454545454,3.9,1.04,0.523,6.572297382224862,3.701790661146588,7.404674072295137,1.8490201552671683,0.8656459362601991,0.1105116045743991,0.4102355614188741,35.4818,126.3176,South Korea
140,20,8.865800735834872,77.72362226419519,3.695774545885408,34.49204281903242,2.4162207615514877,0.510882797840983,0.24745454545454545,246.78697154379944,0.23052124832662035,0.46331258989503254,290.0,1.0,0.5024498505882787,1.5130227549191977,0.0308326295611066,0.2474545454545454,4.0,6.04,0.999,9.749399279108824,4.620643427123695,11.000006854642466,2.228746525627788,0.6254753349801632,0.0683488679118781,0.3917186840303585,56.0791,7.9536,Denmark
141,18,19.500310534635748,52.09369129004041,18.668541921717882,49.420270364449,0.9939666638274219,0.41780447202414905,0.20447272727272728,89.70975845357796,0.7691605807850588,1.623181618775785,125.0,0.6388888888888888,0.5261401608495445,20.21248478125245,0.0596035382822926,0.2044727272727272,5.4,2.28,0.892,5.945593567900898,2.4752417483478726,6.6892139233059975,2.580983562112356,0.9752847643286674,0.3180174507518598,0.553893515735028,9.7455,106.585,Vietnam
142,18,32.47273959144939,30.51036402298627,17.711593632792123,18.07223914980487,0.25260979044944243,0.48947885000293756,0.23769090909090906,241.8096089105105,0.1119668286394636,0.22832754930249324,150.0,1.0,0.5096219051029871,1.042652220512075,0.2075889195271107,0.237690909090909,2.7,3.61,0.981,8.433749674590256,3.841014529509865,9.509833144456032,2.323954400068672,0.7629207178958283,0.0814402151684875,0.4492929504135244,53.8357,8.1683,Germany
143,16,16.462202051580476,89.63790022119571,14.250492500759881,77.82484399024335,1.7147231696422032,0.3562815531270743,0.17537272727272726,80.63629742840396,0.4681915906570223,0.9383602119323691,100.0,1.0,0.5010534497270788,16.983714071815605,0.0208768792385906,0.1753727272727272,2.4,2.33,0.861,6.243507162234476,2.80145830134983,7.04033800046491,2.377956256027541,0.9475949422361952,0.2754286328144505,0.5536501753943113,8.5498,104.9308,Vietnam
144,16,18.165935822369917,46.70748093966195,9.77154165025241,25.669333551288776,1.0173674621145825,0.5473619288235226,0.26391818181818183,233.00433913334277,0.5541735619938126,1.105494738635423,160.0,0.8333333333333334,0.49870990550541244,4.55961234130064,0.0929551009234661,0.2639181818181818,4.2,1.0,0.751,8.762081175438086,3.860764083221021,9.86930876860729,2.4114629948332973,0.7218365725523821,0.0461159532589736,0.3625916290866148,56.9863,17.0187,Sweden
145,14,20.302908137176754,64.87842186860848,12.191636360978912,41.55834549870728,0.9195691916824936,0.4924981649466501,0.23907272727272727,268.80933208279953,0.2925627677030682,0.5745899621221189,45.0,1.0,0.49083209420758933,6.747238396323528,0.0989577297822343,0.2390727272727272,3.5,2.09,0.946,7.431121968450297,3.845228614554946,8.378403976815289,2.0133980701567644,0.8147425580757043,0.2010719169875905,0.5218771797395441,43.2114,141.2564,Japan
146,12,5.68735511070427,27.907788493845086,2.578076313421981,13.119972107663624,1.197652272034417,0.5255068605832025,0.2540818181818182,263.77896118909086,0.022310305263313596,0.04439065827667949,175.0,1.0,0.49740990268171603,0.1879872772573962,0.0243872856812401,0.2540818181818182,5.5,1.29,0.826,8.770612584051506,4.20377512375596,9.892308524831048,2.1901121876886083,0.7235660416198817,0.0421205681422144,0.2722357963662174,41.093,-71.1478,United States of America
147,12,8.244659261885323,56.64983725232915,6.461112711212022,44.708466629330914,1.9321404307056067,0.3927273761553285,0.1926727272727273,101.32342349171478,0.2420043060196127,0.49938878921410795,345.0,1.0,0.5153990012461964,1.5039594819069615,0.0596084480384705,0.1926727272727273,4.4,2.27,0.852,6.39358334749052,3.125915815867459,7.219158176222363,2.1541135789451387,0.915662427951194,0.0275839563752995,0.5180945368064007,38.6666,117.6375,China
148,11,19.027539090905293,30.34729401607079,11.218551790627046,18.686939679559977,0.43178911096276623,0.3821370337818366,0.1876636363636364,227.27434809739677,0.026079315566591845,0.05883396797753753,155.0,1.0,0.556730296067355,0.70836068990599,0.1117169151135501,0.1876636363636364,5.5,1.14,0.749,7.9026086488839615,3.687423074385421,8.917948497673308,2.268285621293939,0.8008596645901085,0.0484364996746528,0.4270316618314853,61.6279,21.3546,Finland
149,11,28.5692911199518,78.9420089379079,20.471401993709705,60.30189237471465,0.8836117170030576,0.5509343850929214,0.2655181818181818,236.1064726602127,1.0554197838078576,2.1608507540324995,305.0,0.4722222222222222,0.5115721056448378,7.6607559058296735,0.1602086520340931,0.2655181818181818,5.0,1.09,0.696,7.32821982473721,3.20318784558402,8.256105057619111,2.430079947314498,0.8698887312378217,0.0764857615291456,0.4998438675813692,55.6945,12.6698,Sweden
150,11,15.672715247141936,43.35348507063054,8.229093870553807,23.604977143653894,0.8043478486241682,0.6481389213361087,0.30816363636363636,213.52348273380963,0.19243935146846533,0.3959389970847745,295.0,1.0,0.5139671694746838,1.0798246132961045,0.095555978229749,0.3081636363636363,4.3,1.05,0.598,8.267194670288012,4.029549508217627,9.326510871682972,2.159157078861717,0.7647790503281183,0.084995786369966,0.3347774392933529,57.2233,-1.9953,United Kingdom
151,10,8.12558372961871,53.369882138779126,5.128275481570918,35.248681656926564,1.6726563520280977,0.47794745459872373,0.2324,330.5741674627025,0.1291321617488028,0.25976409502055475,310.0,1.0,0.502886795272484,1.746786108780275,0.0346541053099366,0.2324,2.8,1.51,0.843,6.899965975507821,3.722269919697395,7.778126845708502,1.928602262932785,0.8484744990892532,0.1025840576644738,0.4189548993714096,34.9712,125.9495,South Korea
152,10,18.289653482119657,54.38836597020932,9.031522740275367,29.079040861038674,0.8560010124367688,0.5103426779567838,0.2472090909090909,250.93254765334171,0.30192632259979457,0.5671969731565434,120.0,1.0,0.46768699959814775,3.086733774190097,0.0778826326886452,0.2472090909090909,4.2,1.28,0.621,8.956948039842608,4.022689092373191,10.096751705085968,2.360029336227116,0.7088507464040812,0.0834670173253127,0.4746484503809733,56.6648,8.2313,Denmark
153,10,48.03852679891849,45.02377364180623,30.400328736761455,32.58000024290945,0.30899211809115257,0.6260907999108756,0.29864545454545455,235.8404885231601,0.8155852708805632,1.600815119856847,305.0,0.5833333333333334,0.4905187608713274,5.618593257702317,0.3322357111654386,0.2986454545454545,3.1,1.13,0.748,8.044913080125758,3.501793906558707,9.059174532137192,2.4448235431534555,0.8030275526429804,0.0779668417552916,0.4154576663010932,55.9692,10.3553,Denmark
154,10,20.854249128810164,87.42997981760247,10.798351101145427,49.68217917919059,1.470557294888381,0.6258602962425693,0.2985454545454545,235.03030225581202,0.9488299797928913,1.9075632913571148,125.0,0.5277777777777778,0.5025958068642318,6.127237617192064,0.0890026756108912,0.2985454545454545,4.9,1.87,0.81,8.916379184478808,4.002327002461405,10.043652182442749,2.3623769219829027,0.7030711051680062,0.0799916321824598,0.3352792951504363,55.7218,10.5833,Denmark
155,9,19.784281977818413,52.31685113604002,16.068100673075218,42.96027076653341,0.6840733242903999,0.35388100095506064,0.17422727272727273,316.7895120541098,0.2339104681922823,0.4888528468894522,30.0,1.0,0.521511494347169,8.831550045377583,0.1569334796354993,0.1742272727272727,5.4,1.54,0.837,5.138395715034058,3.208383638607542,5.752032307648369,1.6508612818310215,0.9424467275494672,0.1678422091519779,0.5375175337283326,40.4919,17.1398,Italy
156,6,2.430225627257755,13.106080479765858,1.151483702716188,6.514249547630335,1.5326683699141586,0.545293801823913,0.2629909090909091,258.90107202515196,0.02926608163985226,0.05881299112444078,230.0,1.0,0.5023874643965238,0.1017914265580548,0.0157318931934902,0.2629909090909091,5.4,1.53,0.841,8.516374175907137,4.088589704730787,9.609937553665628,2.187849110604571,0.7612704918032787,0.0466480974601638,0.287939011091281,41.1929,-71.1658,United States of America
157,7,12.571097453593996,76.35446355522451,7.204362233728909,46.40479912705139,1.9092453536145286,0.6235984035887306,0.29756363636363636,232.1203770757606,0.655609167417535,1.3198759519056318,230.0,0.6666666666666666,0.5032797086188461,3.1077508042763875,0.1196093231972831,0.2975636363636363,8.3,1.62,0.735,8.39016294974241,3.7033552360294366,9.452750034953382,2.4113607753929047,0.7625733531134385,0.078285856830963,0.3849409722165308,55.3441,10.9604,Denmark
158,7,8.90058359955464,65.09022645431192,4.691457874695575,35.58323909528972,2.098011734970661,0.6702591062502727,0.31761818181818186,221.5796297764309,0.48413809034630495,0.9815235504093224,305.0,1.0,0.5067483707911031,2.504956427036779,0.0617659983020843,0.3176181818181818,3.0,1.75,0.949,8.42493169247804,4.100129043814473,9.507962253888811,2.1649477358055886,0.7520058262844025,0.1049195655054524,0.4538076117537402,52.7915,-5.9468,Ireland
159,7,17.62897875195564,45.036936844857614,16.320510853409655,41.656028225514305,0.7891054045055288,0.3743728098712557,0.1839818181818182,84.10885646498271,0.4005057152585174,0.7738289943407127,75.0,1.0,0.4824364062505151,17.441987407623184,0.0903744680831737,0.1839818181818182,5.2,1.01,0.648,6.190157003117624,2.581403548732861,6.96538845125776,2.580432662940704,0.96296387267011,0.3077874202927237,0.5570018978807252,9.2966,106.1245,Vietnam
160,5,5.926039099422739,42.52455256329119,3.432704605750164,24.784343877462224,2.0570823585810745,0.533262511670427,0.2575818181818182,262.10180511635986,0.2300546485441526,0.45992124203237994,225.0,1.0,0.4997955573272661,,,,,,,,,,,,,,,,
161,5,5.515239368371959,36.56095272041817,3.1001251733511244,21.503067806549158,1.7676107137421144,0.6436569964198628,0.30623636363636364,215.56724937499274,0.13796690619779384,0.27747209646135634,340.0,1.0,0.5027719617312102,,,,,,,,,,,,,,,,
162,5,4.715563745247601,40.924174749288966,2.653241306959232,23.218523963696946,2.2764595839936064,0.6681650752228935,0.31672727272727275,241.81739067623096,0.27162175845225356,0.5473571275241095,320.0,1.0,0.5037577026156659,0.7850838073991377,0.0307201261092764,0.3167272727272727,1.9,2.36,0.936,8.144659809002773,3.7822058550413455,9.183335044132392,2.279487044458273,0.7830309466776455,0.0780749361649889,0.3324815809048516,55.1313,-1.4019,United Kingdom
163,5,21.60804729891614,30.691224147181362,11.642539789488199,17.95542265714949,0.4144051116381294,0.5501626371554245,0.2651727272727273,237.25736505979248,0.03630364766601351,0.08321994057311688,220.0,1.0,0.5637626340994206,0.7596667599992822,0.1410270666156637,0.2651727272727273,5.0,1.32,0.832,8.576265730347682,3.875912018155989,9.665028326272722,2.3446048075866845,0.7374377051448687,0.0701919584809617,0.4123147992205751,57.0371,18.1467,Sweden
164,5,5.8582762511539554,30.316680859411026,2.2347366406814753,11.896278342449929,1.4638033446431775,0.5847578546334549,0.28055454545454545,219.89618029379733,0.03470531171475016,0.06962955053138195,200.0,1.0,0.5015720846982001,0.2540924551184806,0.0284127291956341,0.2805545454545454,2.3,1.64,0.962,9.85416073310549,4.732458706913191,11.106168884021926,2.1916143387379905,0.6082837802854505,0.07178486730236,0.2082098465864166,57.4875,-1.3561,United Kingdom
165,4,10.420310516580582,35.473576261131214,8.763600254286581,30.289492088913594,0.918074489598267,0.2517369191180273,0.12488181818181818,20.784840787809888,0.04235364400990407,0.08682069133978439,320.0,1.0,0.5121710809217892,0.9048320542725524,0.0975279224462172,0.1248818181818181,4.8,1.21,0.634,6.044365740194343,2.9348192338392285,6.823018623162364,2.167465875714171,0.939527574192407,0.0302655631346585,0.5024900189580872,38.0457,118.4427,China
166,4,4.971771141784107,16.63248031580936,3.2545206424986977,11.275868833897306,1.1759724735106825,0.39950970423059745,0.19587272727272725,278.0815201191085,0.012302695529995696,0.03080657675999969,325.0,1.0,0.600647107731013,1.1860388908990014,0.0399837032010738,0.1958727272727272,1.9,679.07,1.0,6.7089469485570845,3.66960904099672,7.565164436598617,1.906365911366641,0.8651023862398217,0.1463676001863463,0.5000863161747588,39.7726,140.0107,Japan
167,3,4.23527547287061,42.97507981728407,2.0334946409177204,21.18525987961063,2.6920902116692207,0.5263317086058067,0.25445454545454543,328.8983901511963,0.13352472906089066,0.26879634824243936,180.0,1.0,0.5032494677328361,2.088953463125656,0.0077842416725534,0.2544545454545454,2.9,1.03,0.576,8.247599900592583,4.6799205366002665,9.259791404749317,1.7987815025552265,0.6981371796791177,0.2105775238982621,0.4036209663139667,43.1903,4.794,France
168,3,6.473485568745227,30.895537183108047,5.774317238992246,27.488454430301267,1.5539414348685596,0.3564530786371346,0.17545454545454545,168.08367847473616,0.1767876585199014,0.34507378720333903,120.0,1.0,0.4876815768804846,1.1804868421454666,0.0709256603123253,0.1754545454545454,3.2,1.02,0.607,5.797295937502711,2.7784220875491865,6.54302828194327,2.197262897591202,0.953870900788709,0.0384544591386187,0.5097790457061717,38.6193,117.5806,China
169,3,6.177555622047495,21.629585687753284,4.733270674912499,16.92328452166585,1.3031094385981412,0.38505534620393933,0.18904545454545454,55.53940927731356,0.013495075902095156,0.026664143893799834,155.0,1.0,0.4938867733439657,0.8920766568127971,0.056005326558201,0.1890454545454545,4.3,1.87,0.791,6.494951376785905,3.1354795029618345,7.328246998952651,2.1779598738711634,0.9131811036482044,0.0406564780175883,0.4867099621879847,34.4617,119.888,China
170,3,6.884568186113153,50.75344356407135,3.93618418077257,30.109985423816845,2.1853168947977473,0.5108427853018799,0.24743636363636365,296.2899272629117,0.244175915704773,0.49103541409129686,335.0,1.0,0.5027325754973552,3.2898912233191275,0.0180169077636501,0.2474363636363636,5.6,1.19,0.955,7.408736794884,4.155393382183747,8.331892898268203,1.8391656028141703,0.7940802080994087,0.136858964992623,0.5540612891207173,41.6868,-9.0573,Portugal
