farm_id,theta_deg,rose_probability,best_rotation_direction_contribution_kw
57,0.0,0.002281646436068267,52.3982340990963
57,5.0,0.001916583006297344,40.842475672394976
57,10.0,0.0021903805786255364,32.20624046245531
57,15.0,0.002281646436068267,9.079145655722048
57,20.0,0.0018253171488546134,-24.840189068303438
57,25.0,0.002281646436068267,-72.88492357283825
57,30.0,0.0020078488637400747,-92.90232033081335
57,35.0,0.0024641781509537283,-122.91608770350051
57,40.0,0.0018253171488546134,-89.94343565987764
57,45.0,0.003103039153052843,-108.31647654960776
57,50.0,0.004289495299808341,-66.41582913249333
57,55.0,0.00547595144656384,16.62464908784152
57,60.0,0.010860637035684951,190.8784726838627
57,65.0,0.017888108058775214,449.12794508975946
57,70.0,0.02947887195400201,876.1169525434458
57,75.0,0.055124577895409324,1645.6782235507114
57,80.0,0.05786255361869125,1594.5236645711013
57,85.0,0.06580268321620882,1654.7125697547876
57,90.0,0.053664324176325634,1096.5616414748424
57,95.0,0.03860545769827507,498.8936249442028
57,100.0,0.030391530528429314,224.3981947070172
57,105.0,0.02436798393720909,127.17950869462426
57,110.0,0.018253171488546136,-58.63431695494968
57,115.0,0.016062790909920598,-135.58990661706287
57,120.0,0.014146207903623255,-120.46643358279623
57,125.0,0.01095190289312768,-165.3712161473889
57,130.0,0.00930911745915853,-169.43212529136653
57,135.0,0.009035319886830337,-122.68763732933223
57,140.0,0.008396458884731221,-94.14095097605728
57,145.0,0.008305193027288492,-60.29390696458159
57,150.0,0.006023546591220224,-0.7078119400836776
57,155.0,0.0063886100209911475,34.61210551518257
57,160.0,0.00547595144656384,54.697519274250766
57,165.0,0.003924431870037419,46.92988418527756
57,170.0,0.004472027014693803,74.50493055620115
57,175.0,0.005019622159350187,96.82538469182781
57,180.0,0.004380761157251073,91.93736191261026
57,185.0,0.0059322807337774935,111.8520494465596
57,190.0,0.004837090444464726,64.45019057844051
57,195.0,0.005567217304006571,17.302799174987655
57,200.0,0.005019622159350187,-60.21562452216495
57,205.0,0.007575066167746646,-233.5187714516395
57,210.0,0.009674180888929452,-446.33469254626993
57,215.0,0.010860637035684951,-545.7772157640792
57,220.0,0.010860637035684951,-521.5159017459155
57,225.0,0.01597152505247787,-559.5933772924244
57,230.0,0.020534817924614403,-309.8664833089191
57,235.0,0.025006844939308204,96.99678876676955
57,240.0,0.0309391256730857,573.6213730764758
57,245.0,0.036962672264305926,996.7482387240588
57,250.0,0.04070457241945788,1276.0396546167524
57,255.0,0.04280368714064069,1345.3341578103089
57,260.0,0.037601533266405036,1063.1885454049768
57,265.0,0.03513735511545131,903.7450722352374
57,270.0,0.0285662133795747,610.26046038622
57,275.0,0.019530893492744363,270.878915316606
57,280.0,0.015241398192936023,110.36575811990193
57,285.0,0.009035319886830337,40.77431360494449
57,290.0,0.007940129597517569,-28.710307188480385
57,295.0,0.005110888016792918,-41.55434276959692
57,300.0,0.003833166012594688,-34.34542397567984
57,305.0,0.003011773295610112,-40.2271182407701
57,310.0,0.0021903805786255364,-36.31653695577714
57,315.0,0.0017340512914118828,-29.402485226435882
57,320.0,0.0012777220041982295,-18.777281735172583
57,325.0,0.0017340512914118828,-16.161285054082065
57,330.0,0.0009126585744273067,-1.7093755232029029
57,335.0,0.0008213927169845761,2.784176945603318
57,340.0,0.0020991147211828053,17.554795520514055
57,345.0,0.0014602537190836907,17.03713253903046
57,350.0,0.0011864561467554988,18.647753228784048
57,355.0,0.0021903805786255364,41.766295652752305
66,0.0,0.014693803048279639,325.6749056895818
66,5.0,0.017796842201332482,402.5974751219884
66,10.0,0.016062790909920598,388.22206320122774
66,15.0,0.01770557634388975,450.50937726958944
66,20.0,0.02035228620972894,527.7006247603194
66,25.0,0.01916583006297344,537.7690687799295
66,30.0,0.02181253992881263,633.4908518129633
66,35.0,0.02007848863740075,632.9039087748938
66,40.0,0.020261020352286208,684.2389571884615
66,45.0,0.018344437345988864,676.4023124694966
66,50.0,0.019987222779958017,676.9133240196571
66,55.0,0.017796842201332482,310.68481030762075
66,60.0,0.018161905631103405,-179.09464948084465
66,65.0,0.017340512914118828,-823.9883096446122
66,70.0,0.018344437345988864,-1739.2637005592524
66,75.0,0.01916583006297344,-2816.2629739546865
66,80.0,0.01642785433969152,-2472.7327962225695
66,85.0,0.015423929907821484,-1791.40546222759
66,90.0,0.01743177877156156,-1130.7515668552232
66,95.0,0.018435703203431596,-463.9339382253193
66,100.0,0.019895956922515286,53.27993102656748
66,105.0,0.022177603358583552,472.511379260232
66,110.0,0.021721274071369902,597.5993770007373
66,115.0,0.020717349639499862,530.5146562200454
66,120.0,0.024733047366980013,577.4729674446675
66,125.0,0.024185452222323628,526.8025364275453
66,130.0,0.026558364515834626,548.1171196065521
66,135.0,0.02947887195400201,599.7113324489808
66,140.0,0.03166925253262754,638.1635717948366
66,145.0,0.031486720817742085,609.8081979363749
66,150.0,0.033220772109153966,655.0166344225771
66,155.0,0.03230811353472666,609.9800357066964
66,160.0,0.029387606096559278,593.975675436588
66,165.0,0.02455051565209455,503.8300683310297
66,170.0,0.019530893492744363,418.61104097095574
66,175.0,0.011773295610112257,255.9068587280296
66,180.0,0.009400383316601259,214.85949722392812
66,185.0,0.008487724742173953,196.94963755994692
66,190.0,0.0049283563019074566,121.0798768506169
66,195.0,0.004472027014693803,116.19314091721358
66,200.0,0.003376836725381035,90.21538368905811
66,205.0,0.0016427854339691522,47.43753340155804
66,210.0,0.002555444008396459,75.63511562747772
66,215.0,0.003376836725381035,107.85584877337678
66,220.0,0.0020078488637400747,69.0857706708799
66,225.0,0.002829241580724651,105.13284285318566
66,230.0,0.003011773295610112,99.87888558892347
66,235.0,0.0026467098658391895,44.06881773259301
66,240.0,0.0020078488637400747,-20.862728654951766
66,245.0,0.003103039153052843,-147.73602169265257
66,250.0,0.0024641781509537283,-233.57522730452436
66,255.0,0.0021903805786255364,-321.85722465357685
66,260.0,0.0018253171488546134,-274.8439829996711
66,265.0,0.002829241580724651,-328.6832341594734
66,270.0,0.002555444008396459,-165.49179783930387
66,275.0,0.0035593684402664963,-86.87711624723715
66,280.0,0.0032855708679383044,13.18573693300758
66,285.0,0.004198229442365611,93.26802242008185
66,290.0,0.005749749018892032,159.10047554122698
66,295.0,0.007027471023090262,174.808592487372
66,300.0,0.0063886100209911475,146.41636333907076
66,305.0,0.008944054029387607,189.35555591632402
66,310.0,0.010586839463356758,208.7081526188913
66,315.0,0.011955827324997718,233.6109838542609
66,320.0,0.012503422469654102,246.42002261170148
66,325.0,0.012868485899425025,237.0066672227806
66,330.0,0.014420005475951446,278.6568971120689
66,335.0,0.013416081044081409,240.09779186971042
66,340.0,0.012320890754768641,248.44410503097362
66,345.0,0.012503422469654102,251.222643653628
66,350.0,0.014237473761065985,297.89156056802074
66,355.0,0.01213835903988318,261.67740425602585
91,0.0,0.013142283471753217,216.16127913785297
91,5.0,0.016884183626905174,308.22798404553527
91,10.0,0.02163000821392717,482.545284142761
91,15.0,0.02546317422652186,591.1578172904667
91,20.0,0.024641781509537282,638.7422142761941
91,25.0,0.024915579081865473,759.8225280151628
91,30.0,0.021264944784156248,718.2577605045219
91,35.0,0.0148763347631651,450.96979928559136
91,40.0,0.012685954184539563,106.73024575017635
91,45.0,0.011225700465455873,-245.27916383663074
91,50.0,0.01067810532079949,-591.2125642344713
91,55.0,0.01213835903988318,-1130.6091889197164
91,60.0,0.011316966322898603,-1125.4935121441183
91,65.0,0.014785068905722369,-1195.0122680626562
91,70.0,0.017888108058775214,-780.4918425321682
91,75.0,0.025098110796750936,-321.04104970012816
91,80.0,0.030391530528429314,374.72839490840914
91,85.0,0.04006571141735877,879.9275635239562
91,90.0,0.04827963858720453,837.2324828592205
91,95.0,0.04326001642785434,569.1593076125387
91,100.0,0.03751026740896231,371.4863035835524
91,105.0,0.030300264670986583,255.16592735648663
91,110.0,0.02829241580724651,167.1983658743997
91,115.0,0.02153874235648444,116.03405872447594
91,120.0,0.019622159350187095,88.89509879553593
91,125.0,0.01861823491831706,145.1169352638293
91,130.0,0.016610386054576983,21.95236463229812
91,135.0,0.01642785433969152,162.2407153560118
91,140.0,0.014420005475951446,69.65614838680929
91,145.0,0.013051017614310486,54.533110787722435
91,150.0,0.014237473761065985,156.44002303227904
91,155.0,0.014146207903623255,64.62918484234022
91,160.0,0.015423929907821484,197.07762448565822
91,165.0,0.016062790909920598,250.40904484948717
91,170.0,0.016792917769462443,194.00820656330487
91,175.0,0.017249247056676097,264.01602980689177
91,180.0,0.019074564205530713,315.1710841840555
91,185.0,0.022268869216026284,408.3718532039131
91,190.0,0.02163000821392717,482.273037157731
91,195.0,0.022451400930911747,520.8874234060845
91,200.0,0.025280642511636395,655.2145779958003
91,205.0,0.02190380578625536,668.145955835136
91,210.0,0.017340512914118828,585.6355403713571
91,215.0,0.015697727480149675,477.38201439776503
91,220.0,0.011408232180341335,95.46230051438297
91,225.0,0.009674180888929452,-211.38722916888804
91,230.0,0.007483800310303915,-414.5403653821405
91,235.0,0.005567217304006571,-519.1326803087742
91,240.0,0.003924431870037419,-390.21957419676676
91,245.0,0.0029205074381673814,-235.69789257211994
91,250.0,0.003103039153052843,-135.3314047166334
91,255.0,0.002281646436068267,-28.630506671875594
91,260.0,0.0010951902893127682,13.748207614698515
91,265.0,0.00136898786164096,29.528257536682997
91,270.0,0.00136898786164096,22.97971256358294
91,275.0,0.0006388610020991147,8.112451388591102
91,280.0,0.0011864561467554988,11.880403749195196
91,285.0,0.0008213927169845761,7.036839971861969
91,290.0,0.0010951902893127682,6.462512384194872
91,295.0,0.0007301268595418454,4.332603121242714
91,300.0,0.00045632928721365336,2.1492905206043136
91,305.0,0.0011864561467554988,9.606909473798687
91,310.0,0.0016427854339691522,2.196227983315495
91,315.0,0.0009126585744273067,7.953046842831297
91,320.0,0.0008213927169845761,4.963593483127516
91,325.0,0.0010039244318700374,4.462816651004284
91,330.0,0.0015515195765264216,16.17402131712819
91,335.0,0.0020991147211828053,9.980589008592322
91,340.0,0.0024641781509537283,30.25382672924709
91,345.0,0.003650634297709227,59.040367630697396
91,350.0,0.004837090444464726,55.18117068238649
91,355.0,0.00812266131240303,123.77073690657572
126,0.0,0.0006388610020991147,-7.679963947311179
126,5.0,0.0008213927169845761,-18.00101379946345
126,10.0,0.0009126585744273067,-29.869159315341975
126,15.0,0.0007301268595418454,-31.56614839320127
126,20.0,0.0008213927169845761,-39.28852676373916
126,25.0,0.0009126585744273067,-42.80481571482583
126,30.0,0.0010951902893127682,-42.48322311379996
126,35.0,0.0017340512914118828,-47.94480708801575
126,40.0,0.0016427854339691522,-28.33860390661274
126,45.0,0.0021903805786255364,-17.19454325198732
126,50.0,0.00273797572328192,3.39004698955759
126,55.0,0.006023546591220224,56.98679701964671
126,60.0,0.011316966322898603,178.25649793938578
126,65.0,0.021447476499041707,416.406638722663
126,70.0,0.046363055580907184,915.8168819655888
126,75.0,0.07136990052021538,1260.3026372207607
126,80.0,0.07711964953910742,1195.8269488409987
126,85.0,0.06927078579903258,919.4842247868064
126,90.0,0.04627178972346445,481.4527270509451
126,95.0,0.032946974536825775,253.22142194228655
126,100.0,0.02719722551793374,156.8010638406893
126,105.0,0.018344437345988864,90.69930676371071
126,110.0,0.016336588482248792,81.80792641078806
126,115.0,0.015332664050378753,80.56787255310965
126,120.0,0.009126585744273068,59.38437093478382
126,125.0,0.009126585744273068,78.82067612652644
126,130.0,0.008031395454960299,90.34277620417357
126,135.0,0.00812266131240303,109.04185469727437
126,140.0,0.008944054029387607,141.8345067907149
126,145.0,0.004472027014693803,81.9431298646428
126,150.0,0.007666332025189376,153.3752157296134
126,155.0,0.006114812448662956,121.63992062179473
126,160.0,0.0052021538742356484,92.07867073124402
126,165.0,0.006662407593319339,85.40763648033845
126,170.0,0.005658483161449302,32.65961242305876
126,175.0,0.0052021538742356484,-15.300867830962094
126,180.0,0.0049283563019074566,-59.306655464407854
126,185.0,0.00538468558912111,-118.00954951353302
126,190.0,0.004654558729579265,-152.39899537172826
126,195.0,0.004654558729579265,-201.05351572479267
126,200.0,0.0071187368805329925,-339.9065246058239
126,205.0,0.007666332025189376,-359.18102319054447
126,210.0,0.006479875878433878,-251.50031590086084
126,215.0,0.009765446746372182,-269.89524309696304
126,220.0,0.014693803048279639,-253.36226284725817
126,225.0,0.018161905631103405,-142.5520223391561
126,230.0,0.02427671807976636,30.058416640744422
126,235.0,0.032125581819841195,303.92958410478366
126,240.0,0.04243862371086976,668.4618672726983
126,245.0,0.047823309299990874,928.4982071943627
126,250.0,0.052112804599799216,1027.2284498014135
126,255.0,0.04362507985762526,766.6908431748809
126,260.0,0.035867481974993155,555.5085118666981
126,265.0,0.023729122935109974,313.21855102707946
126,270.0,0.01642785433969152,169.003834198766
126,275.0,0.010404307748471297,78.40289394922188
126,280.0,0.005749749018892032,30.747468974119098
126,285.0,0.0037419001551519575,16.579466172591264
126,290.0,0.002829241580724651,11.734020544766018
126,295.0,0.0026467098658391895,12.8187245954287
126,300.0,0.00136898786164096,8.23439015679398
126,305.0,0.0016427854339691522,13.309904011347296
126,310.0,0.00136898786164096,14.597338806908578
126,315.0,0.0006388610020991147,8.402930116601947
126,320.0,0.0008213927169845761,13.004957236431201
126,325.0,0.0014602537190836907,26.84980425241348
126,330.0,0.0010039244318700374,20.08484967887795
126,335.0,0.0017340512914118828,34.49490286289703
126,340.0,0.00136898786164096,24.231229139801044
126,345.0,0.0008213927169845761,10.529708607165013
126,350.0,0.0012777220041982295,7.3747511923035685
126,355.0,0.0012777220041982295,-3.7581078883064634
155,0.0,0.03249064524961212,57.3021641318144
155,5.0,0.02427671807976636,22.923201849379133
155,10.0,0.02062608378205713,15.137158403059694
155,15.0,0.01597152505247787,16.204585805294272
155,20.0,0.013142283471753217,25.318774776134482
155,25.0,0.012320890754768641,37.0855885273879
155,30.0,0.00949164917404399,33.52994270108682
155,35.0,0.006571141735876609,18.788402555367735
155,40.0,0.00538468558912111,12.624159233789761
155,45.0,0.00547595144656384,10.301615988000494
155,50.0,0.003833166012594688,6.654587520232775
155,55.0,0.00273797572328192,0.21106163830835917
155,60.0,0.003833166012594688,-8.208746306885633
155,65.0,0.0026467098658391895,-12.145891842476233
155,70.0,0.0024641781509537283,-14.248904332442471
155,75.0,0.002829241580724651,-20.219980987799584
155,80.0,0.0024641781509537283,-13.783450073413722
155,85.0,0.00273797572328192,-10.276508200264853
155,90.0,0.0024641781509537283,-5.725812922634316
155,95.0,0.0020991147211828053,-3.9472001798667824
155,100.0,0.0020991147211828053,-2.821113965754786
155,105.0,0.003103039153052843,-0.8914005717971134
155,110.0,0.003103039153052843,1.0392131091872754
155,115.0,0.003011773295610112,0.06429178549195914
155,120.0,0.0034681025828237656,-2.5023757350500704
155,125.0,0.003650634297709227,-4.8251339409345
155,130.0,0.003011773295610112,-3.917348320373907
155,135.0,0.004472027014693803,-3.8443647781645574
155,140.0,0.007483800310303915,0.27743248507755486
155,145.0,0.008670256457059414,9.332197792168683
155,150.0,0.01076937117824222,22.01041120437671
155,155.0,0.019895956922515286,48.98050391623914
155,160.0,0.02847494752213197,78.16395493740046
155,165.0,0.03504608925800858,107.75908100048771
155,170.0,0.03650634297709227,117.44752191767651
155,175.0,0.03860545769827507,101.40254177200791
155,180.0,0.04152596513644246,73.2373165167853
155,185.0,0.03824039426850415,36.10835178530011
155,190.0,0.03769279912384777,27.662152302936548
155,195.0,0.030300264670986583,30.742414213472525
155,200.0,0.028931276809345624,55.73646947246271
155,205.0,0.02163000821392717,65.10581097030324
155,210.0,0.01743177877156156,61.02494814728284
155,215.0,0.016610386054576983,47.49290645940177
155,220.0,0.012320890754768641,28.885788077315574
155,225.0,0.012503422469654102,23.522023172601088
155,230.0,0.009856712603814913,16.95968584071003
155,235.0,0.00812266131240303,-2.1720200510733556
155,240.0,0.006936205165647531,-13.47300716940691
155,245.0,0.007483800310303915,-27.327694574765104
155,250.0,0.00547595144656384,-29.998976856393323
155,255.0,0.0052021538742356484,-35.99288545569871
155,260.0,0.005293419731678379,-32.7054629408763
155,265.0,0.00547595144656384,-22.746707461770207
155,270.0,0.004654558729579265,-12.901626524672475
155,275.0,0.0037419001551519575,-9.814476153144268
155,280.0,0.005293419731678379,-12.558789071664771
155,285.0,0.004654558729579265,-5.195795984948165
155,290.0,0.004654558729579265,0.3234480606284469
155,295.0,0.004380761157251073,0.9041672168038388
155,300.0,0.0063886100209911475,-1.7379050715582975
155,305.0,0.00821392716984576,-4.776707219275766
155,310.0,0.00812266131240303,-5.664593738067768
155,315.0,0.011225700465455873,-7.288430452965486
155,320.0,0.015606461622706945,0.5785482310763378
155,325.0,0.016701651912019715,17.97675995754598
155,330.0,0.022451400930911747,45.88611149387006
155,335.0,0.026649630373277357,65.60691350248545
155,340.0,0.03550241854522223,97.45441817515628
155,345.0,0.041069635849228806,126.28017304744643
155,350.0,0.04444647257460984,142.99235793477106
155,355.0,0.039974445559916034,104.99837658661808
157,0.0,0.007666332025189376,-61.426673829004756
157,5.0,0.007027471023090262,-29.510564019002988
157,10.0,0.007848863740074838,-5.382682277679394
157,15.0,0.006571141735876609,12.420801235567247
157,20.0,0.008031395454960299,21.807408784352294
157,25.0,0.006023546591220224,16.35555658826422
157,30.0,0.007483800310303915,20.320540003601
157,35.0,0.005567217304006571,15.116499270971476
157,40.0,0.0063886100209911475,17.346802442098415
157,45.0,0.00538468558912111,14.620876344054379
157,50.0,0.0063886100209911475,17.346802442098415
157,55.0,0.006023546591220224,16.35555658826422
157,60.0,0.00538468558912111,14.620876344054379
157,65.0,0.005110888016792918,13.877441953678733
157,70.0,0.006571141735876609,17.842425369015515
157,75.0,0.006206078306105686,16.851179515181318
157,80.0,0.006479875878433878,17.594613905556965
157,85.0,0.007027471023090262,19.081482686308256
157,90.0,0.01095190289312768,29.737375615025854
157,95.0,0.011590763895226796,31.4720558592357
157,100.0,0.013781144473852331,37.419530982240865
157,105.0,0.016336588482248792,44.35825195908024
157,110.0,0.016884183626905174,45.84512073983153
157,115.0,0.014054942046180524,38.16296537261651
157,120.0,0.01597152505247787,43.36700610524604
157,125.0,0.015697727480149675,42.623571714870394
157,130.0,0.014511271333394178,39.40202268990926
157,135.0,0.013963676188737794,37.915153909157965
157,140.0,0.01350734690152414,36.60705972330939
157,145.0,0.012503422469654102,14.781539876395753
157,150.0,0.011043168750570412,-20.273314260086718
157,155.0,0.010313041891028565,-55.12502518269643
157,160.0,0.013416081044081409,-126.16744971777518
157,165.0,0.010860637035684951,-152.9183580702722
157,170.0,0.012320890754768641,-182.0159350469196
157,175.0,0.012320890754768641,-155.48050242436088
157,180.0,0.011864561467554987,-95.05723258369544
157,185.0,0.014420005475951446,-60.55414436157543
157,190.0,0.0148763347631651,-10.202060596066854
157,195.0,0.014420005475951446,27.256758266939254
157,200.0,0.017340512914118828,47.08417805712427
157,205.0,0.015515195765264214,42.127948787953294
157,210.0,0.022633932645797206,61.457242937720096
157,215.0,0.02190380578625536,59.47475123005171
157,220.0,0.021995071643698093,59.72256269351026
157,225.0,0.024915579081865473,67.65252952418382
157,230.0,0.022086337501140824,59.97037415696881
157,235.0,0.026284566943506435,71.36970147606206
157,240.0,0.027471023090261934,74.5912505010232
157,245.0,0.023181527790453592,62.9441117184714
157,250.0,0.026649630373277357,72.36094732989625
157,255.0,0.02336405950533905,63.43973464538849
157,260.0,0.02455051565209455,66.66128367034962
157,265.0,0.02336405950533905,63.43973464538849
157,270.0,0.023637857077667246,64.18316903576414
157,275.0,0.02299899607556813,62.4484887915543
157,280.0,0.023911654649995437,64.92660342613979
157,285.0,0.02181253992881263,59.22693976659316
157,290.0,0.02062608378205713,56.00539074163203
157,295.0,0.01916583006297344,52.040407326295245
157,300.0,0.017157981199233365,46.58855513020717
157,305.0,0.014785068905722369,40.145457080284906
157,310.0,0.012959751756867756,35.18922781111393
157,315.0,0.012868485899425025,34.94141634765538
157,320.0,0.011955827324997718,32.4021947550914
157,325.0,0.009400383316601259,11.113128520209937
157,330.0,0.00958291503148672,-17.592545432306693
157,335.0,0.009400383316601259,-50.246555363449346
157,340.0,0.008852788171944875,-83.23849992900476
157,345.0,0.009217851601715798,-129.56144747240853
157,350.0,0.008487724742173953,-125.40062683161665
157,355.0,0.009126585744273068,-115.29332491821903
159,0.0,0.0018253171488546134,-2.7297360180925576
159,5.0,0.0017340512914118828,-0.41918243168780944
159,10.0,0.0016427854339691522,0.28359934559348426
159,15.0,0.0006388610020991147,0.47088601183601747
159,20.0,0.0017340512914118828,1.6876284298720254
159,25.0,0.0011864561467554988,1.3174034262246366
159,30.0,0.0020078488637400747,2.7810055135073606
159,35.0,0.0012777220041982295,1.8799579501543773
159,40.0,0.0020991147211828053,2.5830027593339335
159,45.0,0.00273797572328192,3.3693037677296456
159,50.0,0.0035593684402664963,5.198472341544092
159,55.0,0.00675367345076207,12.554677066694166
159,60.0,0.011864561467554987,27.604777152842402
159,65.0,0.024459249794651822,68.8281915916841
159,70.0,0.047823309299990874,155.04966775892825
159,75.0,0.0675367345076207,236.18877018425806
159,80.0,0.07146116637765812,250.37032211607914
159,85.0,0.06452496121201058,226.0687327408275
159,90.0,0.04417267500228165,154.7627533897603
159,95.0,0.03276444282194031,107.76513303937698
159,100.0,0.02546317422652186,66.17425702060201
159,105.0,0.019622159350187095,32.36301624860434
159,110.0,0.016336588482248792,11.401337619239538
159,115.0,0.012868485899425025,-3.447585332334344
159,120.0,0.010860637035684951,-11.984263579419718
159,125.0,0.010495573605914028,-17.83263925453165
159,130.0,0.008670256457059414,-23.386553622774553
159,135.0,0.007575066167746646,-22.902752375299606
159,140.0,0.007027471023090262,-25.19662510961165
159,145.0,0.006662407593319339,-27.08288183853242
159,150.0,0.0071187368805329925,-26.884468134372458
159,155.0,0.004837090444464726,-21.47922736044525
159,160.0,0.004015697727480149,-19.104359146800707
159,165.0,0.004198229442365611,-19.499920370810585
159,170.0,0.004563292872136534,-18.152879638032243
159,175.0,0.005019622159350187,-14.711420657132846
159,180.0,0.004837090444464726,-9.29729256590754
159,185.0,0.003833166012594688,-2.7326801240520058
159,190.0,0.005658483161449302,0.48012397291614706
159,195.0,0.005110888016792918,4.859553437502833
159,200.0,0.0052021538742356484,8.022340404125847
159,205.0,0.0059322807337774935,11.291031539312495
159,210.0,0.007940129597517569,14.542293970038036
159,215.0,0.009856712603814913,14.532948574893911
159,220.0,0.012959751756867756,15.947234427192113
159,225.0,0.01642785433969152,20.215822606377873
159,230.0,0.023272793647896323,33.99001146394223
159,235.0,0.026284566943506435,48.86144588118821
159,240.0,0.03431596239846673,79.84150930360572
159,245.0,0.03632381126220681,102.21500094585913
159,250.0,0.04499406771926622,145.87688207090005
159,255.0,0.04298621885552615,150.33096048214267
159,260.0,0.03942685041525965,138.13535013300918
159,265.0,0.03349456968148216,117.3510960620703
159,270.0,0.024824313224422745,86.97410934300578
159,275.0,0.02016975449484348,66.34009582646881
159,280.0,0.012320890754768641,32.01980178416227
159,285.0,0.00821392716984576,13.54730912732275
159,290.0,0.005658483161449302,3.9538058083589984
159,295.0,0.002829241580724651,-0.7269101320374228
159,300.0,0.0035593684402664963,-3.8056663024143464
159,305.0,0.002555444008396459,-3.705185503096877
159,310.0,0.002281646436068267,-4.158938152648642
159,315.0,0.0015515195765264216,-3.382577916774058
159,320.0,0.0017340512914118828,-5.24978247384661
159,325.0,0.0006388610020991147,-2.6161773137919555
159,330.0,0.0010951902893127682,-5.184586327857281
159,335.0,0.0015515195765264216,-8.06652124631803
159,340.0,0.0010039244318700374,-5.460215706870152
159,345.0,0.0009126585744273067,-4.833014174577204
159,350.0,0.00136898786164096,-5.710375165975322
159,355.0,0.0017340512914118828,-4.106452624843996
