farm_id,max,mean,A,wake_pool,WCI,spacing_D,aspect_ratio,n_turb_x,pc1_share,axis_deg,ws_mean,ws_std,weibull_A,weibull_k,frac_below_rated,orient_sensitivity,gain_proxy_raw,wd_entropy_norm,exp_wake_loss,lat,lon,country,n_turb_y,n_turb,WCI_x_pool,log_n,WCI_density,ws_x_WCI,pool_density
0,29142879320.48794,28574085999.464138,1.9905914787072123,0.09428392222674602,0.2388,5.0,1.89,81,0.823,165.4,7.376149640677215,3.4339363577139,8.323017697121374,2.270821842662203,0.8496874766075305,0.3556026817006572,0.0551250458430346,0.060333848367418,0.0969243933230238,32.8436,121.4239,China,928,81,0.02251500062774695,1.9084850188786497,0.047760000000000004,1.7614245341937191,0.018856784445349203
2,20660217956.48373,20572556025.673588,0.4261110320989989,0.20386791197489992,0.13775,2.4,1.01,14,0.623,45.8,9.386910087338771,4.523475358771581,10.592506512297383,2.186564924117851,0.6612062121325539,0.3859148635985423,0.0598225488222915,0.0312500455544221,0.1007039203989588,51.6448,2.9165,Belgium,572,14,0.028082804874542466,1.146128035678238,0.05739583333333334,1.2930468645309159,0.08494496332287498
3,13540802940.263298,13087560808.184216,3.4631520626490664,0.11268000352394954,0.16525454545454546,4.1,1.48,3,1.0,55.9,7.43853135927003,3.5423680251429275,8.396005028554166,2.2126145509820314,0.840918055659522,0.3198836152765457,0.0509563224343774,0.0250658144687819,0.0853542976756154,32.6831,121.8054,China,443,3,0.01862088276416686,0.47712125471966244,0.0403059866962306,1.229251118625551,0.027482927688768182
4,10758053611.567602,10397719113.9248,3.465514827768671,0.14746162646880623,0.2095,5.4,1.16,5,0.995,40.6,7.414967550689298,3.1356961261486007,8.337864447231054,2.5044618646631838,0.882943302891933,0.3474065189084424,0.0534031523694128,0.042411016153263,0.0926401185166525,21.2977,111.564,China,364,5,0.030893210745214904,0.6989700043360189,0.038796296296296294,1.5534357018694078,0.027307708605334484
5,15384855814.309584,15364505014.481293,0.13245333845190577,0.053233921319529455,0.17545454545454545,8.4,1.43,8,0.768,65.0,9.784417531020008,4.60590687899081,11.03744327931951,2.2445677191783737,0.6240793169577136,0.3334047375442055,0.0642498684641992,0.0434875809537874,0.0978745667272159,53.9099,1.7927,United Kingdom,339,8,0.009340133467881076,0.9030899869919435,0.020887445887445885,1.7167205304426012,0.006337371585658268
6,7658506512.3627825,7412008187.116427,3.3256618047834743,0.12439852328302672,0.163,8.2,1.79,12,0.773,171.9,6.842877571356384,3.414470909240023,7.72180036041284,2.101698972405111,0.8752506113232028,0.4625506365934109,0.0411682598118799,0.0639927082400004,0.0649905304066226,36.4678,121.5419,China,293,12,0.020276959295133356,1.0791812460476249,0.01987804878048781,1.1153890441310907,0.015170551619881309
7,11922806434.804176,11895215322.931883,0.231951344496494,0.14249589962000522,0.13736363636363635,8.3,2.36,20,0.877,168.7,9.759743179805083,4.543880086919146,11.005667647054018,2.26861243142716,0.6279215067812642,0.4305578521854623,0.0673726981147619,0.0401701801951371,0.1009898517394818,54.0049,6.5218,Netherlands,284,20,0.019573754938711625,1.3010299956639813,0.01654983570646221,1.3406338131532254,0.01716818067710906
8,9431834241.138128,9258831264.03525,1.8685185221474614,0.12594382495170403,0.14175454545454547,2.4,2.55,23,0.896,79.0,7.7728695734632085,3.319678144421851,8.74075067377731,2.4731683674407328,0.8439831449459789,0.3197318061579557,0.0604943515452654,0.0284262183179215,0.0957227302316037,20.9951,111.5761,China,278,23,0.017853109658835648,1.3617278360175928,0.059064393939393944,1.101839593263744,0.05247659372987668
9,10071153163.099611,10018319526.609367,0.5273702475740969,0.16478906261592616,0.12488181818181818,3.4,1.63,189,0.731,95.6,9.308049631794601,4.67812664575024,10.493767140183165,2.0842547236138973,0.654876635204504,0.4405457783299688,0.0709590775877551,0.0241609018972311,0.1096729680728869,54.0305,-3.5107,United Kingdom,267,189,0.02057915775595434,2.2764618041732443,0.03672994652406417,1.162406161745113,0.04846737135762534
10,11032177717.026846,11008860738.922026,0.21180191718097272,0.06441019101619348,0.0951,3.1,1.53,60,0.705,83.5,9.628971669023331,4.558293101097933,10.855076937190471,2.227586647905842,0.6278780393197639,0.3595850378342011,0.0758747591578892,0.0507947997216795,0.1235126185350768,58.1844,-2.8564,United Kingdom,246,60,0.00612540916564,1.7781512503836436,0.03067741935483871,0.9157152057241188,0.02077748097296564
11,10120387985.462795,10052368492.120667,0.6766514120074724,0.15231524035585892,0.15439999999999998,4.8,1.25,75,0.696,27.7,9.820085493656977,4.513583721767986,11.068545686297753,2.2998556576901463,0.6168141384652726,0.3083806402340764,0.0373334923159465,0.0512980271340054,0.0617949754831333,54.4594,7.6964,Germany,246,75,0.023517473110944615,1.8750612633917,0.03216666666666666,1.516221200220637,0.03173234174080394
12,8157665338.0707855,7679907686.573956,6.220877528671963,0.11234952845871495,0.0488,4.1,8.87,12,0.996,174.7,7.567813705598302,3.330750719249908,8.52230179347308,2.4166108608834485,0.8410541738403573,0.4077373908407699,0.1021693297954074,0.0479652974169565,0.1479830071364363,22.6333,116.2218,China,244,12,0.00548265698878529,1.0791812460476249,0.011902439024390246,0.3693093088331971,0.02740232401432072
13,6770153609.709031,6727692481.801363,0.6311395478096972,0.24000213351380817,0.0929,4.1,2.44,3,0.983,21.2,8.506604822662645,4.175105860924181,9.597443813428505,2.1431934347743957,0.7365409371051634,0.3348368607513033,0.0432519865379396,0.0435893153248413,0.0679063480296118,53.4442,-3.5741,United Kingdom,215,3,0.022296198203432777,0.47712125471966244,0.022658536585365856,0.7902635880253597,0.058537105735075166
14,5590333529.642476,5477472563.803472,2.0604569812876545,0.12061051216160926,0.10552500000000001,3.0,2.94,24,0.917,170.9,6.953593582209419,3.595006979867834,7.840275850725935,2.0188035636651342,0.8570776255707763,0.3998756900352646,0.0767940455989078,0.0416885772782721,0.1257926418991845,39.4746,123.3788,China,189,24,0.012727424295853818,1.380211241711606,0.035175000000000005,0.733777962762649,0.04020350405386975
15,7089263467.37469,7080224865.187981,0.12765981813869168,0.15587878604650643,0.1189,2.7,1.68,61,0.847,156.9,9.119157027951282,4.427952683240694,10.295912102568018,2.17133172978269,0.6931528965831683,0.3178173555328554,0.0412759413812608,0.0470614428656459,0.0658744216765911,52.3293,4.0757,Netherlands,182,61,0.018533987660929615,1.7853298350107671,0.044037037037037034,1.0842677706234074,0.0577328837209283
16,8020518575.8679,8006555773.506356,0.17439212011420044,0.09694842499058874,0.1159,2.9,4.41,108,0.968,172.2,9.956652065790323,4.629826966068541,11.23139391833463,2.2750745549091076,0.6123691439433636,0.3365992549582631,0.0624772685956897,0.0561274809429309,0.1142921412986139,54.3337,5.9083,Netherlands,178,108,0.011236322456409235,2.03342375548695,0.03996551724137931,1.1539759744250984,0.03343049137606508
17,6020458590.64405,5939672447.819221,1.3601110757292705,0.18579026243263688,0.24077500000000002,3.9,2.21,4,0.868,76.9,8.936857856453289,4.19712614859744,10.085478561568477,2.2509806539440538,0.7059718564490628,0.4012882146334479,0.0456074677961357,0.0426494151893068,0.0702302138568997,51.6283,1.4972,United Kingdom,175,4,0.04473365043721815,0.6020599913279624,0.061737179487179494,2.1517719503875408,0.047638528828881255
18,7541115456.441694,7521549402.529863,0.2601332898943652,0.11728663657357097,0.1943,2.7,2.1,41,0.821,174.9,9.757497979993337,4.527233502532656,11.002414803330511,2.2780404069815536,0.62748649191216,0.3509602595949983,0.0673073294889055,0.0656677540787848,0.1164414122752148,54.0239,6.953,Germany,174,41,0.022788793486244838,1.6127838567197355,0.07196296296296296,1.8958818575127054,0.043439495027248504
19,4540872628.164887,4437148110.511997,2.337639291489,0.14700506939545946,0.19172727272727272,4.4,1.66,35,0.776,105.9,6.839377487265014,3.2615308066640756,7.717738209501623,2.209394241988761,0.8906706821511448,0.3789318678180876,0.0587669458043208,0.0318766951649815,0.0830736360358926,34.2763,120.6226,China,171,35,0.028184881032274907,1.5440680443502757,0.04357438016528925,1.3112951927856284,0.033410243044422604
20,7294253081.515923,7271912544.788842,0.30721679598704604,0.13948284527941632,0.18904545454545454,3.2,1.12,60,0.849,40.3,10.009202312666398,4.637367065348245,11.28864158753447,2.283124554610494,0.6057535834427817,0.3832323227364568,0.0713495757938199,0.0418476228705733,0.0949474916214295,54.4774,6.3397,Netherlands,167,60,0.026368597887140566,1.7781512503836436,0.05907670454545454,1.892194200835434,0.043588389149817594
21,6650494511.094637,6301250624.3285055,5.54245351577884,0.05263655844631905,0.17994444444444443,2.9,1.16,50,0.634,118.3,8.394657567831384,3.985199309891242,9.46777194535993,2.232725184226336,0.7200669180577388,0.4237274971188954,0.0821673862714927,0.018447472026179,0.1057051191990325,27.286,120.9217,China,162,50,0.00947165626709041,1.6989700043360187,0.06204980842911877,1.5105719923447696,0.018150537395282433
22,5220018790.338143,5155582767.971132,1.2498300437986851,0.22161632835419276,0.17863636363636365,3.5,2.23,38,0.834,177.0,8.826241384454484,4.0232001001413895,9.948548222158184,2.326096160727687,0.7077669803809484,0.3674416229394271,0.0775683089304995,0.036969795234056,0.0976270577206749,54.5529,11.6189,Germany,161,38,0.03958873501963535,1.5797835966168101,0.051038961038961043,1.576687665495733,0.0633189509583408
23,6734017404.933045,6720091235.743078,0.20723184703053008,0.1383951901507483,0.1898,3.3,1.26,293,0.792,33.6,9.822410081535612,4.58796555083866,11.079802344057647,2.2629580341444546,0.6231423827314239,0.3009240297226557,0.0654313537891491,0.0255917798318013,0.1111053989598843,54.0433,6.1233,Netherlands,158,293,0.026267407090612028,2.4668676203541096,0.05751515151515152,1.864293433475459,0.04193793640931767
24,3886313672.413921,3861009350.2753105,0.6553810116208609,0.2048699372263714,0.22290000000000001,3.3,2.06,70,0.819,82.8,6.790274170760181,3.0621009829398065,7.656829617164536,2.342610522226946,0.9092936154720345,0.3326736155467846,0.0529025747804476,0.0229591314231384,0.0764908021680197,32.5335,121.232,China,156,70,0.04566550900775819,1.845098040014257,0.06754545454545455,1.5135521126624445,0.062081799159506484
25,6200015648.464677,6174637599.780096,0.4110046666622931,0.15769531003333762,0.19784,4.8,1.19,20,0.663,29.4,9.46436352242154,4.313578689100775,10.668878192068151,2.3279482686285715,0.6467278330123603,0.3314663456199834,0.049523412830954,0.0387615095515285,0.0714843214620379,55.0056,13.0559,Sweden,152,20,0.031198440136995513,1.3010299956639813,0.041216666666666665,1.8724296792758772,0.03285318959027867
26,5477115199.005579,5461587741.887656,0.28430298755131084,0.11629340780410079,0.24974545454545452,4.2,1.24,10,0.69,28.4,9.268830648036914,4.331259599852972,10.456274923423154,2.2617860256303506,0.6722891672167441,0.3841578367259111,0.0747846200311983,0.0229048883572399,0.1055489145508216,51.9273,1.9623,United Kingdom,140,10,0.02904374999267506,1.0,0.059463203463203454,2.314848323298819,0.027688906620023997
27,5996415375.256282,5983225046.475742,0.22045516720633668,0.14753086846215244,0.22061000000000003,6.9,1.3,48,0.629,175.9,10.08071547765,4.60233643141978,11.362578416715442,2.317982313678493,0.5924472095761114,0.3995220861547144,0.0822796378236622,0.0226357598840459,0.1136163766762795,55.6337,7.6098,Denmark,138,48,0.032546784891435455,1.6812412373755872,0.031972463768115945,2.2239066415243665,0.021381285284369916
28,4405612354.423443,4269624197.0203223,3.18501467876315,0.11932307253600725,0.27031818181818185,4.0,1.81,55,0.933,153.9,7.830929481606105,3.699104645411918,8.838903527984314,2.233989551669386,0.8064449372458018,0.3655674916353914,0.0585093745253839,0.0254404902697312,0.0803661566618952,32.1239,122.1411,China,134,55,0.03225519601689251,1.7403626894942439,0.06757954545454546,2.1168426194141596,0.029830768134001814
29,5081782072.723261,5054447801.194347,0.5407963956508663,0.14850117301569365,0.2500090909090909,4.2,1.73,100,0.755,6.0,9.389641962024319,4.306678830701273,10.581684660741287,2.3076714519744197,0.6535827126531427,0.3764532367723988,0.0614637830776825,0.0279404800565448,0.082748532012836,54.8111,14.0932,Sweden,131,100,0.03712664326458719,2.0,0.059525974025974024,2.3474958508875527,0.03535742214659372
30,4480306720.869284,4448506420.948132,0.7148534117294668,0.20099509755269276,0.21596,4.5,1.24,25,0.812,145.0,9.00838357930982,4.135400026674046,10.160264678535192,2.30907812043332,0.7002187266784168,0.3297881229745759,0.0475690020496773,0.0410748021828941,0.0699148441043546,53.1798,0.4738,United Kingdom,129,25,0.04340690126747953,1.3979400086720377,0.047991111111111116,1.9454505177877488,0.044665577233931726
31,4963458005.1078615,4956431648.477686,0.1417624034487323,0.23351453925939988,0.25484545454545454,3.9,1.98,171,0.839,14.4,9.456267489797922,4.5817371320115505,10.675863361984394,2.176731477629563,0.6611349288982346,0.3520457576524963,0.0635575836615535,0.0213872052446085,0.0839116418092391,52.6531,4.2423,Netherlands,129,171,0.059510118900534155,2.2329961103921536,0.06534498834498835,2.4098867867409557,0.05987552288702561
32,3481764078.7650914,3302227161.138315,5.4368433443836075,0.10766225735545244,0.24946000000000002,4.1,1.31,589,0.743,118.5,7.0436562556446,2.9744050496800427,7.919512929014036,2.4998527084595272,0.913823337991034,0.3591670823543808,0.0567897127222745,0.0359398513330055,0.0762151578432623,21.4359,112.2209,China,128,589,0.026857426719891168,2.7701152947871015,0.0608439024390244,1.757110489533102,0.02625908715986645
33,3069739485.126888,3012228071.9855356,1.90926489518581,0.0901863419110999,0.26508333333333334,3.3,2.94,58,0.897,2.1,6.92062491406115,3.2671053705587534,7.794732076330746,2.209163089108985,0.9069899817850636,0.3928696983391085,0.0538475149125328,0.0425650788979132,0.0726543060439747,20.1389,109.2031,China,128,58,0.023906896134934064,1.7634279935629373,0.08032828282828283,1.8345423209690432,0.02732919451851512
34,6575923091.615019,6371871109.013351,3.2023871655693883,0.05017829241061349,0.26545454545454544,3.8,1.27,928,0.661,21.9,10.110272252278575,4.439568151105005,11.35395280251025,2.417398603943169,0.552488618500296,0.3609976678498316,0.0649296530770659,0.0204313976819472,0.0844256079718508,25.1304,119.3921,China,125,928,0.01332005580354467,2.967547976218862,0.06985645933014355,2.6838177251503126,0.013204813792266708
35,3758074881.6574745,3616202654.793957,3.9232377277152577,0.1536833064950906,0.2796571428571429,2.4,2.52,443,0.872,6.1,7.502463500938703,3.1557274054706568,8.430294449858001,2.509852256000695,0.8772381135064999,0.3480941972322159,0.0716533733610627,0.0327564119886019,0.1000769448126099,20.5948,110.7555,China,120,443,0.04297863439925562,2.6464037262230695,0.11652380952380954,2.098117507062515,0.06403471103962109
36,3966184406.33028,3935548386.976894,0.7784434681266643,0.1796288893534829,0.24170000000000003,4.5,1.9,156,0.835,164.0,8.727700168080958,4.345326526628898,9.848737388964217,2.1068996421307666,0.7190806915437782,0.4294944333595198,0.0779658781096236,0.0403714285821162,0.1040189964347317,50.6703,-0.2781,United Kingdom,117,156,0.04341630255673682,2.1931245983544616,0.05371111111111112,2.109485130625168,0.03991753096744064
37,3049096267.4987426,3009857262.0068316,1.303683267217403,0.1325486905365939,0.2685666666666667,5.4,3.54,38,0.952,170.3,6.577174421150536,2.8936817461888786,7.410386058837082,2.4001681894157265,0.9306985615190757,0.3625771739440041,0.0671978350366042,0.0358319474369589,0.0950580903187736,30.6253,121.57,China,116,38,0.03559815998844457,1.5797835966168101,0.049734567901234567,1.7664098103736623,0.024546053803072943
38,3773284763.2447376,3693296459.754854,2.1657699120961635,0.15449318010686588,0.2586,2.7,1.55,134,0.886,151.1,7.624270810235052,3.4555972654191662,8.598617562233365,2.335895473305382,0.8343877807946974,0.3676755805396694,0.0595883308494744,0.0346783154557825,0.0801653053976014,30.7484,121.983,China,115,134,0.039951936375635516,2.1271047983648077,0.09577777777777777,1.9716364315267842,0.05721969633587625
39,4180714161.271755,4079870850.208958,2.4717280219208946,0.06288860338614706,0.1784,5.3,1.73,55,0.881,65.4,8.344725199044762,5.219128515581758,9.321786679713885,1.6335797856895433,0.7102327394765078,0.3666517273597818,0.06373482983483,0.0605902998018134,0.0857520608814398,23.9706,120.158,Taiwan,114,55,0.011219326844088636,1.7403626894942439,0.03366037735849057,1.4886989755095854,0.011865774223801332
40,5249819082.46652,5227315485.983239,0.4305000634383614,0.03960139098210218,0.22910000000000003,3.3,1.12,32,0.563,13.9,9.648638519959006,4.594732033446696,10.86543798049138,2.2068420213043494,0.6169787222097463,0.3834848455526393,0.0757320143029871,0.0343416550966659,0.1001760108747685,56.5947,-1.6988,United Kingdom,114,32,0.00907267867399961,1.505149978319906,0.06942424242424243,2.2105030849226086,0.012000421509727932
41,3867794670.808301,3741124963.403196,3.385872127882017,0.0921821472727432,0.23647500000000002,3.4,3.09,118,0.918,7.3,7.766421711530695,3.5869219017131897,8.754121615210117,2.2910632065574035,0.8031798163535195,0.4121018958245741,0.0765253761973678,0.0465140729529911,0.1013972204510815,23.243,117.0232,China,113,118,0.02179877327632195,2.0718820073061255,0.0695514705882353,1.8365645742342211,0.027112396256689177
42,5427369209.097332,5192014942.475583,4.533004415999054,0.019472137483144764,0.22416666666666665,3.3,1.05,115,0.876,136.9,10.636641672757476,6.1579313136817575,11.91537040368241,1.75129608169272,0.554346736698522,0.3390868881370872,0.0559622333369394,0.0581347601168249,0.0820899122712516,24.1616,119.9117,Taiwan,111,115,0.004365004152471617,2.060697840353612,0.06792929292929292,2.3843805083098006,0.0059006477221650805
43,4322877024.256582,4298635920.769851,0.5639254855151851,0.10223839482840057,0.22328333333333336,2.0,2.05,74,0.831,100.8,9.206419239343122,4.1719217716648584,10.369997079924339,2.338161547247065,0.6630767307024886,0.3716774388267768,0.0636759957253687,0.0615825103196533,0.0966122047200104,56.6015,11.2166,Denmark,111,74,0.02282812959193471,1.8692317197309762,0.11164166666666668,2.0556399758246635,0.05111919741420028
44,3040376723.7483416,2996201454.9683065,1.474375786941279,0.10516409402593363,0.28574,3.9,1.16,40,0.818,128.3,7.21671046776576,3.632800122815867,8.145501700523367,2.0838420798250756,0.8482818491071354,0.4058077298013738,0.067352495195926,0.0540120488945232,0.0871131208796125,38.2743,118.942,China,108,40,0.030049588226970275,1.6020599913279623,0.07326666666666666,2.0621028490593885,0.026965152314341958
45,5340313174.726511,5094950124.976145,4.815808668029209,0.08059195882772228,0.3984,2.5,2.04,54,0.81,175.5,10.110272252278575,4.439568151105005,11.35395280251025,2.417398603943169,0.552488618500296,0.315877653123403,0.0497118893643784,0.0681920877218688,0.0749460744208331,25.2524,119.5441,China,106,54,0.03210783639696456,1.7323937598229686,0.15936,4.027932465307784,0.032236783531088914
46,5780082844.182592,5633151844.973668,2.6083266216235135,0.01693584358691241,0.41612499999999997,3.0,2.7,38,0.895,98.1,10.37031094705619,4.292673277436056,11.626077610471667,2.5968694748179635,0.5238935787245915,0.396462916629007,0.0327510993831442,0.1770126172055672,0.0536292580051985,25.8097,119.9959,China,105,38,0.007047427912603926,1.5797835966168101,0.13870833333333332,4.315345642843757,0.00564528119563747
47,3373818347.949067,3265246811.4344196,3.325063702212211,0.0929345906449565,0.41754545454545455,2.4,3.06,62,0.925,9.2,7.3240031512910875,3.1752081104274215,8.244239680803194,2.4523789119449484,0.8829508664570702,0.4054992277530377,0.0410928944003866,0.182515243329098,0.0692929674893277,22.3059,114.9472,China,104,62,0.03880441589384411,1.792391689498254,0.17397727272727273,3.0581042248981785,0.03872274610206521
48,4244256721.433514,4203527038.9433117,0.9689406565692298,0.08976446096909246,0.4177181818181818,2.6,1.57,41,0.845,63.8,9.585734611810105,4.533337694470135,10.816832110797307,2.2337983914510415,0.6417738041769593,0.4088033282602007,0.0388909779052652,0.1463945399056334,0.063187838490476,52.2364,2.5034,United Kingdom,102,41,0.03749624742789845,1.6127838567197355,0.16066083916083915,4.004135633436932,0.03452479268042018
49,3117968071.72652,3047509294.4912443,2.312011889927254,0.2701952312744535,0.4074666666666667,3.1,1.95,56,0.859,72.3,9.098892114623673,4.296183081719831,10.266501878058389,2.2372204634010084,0.6853363808759048,0.4720223100711771,0.052480235736552,0.1407512543072336,0.0927610624197844,51.4309,1.632,France,101,56,0.11009555023663066,1.7481880270062005,0.13144086021505377,3.7074952403053265,0.08715975202401725
50,2808468791.508863,2742082305.9433503,2.4210245411533666,0.11871430370134027,0.4138818181818182,2.9,1.97,40,0.802,5.8,6.761620456654919,3.2785774426229453,7.629044825795265,2.1684158113085727,0.8922362732988997,0.3672061433990699,0.0430579745099256,0.1960185395091165,0.0602231414266914,34.5055,120.3623,China,100,40,0.04913369186009926,1.6020599913279623,0.142717868338558,2.7985117684557137,0.04093596679356561
51,3503157309.8957357,3490626043.4888244,0.35899767694354834,0.13326280268430643,0.3972,2.9,1.95,32,0.793,88.8,9.292338762220826,4.2677561906820625,10.47731892849546,2.3076600465490866,0.6682109205404596,0.4328919780282553,0.0390667640133817,0.174765981393379,0.064078798248731,53.2764,0.8416,United Kingdom,92,32,0.05293198522620651,1.505149978319906,0.13696551724137931,3.690916956354112,0.04595269058079532
52,4338411733.037512,4087217415.327833,6.145851619433133,0.06547692580151016,0.39743636363636364,2.4,1.37,162,0.655,175.3,9.638242872781225,4.0099766083634485,10.810498665673089,2.5837091299452557,0.6109504308373048,0.5435218044189374,0.0423144042299342,0.3199351014805972,0.0584128816927822,25.6651,119.7641,China,90,162,0.026022911292640193,2.2095150145426308,0.16559848484848486,3.830588199202269,0.0272820524172959
53,3755539349.0932,3745105548.503278,0.278598305302564,0.07414388565251037,0.3477888888888889,3.1,1.95,105,0.859,72.3,9.244477793989429,4.288962471373901,10.425835120369225,2.2788194505832307,0.674323411807271,0.4147980291671108,0.0390783760240491,0.1512701804527436,0.0652570916618527,53.4775,0.8387,United Kingdom,90,105,0.025786419608991414,2.0211892990699383,0.1121899641577061,3.2151266603295903,0.023917382468551733
54,3036393292.2056856,3023030362.0335326,0.44203757725952897,0.22094055979731078,0.36136,1.7,1.98,90,0.915,157.8,8.98175295586717,4.405354857658015,10.144562355645625,2.1492365663107393,0.7045428955510642,0.3292307148678698,0.0356376756633767,0.2307951909323375,0.0417352068398272,53.0019,5.2635,Netherlands,89,90,0.07983908068835623,1.954242509439325,0.21256470588235296,3.245646248132161,0.1299650351748887
55,3210963225.472611,3192600044.6396823,0.5751794955888729,0.18660046013654777,0.34099999999999997,2.9,1.82,47,0.891,113.3,9.470257004849602,4.4211707857553035,10.67870207792479,2.2647213304811142,0.6477680748649758,0.3742927805703852,0.0453702482153555,0.1764025898654115,0.0596039533358038,53.1359,1.1474,United Kingdom,88,47,0.06363075690656278,1.6720978579357175,0.11758620689655172,3.2293576386537137,0.064344986253982
56,1924813912.3520536,1853325958.7990968,3.8572790292798254,0.10973842992137275,0.3875333333333333,3.1,1.68,59,0.873,154.9,6.770948908371993,3.7501362641474896,7.6363065314635445,1.8863386807403104,0.854153878783342,0.368171533327588,0.0410120461495851,0.1094757849622227,0.0600194301730996,21.3394,108.211,Vietnam,83,59,0.04252729954219598,1.7708520116421442,0.12501075268817202,2.623968400291093,0.03539949352302347
57,889416527.6501625,763828010.5111192,16.441988957043492,0.4757497288383645,0.34600000000000003,2.4,1.76,106,0.762,6.7,5.669085471409267,2.3050897064636486,6.371630584837831,2.647877756958495,0.9872902900552799,0.408679625338384,0.048474694401849,0.1475913742279874,0.0675040829345652,9.2189,105.8099,Vietnam,82,106,0.16460940617807415,2.0253058652647704,0.1441666666666667,1.9615035731076065,0.1982290536826519
58,2355796116.254008,2345691558.127054,0.4307709635542069,0.06096323629860333,0.443475,2.4,1.09,29,0.754,140.0,7.661381406630739,3.7627000265367485,8.652642999073512,2.1432909502495407,0.827992097355448,0.4207821864203154,0.0612501971503199,0.0899857281373249,0.0933137870087502,47.1594,-2.6062,France,81,29,0.02703567121752311,1.462397997898956,0.18478125,3.3976311193055673,0.025401348457751386
59,2952914500.375445,2930996028.9934673,0.7478164816724291,0.239475558045324,0.42526,4.1,1.57,125,0.841,25.8,9.927315628810005,4.54284894084255,11.191529702910088,2.3129155785219466,0.6058971139647088,0.3936991011894029,0.0653303576605055,0.0829052005728911,0.0922757775830274,55.4865,7.8406,Denmark,80,125,0.1018393758143545,2.0969100130080562,0.1037219512195122,4.221690244307743,0.05840867269398147
60,3721178727.18792,3701701556.403015,0.5261680469948836,0.08249848007282123,0.401675,4.8,1.02,69,0.857,44.3,10.039953659841508,4.59412838932801,11.319755407127069,2.3148689759268244,0.5968969960099536,0.3800302512622674,0.064934617552816,0.0861834126356987,0.0931286491254927,55.141,7.1997,Denmark,80,69,0.03313757698325047,1.8388490907372552,0.08368229166666667,4.032798386316838,0.017187183348504425
61,3299292510.002121,3278304704.258912,0.6402030206631861,0.16549451380756264,0.438125,2.5,2.71,111,0.894,172.4,9.923382958976172,4.5452374423685376,11.18491460496586,2.30915643678111,0.6059911658693379,0.419942051288508,0.0604234085821631,0.1088644169058991,0.0830587212535987,55.0168,7.7741,Denmark,80,111,0.07250728386193837,2.0453229787866576,0.17525,4.347682158901435,0.06619780552302505
62,2806640057.889121,2780007252.485059,0.9580120836107572,0.0477171231674714,0.4568,4.2,1.19,114,0.623,66.9,7.92297993487934,4.721965859840944,8.887488387867602,1.7276116897997125,0.7491463308131846,0.4311688450867674,0.0801908221436821,0.0828125761107408,0.1062800415977049,23.5921,120.028,Taiwan,79,114,0.021797181862900934,2.0569048513364727,0.10876190476190475,3.6192172342528823,0.011361219801778904
63,1976731925.648138,1964620232.3315036,0.6164903077609519,0.13685609305581553,0.3993909090909091,3.0,1.17,28,0.638,27.7,6.93369218718235,3.2837739383831597,7.82456427352216,2.2286549512927905,0.8816603732259845,0.4799918743927436,0.1119551866408458,0.0283888250453774,0.1335786549579165,38.9986,118.8044,China,75,28,0.054659079420192214,1.4471580313422192,0.13313030303030302,2.7692536259952925,0.045618697685271846
64,1142837457.4823897,1029757411.4117025,10.981231581102666,0.1210185574050888,0.38758333333333334,3.6,1.9,79,0.837,73.4,5.2207543282304245,2.1921588482715166,5.8707679831206105,2.559782296926552,0.9962114336152905,0.5275437049851094,0.1114257855249467,0.0797287906476453,0.162730846432365,10.1591,106.8469,Vietnam,75,79,0.046904775874255664,1.8976270912904414,0.10766203703703703,2.0234773650499753,0.033616265945857995
65,3116940994.855791,3097199784.768111,0.6373889790631604,0.16463490891262653,0.43155000000000004,3.1,1.14,119,0.787,38.6,9.750289432464376,4.554186504855778,10.998289802625216,2.2622858046806575,0.6299340436326738,0.3504671826715682,0.0723428843406554,0.0399126046421428,0.1116364157198418,54.0341,5.8848,Netherlands,75,119,0.07104819494124398,2.0755469613925306,0.13920967741935486,4.207737404580002,0.05310803513310533
66,2287763608.657392,2158359645.686335,5.99547731675218,0.18068588510831823,0.2907,2.4,2.19,36,0.877,14.8,6.997692607542257,3.1684124559052713,7.888299691813526,2.334707085724619,0.8944535519125683,0.3660759162240915,0.0587404780693253,0.0436984641477271,0.0939083040935931,30.462,121.4796,China,74,36,0.052525386800988116,1.5563025007672873,0.12112500000000001,2.034229241012534,0.07528578546179927
67,2363155804.789944,2342683905.1244106,0.8738652116383734,0.27096764492523334,0.5044285714285713,2.7,2.79,55,0.972,17.6,8.9669125728564,4.111455199998452,10.10998933866955,2.311199042132501,0.7035475176194915,0.3950583869657152,0.0785077488526521,0.0616947791218998,0.0994223478107089,53.6443,0.2928,United Kingdom,73,55,0.13668382203299984,1.7403626894942439,0.18682539682539678,4.523166899250849,0.10035838700934567
68,3409098786.3011694,3394467198.4077115,0.43104225312064665,0.07507460990050653,0.5022,2.7,2.45,244,0.978,20.8,10.102052725999426,4.633388943068014,11.390542279691457,2.3087889168397178,0.5933198195745916,0.3608071468902002,0.0639616551678557,0.0457287410310864,0.1020458161070102,55.2017,6.8522,Denmark,72,244,0.037702469092034376,2.387389826338729,0.18599999999999997,5.0732508789969115,0.027805411074261675
69,2633958042.814402,2619818164.350242,0.5397274763787618,0.0884765674369008,0.5525599999999999,3.5,1.82,104,0.822,16.8,9.011725740572583,4.462255715305892,10.171986410517619,2.124048682495134,0.6998919267909274,0.5078525455948091,0.0796080887140831,0.0750023250887601,0.0962496180483226,49.896,0.2344,France,71,104,0.0488886121029339,2.0170333392987803,0.1578742857142857,4.979519175210786,0.025279019267685943
70,1654791545.3984623,1634006506.3559787,1.2720291480868446,0.1586239625800312,0.5580571428571429,4.4,1.57,49,0.733,102.8,6.579840280039215,3.2865129221725353,7.4262716602223335,2.1016084453991155,0.8954817185251724,0.4679549763523133,0.0874822702115049,0.0510102087447594,0.1182184485250387,36.427,121.2355,China,70,49,0.08852123534609056,1.6901960800285136,0.12683116883116882,3.6719268671350274,0.03605090058637073
71,2642345019.065771,2600106054.4094114,1.624509299716001,0.06450825757287006,0.56016,2.9,1.55,55,0.829,25.5,7.947462402129342,4.6432249590227705,8.870186781267007,1.7066886288644225,0.7091393858489075,0.4384482199783039,0.0674290815607774,0.037245079327335,0.1054684218474146,24.7084,120.7773,Taiwan,69,55,0.03613494556201889,1.7403626894942439,0.19315862068965517,4.451850539176772,0.022244226749265537
72,2150374395.284104,2082591264.2486234,3.254749609253543,0.12088486489836635,0.421,2.9,1.24,128,0.677,63.1,7.507374842127298,3.0767574667934015,8.43073061117824,2.591566730479748,0.8818178132095715,0.3146538006809235,0.0456599417959816,0.0473668107846021,0.0633658804540595,20.5798,110.6321,China,68,128,0.05089252812221223,2.1072099696478683,0.14517241379310344,3.1606048085355924,0.04168443617185046
73,2751047831.346409,2736193778.398074,0.5428728427644884,0.10331509523320014,0.4287,3.1,1.27,83,0.707,62.5,9.508971930601406,4.40977953258353,10.722260090471906,2.2822439236466514,0.6451098042518153,0.2474788655688982,0.042731173202808,0.059535834820147,0.0599578604504981,53.2671,1.3778,United Kingdom,67,83,0.0442911813264729,1.919078092376074,0.13829032258064516,4.076496266648824,0.03332745007522585
74,2205605911.6117754,2014497581.8736734,9.48664974620387,0.08287328754162152,0.4533,2.6,1.4,364,0.665,4.3,7.875334118809678,3.734742811412037,8.885979106489984,2.22813377587049,0.7972253802056042,0.5381727620598744,0.0893338238401311,0.0998087990883542,0.1141444323703665,29.5814,122.2286,China,62,364,0.03756646124261703,2.561101383649056,0.17434615384615385,3.569888956056427,0.03187434136216212
75,2105087550.4955728,2095299775.5999079,0.4671300502985345,0.08775397366057555,0.24264000000000002,3.2,1.08,278,0.567,62.8,8.182359219684328,4.054689073675364,9.237003818411413,2.1197247750005284,0.7705292312298825,0.5317145508533517,0.1753164942895225,0.2891025749757882,0.2605408623015318,48.857,-2.542,France,62,278,0.021292624169002055,2.444044795918076,0.075825,1.9853676410642054,0.027423116768929858
76,1581851359.480773,1554917510.3002667,1.7321722214900706,0.08514748238319503,0.20918333333333336,2.9,1.32,32,0.762,119.5,6.681051843201412,3.3692382266048644,7.54092996894751,2.07936995304552,0.8875416905789688,0.5591219969458581,0.1396075789801975,0.3166246608085844,0.2148680377306174,38.3074,118.5609,China,61,32,0.017811434189858016,1.505149978319906,0.07213218390804599,1.3975646947336822,0.02936120082179139
77,1562724866.343948,1497544952.6248536,4.352451230585686,0.1288679843817997,0.18734,3.7,1.34,68,0.661,76.6,6.655900076032503,3.021477814549343,7.488412782529384,2.2924928014603028,0.9372723132969034,0.5598721164957534,0.118207426381552,0.3233382174167349,0.2051989566704185,20.1437,109.4282,China,61,68,0.024142128194086357,1.8325089127062364,0.050632432432432435,1.246916320243929,0.03482918496805397
78,1685996845.5730145,1630993172.726217,3.372403622932304,0.13673503700904036,0.19851666666666667,2.7,1.7,120,0.744,89.7,6.749754639401372,3.475407854978586,7.613671073168315,2.0286187244616904,0.8775277590638021,0.5626378940176133,0.0952815068014898,0.3309730653767473,0.1799169313950751,39.4769,123.2027,China,60,120,0.027144183763577995,2.0791812460476247,0.0735246913580247,1.339938791831829,0.05064260629964457
79,1597515586.3682687,1573580338.6293314,1.5210693188875377,0.09426254245986701,0.1634,4.4,1.94,128,0.806,171.0,7.031775545927127,3.5567295495096705,7.9376502271702245,2.07390482824757,0.8555090825161564,0.5719545792799152,0.0785393248076256,0.3456790656142907,0.157076056585197,37.8351,120.3113,China,60,128,0.01540249943794227,2.1072099696478683,0.037136363636363634,1.1489921242044925,0.021423305104515226
80,2548403931.957232,2544174421.328219,0.16624295070166578,0.08198499477998764,0.19194545454545456,3.2,1.82,61,0.817,163.8,9.498107722770852,4.6588351440119675,10.708516899350052,2.1434067231662883,0.6382771368241136,0.5376662577423208,0.12418570966967,0.2676470068859801,0.224721134335561,54.1164,-3.8162,United Kingdom,60,61,0.015736647088951446,1.7853298350107671,0.05998295454545455,1.8231186041689436,0.025620310868746134
81,2777388247.784765,2657505229.7807727,4.511111273104876,0.07561005920241991,0.17798333333333335,2.3,2.09,75,0.852,76.4,9.260190190045439,3.9881359225321313,10.397403004021223,2.474251283126661,0.6519472671357637,0.5452841465231884,0.1093743678183191,0.2889206359801242,0.2022490624547281,25.4058,119.3996,China,59,75,0.013457330370377371,1.8750612633917,0.07738405797101451,1.6481595173249208,0.03287393878366083
82,1838466765.7660887,1798962489.6190984,2.1959477407088515,0.1054738521048136,0.1839333333333333,1.6,1.27,35,0.782,122.6,7.535421719597016,3.6092909236870576,8.50438338163569,2.2010240702561203,0.8264603138957507,0.5468267217413324,0.1169249282436191,0.2750577810212622,0.2163909461166181,33.3213,121.5926,China,58,35,0.019400157197145378,1.5440680443502757,0.11495833333333332,1.3860152349578776,0.0659211575655085
83,1519710911.0685792,1503535402.834981,1.0758315502979585,0.34330222149181955,0.16232,1.7,1.73,18,0.955,151.7,8.181043730361734,4.287040229728043,9.228663350098566,2.003199753491759,0.7532836505635743,0.5491444604418381,0.1141695999516371,0.2886462001509465,0.2073492446220204,54.7534,-3.713,United Kingdom,58,18,0.05572481659255215,1.255272505103306,0.09548235294117646,1.3279470183123168,0.20194248323048208
84,1975859912.3173468,1958215060.6642833,0.9010681210406937,0.15930360971891053,0.13290000000000002,1.5,2.3,36,0.956,69.2,8.224739327302295,4.051300752385167,9.278220606067007,2.131748073203063,0.7642183115684127,0.5449531969331733,0.0951561238129306,0.2914861774548232,0.1966467469970934,53.4864,-3.2425,United Kingdom,57,36,0.021171449731643213,1.5563025007672873,0.08860000000000001,1.0930678565984753,0.10620240647927369
85,1907310600.782545,1845438406.2000759,3.3527098154345696,0.1032726860433229,0.1463,1.5,2.29,28,0.943,19.9,7.5141071008292,3.7288363669672577,8.474045869966131,2.1113262899690626,0.8020613444120068,0.5512491523952885,0.0997338010878254,0.2824833736209788,0.1796428178272979,28.9259,121.9986,China,56,28,0.015108793968138141,1.4471580313422192,0.09753333333333335,1.099313868851312,0.06884845736221527
86,1047140119.6557584,853441018.6952257,22.69624926824674,0.06258151909780235,0.18904545454545454,1.5,1.12,82,0.68,36.0,5.787266785623269,2.473987938777258,6.51504947962434,2.5042770848302225,0.9781612583277192,0.4867099621879847,0.1098193657467712,0.0406564714282507,0.1630032880932383,8.9219,105.3984,Vietnam,56,82,0.01183075172398909,1.9138138523837167,0.12603030303030302,1.0940564800639625,0.041721012731868234
87,2223977896.9939666,2216945736.664726,0.3172003812696066,0.10538361172171261,0.17124,1.7,1.5,39,0.934,31.8,9.370276183055728,4.417023959271071,10.570607632420387,2.239646811648171,0.6604905159840034,0.5724211765187206,0.086964922300751,0.3275759636725602,0.1722413893732063,51.7743,1.9848,United Kingdom,56,39,0.018045889671226067,1.591064607026499,0.10072941176470589,1.6045660935864627,0.06199035983630154
88,1470870661.6694305,1435132830.0857992,2.490210720180842,0.12174360750524146,0.19036,1.8,1.33,26,0.719,25.2,6.494951376785905,3.1354795029618345,7.328246998952651,2.1779598738711634,0.9131811036482045,0.4974436120652258,0.072955672555197,0.1481197025878012,0.1113769981349719,34.5028,120.0532,China,55,26,0.023175113124697767,1.414973347970818,0.10575555555555555,1.2363789440849648,0.06763533750291192
89,1776627349.0934415,1756134365.6006896,1.1669371031152371,0.11696341821841859,0.2645363636363636,1.5,2.23,56,0.978,67.0,7.516049604528243,3.4091962651892094,8.476597922498032,2.333182649058909,0.8447146629102614,0.4358420688697648,0.0941449888624923,0.0813079966212587,0.1357433525930994,30.9301,122.1242,China,55,56,0.030941077333979657,1.7481880270062005,0.17635757575757574,1.9882684312924304,0.0779756121456124
90,1506984796.584458,1427663948.1789358,5.5559887539851704,0.12454087144867783,0.41259090909090906,1.9,1.26,24,0.778,56.9,6.769583592975408,2.881231591737595,7.611845843130187,2.5004562533200954,0.9341176828355416,0.4936481916044407,0.0773962216257573,0.2589591064478392,0.1718529159441064,22.7327,116.1203,China,55,24,0.051384431369984024,1.380211241711606,0.21715311004784688,2.793068648792626,0.06554782707825149
91,1392354525.7376585,1310789238.2391002,6.22260887708631,0.1617967204697052,0.3804272727272728,1.9,863.13,16,1.0,90.0,6.807216874518607,3.001502122181931,7.666939031643558,2.392850667436048,0.9192891184469895,0.4829106674480699,0.1318439778749144,0.1428598665835762,0.1808765096164555,21.901,113.4405,China,55,16,0.061551885104506855,1.2041199826559248,0.20022488038277517,2.5896509504361838,0.08515616866826589
92,1881043798.0507903,1797427280.9323294,4.652011127542742,0.13506684113935913,0.2635363636363636,3.8,1.42,11,0.749,113.6,7.696542081428903,3.538564555133524,8.682689702074375,2.301120619248976,0.8271288706739526,0.4483523894958564,0.0906104800674209,0.0906957444063485,0.1298856773337022,30.4497,121.896,China,54,11,0.03559502416171711,1.0413926851582251,0.06935167464114833,2.028318712714022,0.035543905562989246
94,1422783121.8826294,1372193200.3716,3.6867929018544445,0.11815112921002809,0.10139090909090909,6.8,1.04,246,0.732,47.3,6.76060431230232,3.5219904279155383,7.629578534458613,2.0082358687727573,0.8732545059094576,0.4948491185096917,0.1060173681253023,0.1003561513148738,0.152256755799487,37.2621,119.4511,China,50,246,0.011979450400722211,2.3909351071033793,0.01491042780748663,0.6854638172282524,0.01737516606029825
95,2089060473.1913188,2076486809.523334,0.6055258145786662,0.0484631290698642,0.2713090909090909,5.0,1.53,5,0.808,65.4,9.536108639483231,4.490338549293827,10.753449551393395,2.239278042851266,0.6391299872744967,0.3556366416221591,0.0569466983284063,0.1004866236469503,0.0758845628101323,54.8305,13.8582,Sweden,50,5,0.013148487490554792,0.6989700043360189,0.054261818181818175,2.587232965788523,0.00969262581397284
96,1548101403.5389576,1530737840.8579204,1.1343263501806142,0.22181469791371103,0.2671272727272727,4.7,1.5,114,0.707,168.7,8.473104735399472,3.958121633284971,9.561881503634586,2.2623720177177344,0.7545744328531214,0.4165747376326725,0.0628376879931149,0.0988403325731146,0.089711064545666,51.7298,1.2299,United Kingdom,50,114,0.059252755304513495,2.0569048513364727,0.056835589941972915,2.263397359499801,0.04719461657738532
97,1149856476.1043377,1117952374.9859338,2.85379787478025,0.16956250215612234,0.3993909090909091,3.2,132.67,21,1.0,90.4,6.785427682865457,2.9545513247690804,7.637337915821692,2.4234955559302676,0.9259218050706934,0.4669032720369298,0.1218811017024192,0.1409048297839614,0.1748033683843561,22.12,113.7329,China,49,21,0.06772172188386293,1.3222192947339193,0.12480965909090908,2.7100381308302555,0.05298828192378823
98,1034698087.0005236,1027177990.9834819,0.732112261268516,0.10811272199723587,0.19027272727272726,1.9,1.0,10,0.798,44.8,5.947764274553078,2.8353803490948235,6.710761035831292,2.2066903254811385,0.9508828095202448,0.4973255508690137,0.1299081031054766,0.0398406603082727,0.1923372475055299,34.6039,119.7916,China,48,10,0.02057090246729224,1.0,0.10014354066985645,1.1316973296945083,0.05690143263012415
99,950679994.803102,938015762.5932813,1.3501086777911528,0.4145435222371154,0.27536363636363637,4.5,2.22,111,0.867,102.8,7.964161761908946,3.55870147627723,8.97819837293038,2.3767405830333916,0.8046065018022126,0.4775455317324572,0.0717760719599675,0.0808855085469961,0.1195577285499903,55.5128,12.7808,Sweden,48,111,0.11415021171420205,2.0453229787866576,0.06119191919191919,2.1930405433474727,0.09212078271935897
100,1510615449.675271,1467433405.7703855,2.94269189559682,0.1902167347704413,0.23683636363636362,3.1,483.04,20,1.0,90.1,8.045221223744381,3.8171752976195705,9.081352327861545,2.2231825971043224,0.7960020993678079,0.4860188372614886,0.0648601757666822,0.0936181078548006,0.1015766364546089,52.747,5.5908,Netherlands,48,20,0.04505023976581397,1.3010299956639813,0.07639882697947213,1.9054009392817146,0.061360237022722995
101,2296623140.1402483,2138462517.9137545,7.395996932449977,0.025071554629728463,0.4203909090909091,1.2,1.4,10,0.675,100.5,9.206881995899371,4.034639118678318,10.340915027936942,2.423047278648765,0.653539691775151,0.5246328818450333,0.0339019920609666,0.4471111709285912,0.0648703750766077,25.5817,119.6054,China,47,10,0.010539853643113939,1.0,0.35032575757575757,3.87048949214886,0.020892962191440385
102,1300859381.5384638,1278501827.5132587,1.7487307052733387,0.22448019111743722,0.26447272727272725,3.3,1.83,138,0.851,70.2,8.004565564899137,3.742570375270544,9.033026575952396,2.2594391510457563,0.7997465390486949,0.4566276913496201,0.0715222406965828,0.1035196074846889,0.1035038455820492,51.458,1.0879,United Kingdom,45,138,0.059368888363531665,2.1398790864012365,0.08014325068870523,2.116989285582233,0.06802430033861734
103,1390401202.053328,1313163522.2546246,5.88180211296845,0.1117784502046324,0.25924545454545456,1.1,18.83,11,0.997,90.5,7.530772674151242,3.66658935988019,8.492170293505982,2.1562579860262225,0.8139587543977842,0.3845326682296345,0.1180837709984995,0.185111153877731,0.1428145374347312,29.0656,122.0286,China,41,11,0.028978055131686383,1.0413926851582251,0.23567768595041322,1.9523185849888272,0.10161677291330216
104,1333785940.8946507,1322188964.177268,0.8771043346741959,0.11778099079359866,0.2745818181818182,3.6,1.27,80,0.625,169.9,7.575265866709182,3.412281785393585,8.543375630120291,2.3541655661080343,0.8382476233250992,0.468560992683642,0.0895125428089615,0.085037858070765,0.132816958003345,30.3864,121.6844,China,40,80,0.03234051859936231,1.9030899869919435,0.07627272727272728,2.080030274891674,0.03271694188711074
105,1048166940.1342098,1000385207.8827424,4.776333343892062,0.16078968386222808,0.2722818181818182,2.0,1.03,48,0.628,48.3,6.650055939129827,3.308727919290053,7.501472677162337,2.107507343016497,0.8965566284901564,0.4529166340078379,0.1628323851423293,0.1975964030474226,0.1807515930840563,28.8353,121.8575,China,40,48,0.043780107466887215,1.6812412373755872,0.1361409090909091,1.8106893221170677,0.08039484193111404
106,1103381162.977917,1083627143.3335185,1.8229535653407458,0.0811831170263448,0.1232909090909091,6.4,3.58,72,0.972,102.5,7.482317107544469,3.6924713650385534,8.44450005992785,2.126721391876886,0.831056466302368,0.500046264350775,0.0977073975922326,0.0674608558459987,0.1317854212099005,38.0237,119.2633,China,39,72,0.010009140301011712,1.8573324964312685,0.019264204545454546,0.9225016782956191,0.012684862035366375
107,697633736.7401453,582125445.5253403,19.842508535349165,0.10581731578857259,0.18310909090909092,2.9,4.49,7,1.0,12.5,5.759997573047616,2.5041372512008744,6.488365894941245,2.4608929048743375,0.9772922124909549,0.5409449000145075,0.1189556409493934,0.2802193259961207,0.211007878905739,9.0822,105.5854,Vietnam,39,7,0.01937611249648572,0.8450980400142568,0.063141065830721,1.054707919239319,0.03648872958226641
108,1124747616.9250455,1090339782.622762,3.155698329149934,0.07740952946317324,0.10139090909090909,5.6,3.95,80,0.946,94.7,6.76060431230232,3.5219904279155383,7.629578534458613,2.0082358687727573,0.8732545059094576,0.4948491185096917,0.1060173681253023,0.1003561513148738,0.152256755799487,37.2428,119.6233,China,38,80,0.007848622564570647,1.9030899869919435,0.018105519480519482,0.6854638172282524,0.013823130261280937
109,1149958058.3184493,1129940293.2556298,1.7715772401693444,0.10272459392909455,0.2564090909090909,6.1,3.02,5,0.997,108.1,7.166989685487641,3.2899791014619155,8.084511388904126,2.300348590511589,0.873653784646374,0.4224204225661666,0.0766274658321849,0.054210656255285,0.1403524533266807,32.3706,121.6844,China,38,5,0.026339519743364653,0.6989700043360189,0.04203427719821163,1.8376813098107174,0.016840097365425338
110,1062887110.852681,1028584543.6901807,3.334929284415986,0.06448780108612884,0.20824545454545457,4.5,2.36,80,0.851,93.8,6.901043457764984,3.2846690027621093,7.789748476210693,2.2197140974931115,0.880484234515225,0.4169755832475085,0.1576288905253724,0.1540274885465258,0.1735997083487241,29.531,122.0568,China,38,80,0.013429291449817759,1.9030899869919435,0.04627676767676768,1.4371109317002044,0.014330622463584186
111,991271525.4031494,921160440.6106709,7.6111697486704095,0.09891173712364484,0.41259090909090906,4.5,2.15,152,0.867,165.7,6.785783252190893,2.8699996928525042,7.6298170382321375,2.5212507215964153,0.9319480624797265,0.4936481916044407,0.0773962216257573,0.2589591064478392,0.1718529159441064,22.6779,115.9363,China,36,152,0.04081008353960564,2.1818435879447726,0.09168686868686868,2.799752480915306,0.021980386027476633
112,701189813.3658266,560034222.184333,25.204815275562364,0.04413122261945898,0.20447272727272728,4.7,1.48,27,0.935,147.7,5.903635338670015,2.507188771458323,6.647116640940341,2.5280935277315253,0.9736932030840633,0.553893515735028,0.1199688868751383,0.3180174507518598,0.2074885537042847,9.6266,106.579,Vietnam,36,27,0.00902363144688065,1.4313637641589874,0.043504835589941976,1.2071324185215089,0.009389621833927442
113,1301256813.0039868,1289735905.3851318,0.8932764894542273,0.13765062275848647,0.23314545454545454,3.7,1.1,50,0.605,148.8,8.750887732984909,4.259177926477757,9.881123630335589,2.1657132352489703,0.7283231200393788,0.4365655789583262,0.052404469097624,0.1022036774163634,0.0771407861909236,52.607,4.4203,Netherlands,36,50,0.03209261701149222,1.6989700043360187,0.06301228501228501,2.040229698183009,0.03720287101580715
114,1156780776.3205955,1141787308.750693,1.313157665617057,0.0917141861706201,0.14428181818181818,4.1,1.4,131,0.774,116.9,7.648987679572146,3.7712233564199367,8.623797831844442,2.122926562817087,0.8035757728871922,0.4143580412074886,0.0857555077615118,0.0728646798115415,0.1277810809073236,37.9135,121.8844,China,35,131,0.013232689533762833,2.1172712956557644,0.035190687361419073,1.1036098496589957,0.022369313700151248
115,721183655.0430529,640828737.9367119,12.539218725592926,0.1025913292164851,0.21762727272727272,2.2,1.48,27,0.822,152.6,6.039467386086792,2.597928974262929,6.800789217597104,2.493906887709713,0.9658985203483293,0.5444390474958294,0.1433117615053561,0.3149013440249766,0.218742965361616,9.9279,106.6985,Vietnam,35,27,0.022326671182849426,1.4313637641589874,0.09892148760330578,1.3143528159593791,0.046632422371129585
116,1410641369.0489943,1405010926.7371726,0.40074010846998587,0.08480613957191711,0.28034545454545456,4.2,1.48,167,0.692,82.8,8.9669125728564,4.111455199998452,10.10998933866955,2.311199042132501,0.7035475176194915,0.3046723609144667,0.0556798014344534,0.0738422505550508,0.0825106430295889,53.8058,0.1494,United Kingdom,35,167,0.023775015746534366,2.2227164711475833,0.06674891774891775,2.513833181106779,0.020191937993313598
117,1385251056.2911203,1382134227.2890382,0.22550841593696414,0.021806754129063598,0.24043636363636364,3.7,2.47,246,0.864,85.7,8.993002037878433,4.438256727159942,10.141798584816314,2.1194452840570617,0.6955861529056566,0.2547982677733422,0.0418120332739776,0.0361692233290804,0.0639097480201146,41.0531,-70.4351,United States of America,33,246,0.0052431366655043095,2.3909351071033793,0.06498280098280099,2.1622447081618983,0.005893717332179351
118,1038267078.0023534,1019802951.1859614,1.8105582843155672,0.08699511463394763,0.2707636363636364,3.2,3.96,161,0.957,172.2,7.284573734990147,3.277895704402925,8.214427731208712,2.3506078102681234,0.8712697588392344,0.4310180139236391,0.0987810655657283,0.0824229710309745,0.1451144434721839,30.7438,121.7988,China,32,161,0.023555113584159057,2.2068258760318495,0.08461363636363636,1.9723976738449687,0.027185973323108632
119,849612634.4081018,821550014.3640176,3.4158139557465854,0.14930148345055894,0.3066090909090909,3.9,1.14,21,0.911,49.5,6.80613212564559,3.26878389498399,7.668989309152344,2.188566844752781,0.8917479165107169,0.4568582484791648,0.1800724516510861,0.2417748302034726,0.1816164824511436,28.1833,121.5002,China,32,21,0.04577719211215455,1.3222192947339193,0.07861771561771562,2.086821983651353,0.03828243165398947
120,798357284.444623,767326411.5461171,4.0440251282346145,0.1422026852614048,0.5457272727272727,5.2,1.24,178,0.817,35.1,6.748494159490308,2.787880990285147,7.576264595364709,2.5469219529007914,0.9451056715822043,0.5032333196805785,0.1495079120828793,0.135056094995619,0.181333736572911,20.7161,110.5573,China,32,178,0.07760388360220119,2.250420002308894,0.10494755244755244,3.6828373126745744,0.027346670242577847
121,1192559786.510558,1173103590.2459838,1.6585232903851526,0.19004275563871928,0.24148181818181816,6.3,1.53,60,0.803,155.8,9.539443674059719,4.455071274909252,10.758699253763082,2.2613023864258848,0.6502403611683872,0.3731502240687229,0.0443725263870961,0.0781744512521505,0.0658811167719705,53.6928,6.4755,Germany,30,60,0.045891870163920906,1.7781512503836436,0.038330447330447326,2.3036022028549845,0.03016551676805068
122,913426478.3760532,899813172.1753104,1.5129036361884425,0.28495193160169224,0.2646727272727273,4.5,1.05,267,0.715,131.6,8.795277896769342,4.026367522357212,9.919433884827185,2.3134090498071505,0.7234685729969809,0.3552579553879609,0.0599673797087077,0.0691763475365245,0.0869203732057344,52.6458,1.7875,United Kingdom,30,267,0.07541900487865152,2.4265112613645754,0.05881616161616162,2.3278701880594785,0.06332265146704272
123,1030115246.9453928,1015663111.7463591,1.422926069864282,0.19914668888955944,0.25113636363636366,4.0,2.65,158,0.878,3.7,8.701930888734863,4.516450027333818,9.809149959468705,2.0123956091358863,0.7055764528283055,0.5170655052339733,0.0490427699588188,0.0943933755776184,0.0703039117970436,53.9928,-3.2982,United Kingdom,30,158,0.05001297527794618,2.1986570869544226,0.06278409090909091,2.1853712800118235,0.04978667222238986
124,1350747339.0183282,1257061259.9902163,7.452785477522479,0.045742398310787746,0.40980909090909096,4.8,1.43,284,0.69,102.9,8.946884430364356,4.047418975144644,10.058410267766854,2.340569776246928,0.678669810614567,0.5577781172817322,0.0362178607148714,0.4577641675037553,0.0663241062666206,25.2975,119.3727,China,29,284,0.018745650667745466,2.4533183400470375,0.08537689393939395,3.666514574876317,0.009529666314747448
125,1370881712.954151,1345093265.6166666,1.917223734345401,0.0461468747293966,0.37026363636363635,7.5,2.38,339,0.861,173.2,9.31423521363258,4.764034491679867,10.485258980519035,2.023692355853986,0.6326298438006837,0.576234172525608,0.0308831843824393,0.499683932566233,0.0456271331819854,23.9216,118.2136,China,28,339,0.017086509644123584,2.530199698203082,0.04936848484848485,3.4487226001458304,0.006152916630586214
126,677743410.8790317,568350723.1999564,19.24739130499687,0.12093869985830072,0.18523636363636362,4.1,1.03,75,0.715,137.2,6.716994093444197,2.8601159750522323,7.563794271119157,2.5220321578017773,0.9234722378172019,0.5804331905389052,0.0818713419050413,0.3397573735376582,0.1578508237654543,9.5244,106.456,Vietnam,28,75,0.02240224498466123,1.8750612633917,0.045179600886917956,1.244231560436536,0.029497243867878227
127,1179821475.0584826,1168585122.3465655,0.9615348079525536,0.0526813962921596,0.2713090909090909,5.0,1.55,174,0.862,27.6,9.38836062983252,4.47730489461765,10.585651739806273,2.204858526203419,0.6470912243930435,0.3556366416221591,0.0569466983284063,0.1004866236469503,0.0758845628101323,54.8185,13.657,Sweden,27,174,0.014292941735847373,2.2405492482826,0.054261818181818175,2.547147587606561,0.01053627925843192
128,824427332.8026562,803900301.4754568,2.553429982489692,0.26929103489489226,0.32186363636363635,6.1,1.01,35,0.524,39.6,8.494350777643275,3.994011081145214,9.581278749114686,2.250196127438785,0.7472256814722568,0.3097837934402605,0.0542521800055283,0.0715238650647377,0.0929981505669946,54.6456,-1.0941,United Kingdom,27,35,0.08667499173139691,1.5440680443502757,0.0527645305514158,2.734022629840547,0.04414607129424464
129,1076069982.3184,1075718523.4907873,0.03267200665766433,0.01552629148291405,0.2798363636363636,3.1,1.22,18,0.665,116.6,9.980678689846528,4.653763664012118,11.262926550034244,2.2710398227583726,0.6168976283154927,0.2557845622521721,0.0357167026456071,0.0657776356007628,0.0540823850052003,54.7288,1.7951,United Kingdom,27,18,0.004344820949336911,1.255272505103306,0.09026979472140761,2.792956831189598,0.005008481123520661
130,412304524.4017415,338608330.95990694,21.76443598800899,0.08851936528040062,0.19194545454545456,3.8,1.23,73,0.659,64.7,5.593621787633331,2.333313417778682,6.293070235618762,2.5784993342162403,0.9871423759263418,0.5376662577423208,0.124185710310327,0.2676469721236069,0.2247211347773813,9.1406,105.7125,Vietnam,26,73,0.016990889804821625,1.863322860120456,0.05051196172248804,1.0736702765826378,0.023294569810631743
131,705465975.2981333,695396495.961909,1.4480198555351598,0.11679820286065518,0.17863636363636365,3.6,2.57,30,0.913,13.4,6.7307918660995645,3.253915041101652,7.59477019226882,2.176459545777499,0.8943583885112069,0.4767518816428664,0.0958873980542372,0.0384215744496192,0.1519129126799147,34.4035,120.1958,China,25,30,0.02086440623828977,1.4771212547196624,0.04962121212121212,1.2023641833532404,0.03244394523907088
132,636631495.0227008,630941824.3052919,0.9017742204162158,0.1249665393613827,0.19204545454545452,5.9,1.26,90,0.804,145.9,6.76855533897434,3.326806117794717,7.6401150200933134,2.137696196814637,0.8874089253187614,0.5015726443307378,0.1007020310231466,0.0278699203142497,0.1403662529550066,38.6684,118.0399,China,24,90,0.023999255854629174,1.954242509439325,0.03255007704160246,1.29987028668939,0.021180769383285204
133,445427120.3559966,384199727.230849,15.936344766939067,0.07841344197128253,0.1706181818181818,4.6,1.42,215,0.672,6.2,5.866900958303384,2.5542741510772746,6.609615307601853,2.4560523814867286,0.9727148676298126,0.5405896201500235,0.105041171409835,0.2879034955409558,0.1989554731973498,8.6706,105.1538,Vietnam,24,215,0.013378758899245731,2.3324384599156054,0.03709090909090909,1.000999974413072,0.017046400428539683
134,698343230.6182582,686282211.200056,1.7574431074225252,0.151113918507971,0.24845454545454546,5.8,2.97,57,0.903,175.8,7.54692163717232,3.4337255322755738,8.515973993757049,2.3224542794028755,0.8476100693664695,0.5140040839929909,0.0786728864907465,0.0985407509966903,0.1281594339193675,52.6039,5.5748,Netherlands,24,57,0.03754493993475316,1.7558748556724915,0.04283699059561129,1.8750669849447226,0.02605412388068466
135,356779975.4233394,340092288.299229,4.90681138568711,0.09056909145669845,0.24169090909090907,5.1,1.16,92,0.863,129.1,5.7608341820361035,3.1334386710765623,6.500832901705367,1.9248653312293398,0.9340336172312741,0.4879752919602463,0.1009922424315661,0.1216042120976674,0.1620328000537095,40.2006,139.9778,Japan,23,92,0.021889726049707132,1.9637878273455553,0.0473903743315508,1.3923412505782895,0.017758645383666363
136,1013342288.2845588,996279008.429342,1.7127009312499133,0.02737485677257055,0.24581818181818182,3.7,2.16,129,0.835,82.5,9.807760936200058,4.669850605637875,11.062236197355167,2.2137456014860355,0.6212598560271477,0.4231153902111888,0.0360647854381232,0.0741653510885776,0.0590643895488945,56.5932,8.0257,Denmark,21,129,0.006729237519366433,2.110589710299249,0.06643734643734643,2.410925961044087,0.00739860993853258
137,740050454.0455089,715897483.3284249,3.3738029926840127,0.1323351908811656,0.2817181818181818,5.5,1.14,67,0.745,127.3,8.31360014872977,3.7721760439906875,9.372924993670578,2.334821819264457,0.7726660269889554,0.408608063602196,0.0781457954604483,0.1104792029057052,0.1082570978679223,54.6098,12.6507,Germany,21,67,0.037281229365604004,1.8260748027008264,0.05122148760330578,2.342092318263517,0.024060943796575564
138,431636358.2885957,431149465.1986827,0.11292907198402309,0.0149935552773975,0.24994545454545455,4.2,1.1,88,0.845,139.1,9.014145748183994,4.34165613742891,10.167497092762986,2.177782972245669,0.707308743169399,0.280570651141057,0.0438149381392294,0.0400983707203327,0.0690626135328247,41.1238,-70.9609,United States of America,20,88,0.003747570989061517,1.9444826721501687,0.05951082251082251,2.253044756368825,0.003569894113666071
139,501405242.0000345,491175000.05444896,2.082809985127802,0.12182538427485358,0.24415454545454549,3.9,1.04,89,0.523,102.6,6.572297382224862,3.701790661146588,7.404674072295137,1.8490201552671683,0.8656459362601991,0.4102355614188741,0.0736534928126601,0.1105116045743991,0.1236894576885199,35.4818,126.3176,South Korea,20,89,0.02974422132245221,1.9493900066449128,0.06260372960372962,1.6046562799492103,0.031237278019193227
140,946429927.8913356,932323658.7844319,1.5130227549191977,0.030832629561106648,0.24745454545454545,4.0,6.04,7,0.999,80.8,9.749399279108825,4.620643427123695,11.000006854642466,2.2287465256277876,0.6254753349801632,0.3917186840303585,0.0387714974317342,0.0683488679118781,0.060998591205434,56.0791,7.9536,Denmark,20,7,0.007629674333212027,0.8450980400142568,0.061863636363636364,2.4125331670667474,0.007708157390276662
141,356783451.0040448,296794007.4221695,20.212484781252446,0.0596035382822926,0.20447272727272728,5.4,2.28,129,0.892,74.9,5.945593567900898,2.4752417483478726,6.6892139233059975,2.5809835621123556,0.9752847643286674,0.553893515735028,0.1199688868751383,0.3180174507518598,0.2074885537042847,9.7455,106.585,Vietnam,18,129,0.012187298027684774,2.110589710299249,0.037865319865319866,1.215711732083882,0.011037692274498629
142,590493242.9489737,584399983.5438812,1.042652220512075,0.20758891952711073,0.23769090909090906,2.7,3.61,48,0.981,76.5,8.433749674590256,3.841014529509865,9.509833144456033,2.3239544000686716,0.7629207178958283,0.4492929504135244,0.0706632244156389,0.0814402151684875,0.0959295598523488,53.8357,8.1683,Germany,18,48,0.04934199899959851,1.6812412373755872,0.08803367003367002,2.0046256271985166,0.076884785010041
143,389021337.46422935,332543158.29416347,16.983714071815605,0.020876879238590624,0.17537272727272726,2.4,2.33,30,0.861,81.3,6.243507162234476,2.8014583013498306,7.04033800046491,2.377956256027541,0.9475949422361953,0.5536501753943113,0.1036763060907501,0.2754286328144505,0.181164108032517,8.5498,104.9308,Vietnam,16,30,0.0036612352490150153,1.4771212547196624,0.07307196969696969,1.094940878787866,0.008698699682746093
144,628214858.3788407,600819804.4271997,4.55961234130064,0.0929551009234661,0.26391818181818183,4.2,1.0,36,0.751,134.8,8.762081175438086,3.860764083221021,9.86930876860729,2.4114629948332973,0.7218365725523821,0.3625916290866148,0.0523041147868823,0.0461159532589736,0.0932641155243324,56.9863,17.0187,Sweden,16,36,0.024532541226446766,1.5563025007672873,0.06283766233766233,2.312472532764937,0.022132166886539545
145,248867570.64318183,233137244.93668312,6.747238396323528,0.0989577297822343,0.23907272727272727,3.5,2.09,24,0.946,22.6,7.431121968450297,3.845228614554946,8.378403976815289,2.0133980701567644,0.8147425580757043,0.5218771797395441,0.0862293366022914,0.2010719169875905,0.1565646632909786,43.2114,141.2564,Japan,14,24,0.02365809434375634,1.380211241711606,0.06830649350649351,1.7765785956936901,0.028273637080638372
146,510096834.3787077,509139716.4882454,0.18798727725739628,0.02438728568124015,0.2540818181818182,5.5,1.29,182,0.826,56.4,8.770612584051506,4.20377512375596,9.892308524831048,2.1901121876886083,0.7235660416198817,0.2722357963662174,0.042631459508447,0.0421205681422144,0.0699107127299011,41.093,-71.1478,United States of America,12,182,0.006196365886408917,2.2600713879850747,0.04619669421487604,2.228453191924141,0.004434051942043663
147,316881699.0085171,312186539.9398544,1.5039594819069615,0.059608448038470575,0.1926727272727273,4.4,2.27,102,0.852,81.5,6.39358334749052,3.125915815867459,7.219158176222363,2.1541135789451387,0.915662427951194,0.5180945368064007,0.1047892799475203,0.0275839563752995,0.1546224565978905,38.6666,117.6375,China,12,102,0.011484922252066777,2.0086001717619175,0.04378925619834711,1.2318691406064919,0.013547374554197857
148,361018514.3887772,358479188.7342896,0.70836068990599,0.11171691511355014,0.1876636363636364,5.5,1.14,140,0.749,37.5,7.9026086488839615,3.6874230743854204,8.917948497673308,2.268285621293939,0.8008596645901085,0.4270316618314853,0.0688670530767027,0.0484364996746528,0.1096458786862997,61.6279,21.3546,Finland,11,140,0.02096520253353651,2.146128035678238,0.0341206611570248,1.4830322758082877,0.020312166384281845
149,299874189.9482116,278536210.7344946,7.6607559058296735,0.16020865203409318,0.2655181818181818,5.0,1.09,56,0.696,51.2,7.32821982473721,3.20318784558402,8.256105057619111,2.430079947314498,0.8698887312378217,0.4998438675813692,0.0973931737640678,0.0764857615291456,0.1495047798941884,55.6945,12.6698,Sweden,11,56,0.04253830999963418,1.7481880270062005,0.05310363636363637,1.945775603828179,0.03204173040681864
150,427179061.9100505,422615555.12618005,1.0798246132961045,0.09555597822974904,0.30816363636363636,4.3,1.05,572,0.598,127.5,8.267194670288012,4.029549508217627,9.326510871682972,2.159157078861717,0.7647790503281183,0.3347774392933529,0.0634946308504131,0.084995786369966,0.0923914382176334,57.2233,-1.9953,United Kingdom,11,572,0.029446877727563936,2.7573960287930244,0.07166596194503172,2.5476487721220273,0.02222232051854629
151,314972960.4884081,309565513.1078655,1.746786108780275,0.0346541053099366,0.2324,2.8,1.51,50,0.843,27.7,6.899965975507821,3.722269919697395,7.778126845708502,1.928602262932785,0.8484744990892532,0.4189548993714096,0.0732522485465486,0.1025840576644738,0.1170811303882448,34.9712,125.9495,South Korea,10,50,0.008053614074029266,1.6989700043360187,0.083,1.6035520927080176,0.012376466182120216
152,413025577.8982436,400658322.14935607,3.0867337741900975,0.0778826326886452,0.2472090909090909,4.2,1.28,175,0.621,92.1,8.956948039842608,4.022689092373191,10.096751705085968,2.360029336227116,0.7088507464040812,0.4746484503809733,0.0542508207498712,0.0834670173253127,0.0839031239834333,56.6648,8.2313,Denmark,10,175,0.019253294824566627,2.2430380486862944,0.058859307359307354,2.214238982249455,0.018543483973486954
153,253517219.96591023,240030862.12987626,5.618593257702317,0.3322357111654386,0.29864545454545455,3.1,1.13,101,0.748,142.2,8.044913080125758,3.501793906558707,9.059174532137193,2.4448235431534555,0.8030275526429804,0.4154576663010932,0.0670973708004865,0.0779668417552916,0.1236179917239782,55.9692,10.3553,Denmark,10,101,0.09922068497723475,2.0043213737826426,0.09633724340175953,2.40257672359283,0.10717281005336729
154,392210448.2363544,369566246.1799706,6.127237617192064,0.08900267561089126,0.2985454545454545,4.9,1.87,117,0.81,13.0,8.916379184478808,4.002327002461405,10.043652182442749,2.3623769219829027,0.7030711051680062,0.3352792951504363,0.0489758582555411,0.0799916321824598,0.0882299635127538,55.7218,10.5833,Denmark,10,117,0.026571344246015167,2.0681858617461617,0.06092764378478663,2.6619444765298548,0.01816381134916148
155,160050644.1335389,147062725.89778,8.831550045377583,0.15693347963549936,0.17422727272727273,5.4,1.54,71,0.837,63.5,5.138395715034058,3.208383638607542,5.752032307648369,1.6508612818310215,0.9424467275494672,0.5375175337283326,0.1064994169100322,0.1678422091519779,0.1477141969730463,40.4919,17.1398,Italy,9,71,0.02734209215649405,1.8512583487190752,0.032264309764309766,0.8952486716238883,0.029061755488055434
156,239516069.82679915,239272510.92456776,0.10179142655805488,0.0157318931934902,0.2629909090909091,5.4,1.53,62,0.841,116.9,8.516374175907137,4.088589704730787,9.609937553665628,2.187849110604571,0.7612704918032787,0.287939011091281,0.0492629082633092,0.0466480974601638,0.080758022070675,41.1929,-71.1658,United States of America,8,62,0.004137344892677073,1.792391689498254,0.048702020202020205,2.2397289866801597,0.0029133135543500366
157,268717730.16139555,260618360.95279318,3.1077508042763875,0.1196093231972831,0.29756363636363636,8.3,1.62,33,0.735,98.6,8.39016294974241,3.7033552360294366,9.452750034953382,2.4113607753929047,0.7625733531134385,0.3849409722165308,0.0642558330066735,0.078285856830963,0.1080457420160058,55.3441,10.9604,Denmark,7,33,0.035591385153577,1.5185139398778875,0.03585104052573932,2.496607397008805,0.014410761830997963
158,283397463.8361247,276471961.6634807,2.504956427036779,0.06176599830208433,0.31761818181818186,3.0,1.75,9,0.949,62.2,8.42493169247804,4.100129043814473,9.507962253888813,2.1649477358055886,0.7520058262844025,0.4538076117537402,0.0630090315564254,0.1049195655054524,0.0844429288957693,52.7915,-5.9468,Ireland,7,9,0.019618004078892932,0.9542425094393249,0.10587272727272729,2.675911486107253,0.020588666100694777
159,149304470.89448255,127130402.15870118,17.441987407623184,0.09037446808317375,0.1839818181818182,5.2,1.01,3,0.648,135.9,6.190157003117624,2.581403548732861,6.96538845125776,2.580432662940704,0.9629638726701101,0.5570018978807252,0.0959643390060365,0.3077874202927237,0.1883230191331192,9.2966,106.1245,Vietnam,7,3,0.016627258955157004,0.47712125471966244,0.03538111888111888,1.1388763402644952,0.017379705400610335
162,196249126.8982257,194720408.5013799,0.7850838073991377,0.03072012610927645,0.31672727272727275,1.9,2.36,7,0.936,71.4,8.144659809002773,3.7822058550413464,9.183335044132392,2.2794870444582735,0.7830309466776455,0.3324815809048516,0.06094789716225,0.0780749361649889,0.1039872987813267,55.1313,-1.4019,United Kingdom,5,7,0.009729901760429014,0.8450980400142568,0.16669856459330146,2.5796358885968784,0.016168487425934974
163,176817314.34688002,175484219.06559438,0.7596667599992822,0.14102706661566372,0.2651727272727273,5.0,1.32,11,0.832,57.0,8.576265730347682,3.875912018155989,9.665028326272722,2.3446048075866845,0.7374377051448687,0.4123147992205751,0.0545769618941819,0.0701919584809617,0.0937586469042349,57.0371,18.1467,Sweden,5,11,0.03739653187374814,1.0413926851582251,0.05303454545454546,2.274191773531923,0.028205413323132745
164,245259799.01406989,244638191.82630098,0.2540924551184806,0.02841272919563414,0.28055454545454545,2.3,1.64,16,0.962,120.1,9.85416073310549,4.7324587069131905,11.106168884021926,2.1916143387379905,0.6082837802854505,0.2082098465864166,0.0388783066078832,0.07178486730236,0.054971699919428,57.4875,-1.3561,United Kingdom,5,16,0.007971320324604228,1.2041199826559248,0.1219802371541502,2.764629585312441,0.012353360519840931
165,86619215.26434334,85842484.94438247,0.9048320542725523,0.09752792244621723,0.12488181818181818,4.8,1.21,51,0.634,112.0,6.044365740194343,2.9348192338392285,6.823018623162364,2.167465875714171,0.939527574192407,0.5024900189580872,0.1000980606911625,0.0302655631346585,0.1683633462029983,38.0457,118.4427,China,4,51,0.012179464278578965,1.7075701760979363,0.026017045454545456,0.7548313833913608,0.02031831717629526
166,111359282.67969212,110053999.44528131,1.1860388908990014,0.0399837032010738,0.19587272727272725,1.9,679.07,10,1.0,90.1,6.7089469485570845,3.6696090409967197,7.565164436598617,1.9063659113666411,0.8651023862398217,0.5000863161747588,0.0667920247133488,0.1463676001863463,0.1107196575283208,39.7726,140.0107,Japan,4,10,0.0078317169924576,1.0,0.10309090909090908,1.3140997359419175,0.021044054316354633
167,114965684.92942873,112613246.61434023,2.0889534631256557,0.0077842416725534,0.25445454545454543,2.9,1.03,58,0.576,51.2,8.247599900592583,4.6799205366002665,9.259791404749317,1.7987815025552263,0.6981371796791177,0.4036209663139667,0.0464213450882768,0.2105775238982621,0.0639150585560047,43.1903,4.794,France,3,58,0.001980735676497906,1.7634279935629373,0.08774294670846394,2.0986392837962398,0.0026842212663977243
168,62694746.363447145,61963278.01946534,1.1804868421454666,0.07092566031232538,0.17545454545454545,3.2,1.02,30,0.607,138.0,5.797295937502711,2.7784220875491865,6.54302828194327,2.197262897591202,0.953870900788709,0.5097790457061717,0.1108329635460285,0.0384544591386187,0.1825499767094858,38.6193,117.5806,China,3,30,0.012444229491162542,1.4771212547196624,0.05482954545454545,1.017161923580021,0.022164268847601677
169,87368971.31844738,86596464.47325628,0.8920766568127971,0.05600532655820101,0.18904545454545454,4.3,1.87,45,0.791,171.3,6.494951376785905,3.1354795029618345,7.328246998952651,2.1779598738711634,0.9131811036482045,0.4867099621879847,0.1098193692950007,0.0406564780175883,0.1630032907692203,34.4617,119.888,China,3,45,0.010587552416161727,1.6532125137753437,0.04396405919661734,1.2278410352751172,0.01302449454841884
170,90602465.432242,87716682.00942712,3.2898912233191275,0.018016907763650142,0.24743636363636365,5.6,1.19,4,0.955,140.5,7.408736794884,4.155393382183747,8.331892898268203,1.8391656028141703,0.7940802080994087,0.5540612891207173,0.0862938805794752,0.136858964992623,0.1103287210778131,41.6868,-9.0573,Portugal,3,4,0.00445803814100936,0.6020599913279624,0.04418506493506494,1.8331908916650246,0.0032173049577946685
