farm_id,paradigm,target_year,n_target,n_actual,turbine_id,x_m,y_m,utm_epsg
162,A,2030,9,6,162_2030_0,601459.4,6111738.1,32630
162,A,2030,9,6,162_2030_1,601606.4,6111057.9,32630
162,A,2030,9,6,162_2030_2,601889.3,6110569.0,32630
162,A,2030,9,6,162_2030_3,602036.3,6109888.9,32630
162,A,2030,9,6,162_2030_4,602319.2,6109400.0,32630
162,A,2030,9,6,162_2030_5,602466.2,6108719.8,32630
162,A,2035,10,6,162_2035_0,601459.4,6111738.1,32630
162,A,2035,10,6,162_2035_1,601606.4,6111057.9,32630
162,A,2035,10,6,162_2035_2,601889.3,6110569.0,32630
162,A,2035,10,6,162_2035_3,602036.3,6109888.9,32630
162,A,2035,10,6,162_2035_4,602319.2,6109400.0,32630
162,A,2035,10,6,162_2035_5,602466.2,6108719.8,32630
162,A,2040,14,6,162_2040_0,601459.4,6111738.1,32630
162,A,2040,14,6,162_2040_1,601606.4,6111057.9,32630
162,A,2040,14,6,162_2040_2,601889.3,6110569.0,32630
162,A,2040,14,6,162_2040_3,602036.3,6109888.9,32630
162,A,2040,14,6,162_2040_4,602319.2,6109400.0,32630
162,A,2040,14,6,162_2040_5,602466.2,6108719.8,32630
107,A,2030,9,9,107_2030_0,563577.1,1003793.4,32648
107,A,2030,9,9,107_2030_1,562835.1,1002240.8,32648
107,A,2030,9,9,107_2030_2,561599.5,1003890.1,32648
107,A,2030,9,9,107_2030_3,564812.7,1002144.1,32648
107,A,2030,9,9,107_2030_4,564967.8,1005314.2,32648
107,A,2030,9,9,107_2030_5,560857.5,1002337.5,32648
107,A,2030,9,9,107_2030_6,561444.4,1000719.9,32648
107,A,2030,9,9,107_2030_7,567687.4,1006770.1,32648
107,A,2030,9,9,107_2030_8,568923.1,1005120.8,32648
107,A,2035,10,10,107_2035_0,563577.1,1003793.4,32648
107,A,2035,10,10,107_2035_1,562835.1,1002240.8,32648
107,A,2035,10,10,107_2035_2,561599.5,1003890.1,32648
107,A,2035,10,10,107_2035_3,565554.8,1003696.6,32648
107,A,2035,10,10,107_2035_4,564812.7,1002144.1,32648
107,A,2035,10,10,107_2035_5,560857.5,1002337.5,32648
107,A,2035,10,10,107_2035_6,566945.4,1005217.5,32648
107,A,2035,10,10,107_2035_7,561444.4,1000719.9,32648
107,A,2035,10,10,107_2035_8,567687.4,1006770.1,32648
107,A,2035,10,10,107_2035_9,568923.1,1005120.8,32648
107,A,2040,14,14,107_2040_0,563577.1,1003793.4,32648
107,A,2040,14,14,107_2040_1,563057.7,1002706.6,32648
107,A,2040,14,14,107_2040_2,564961.5,1003725.7,32648
107,A,2040,14,14,107_2040_3,564442.1,1002638.9,32648
107,A,2040,14,14,107_2040_4,561673.4,1002774.3,32648
107,A,2040,14,14,107_2040_5,563468.6,1001574.3,32648
107,A,2040,14,14,107_2040_6,565070.0,1005944.8,32648
107,A,2040,14,14,107_2040_7,560808.4,1003928.8,32648
107,A,2040,14,14,107_2040_8,560289.0,1002842.0,32648
107,A,2040,14,14,107_2040_9,560699.9,1001709.7,32648
107,A,2040,14,14,107_2040_10,561564.8,1000555.2,32648
107,A,2040,14,14,107_2040_11,567838.7,1005809.4,32648
107,A,2040,14,14,107_2040_12,569223.0,1005741.7,32648
107,A,2040,14,14,107_2040_13,569331.6,1007960.8,32648
4,E,2030,7,7,4_2030_0,559863.7,2355029.3,32649
4,E,2030,7,7,4_2030_1,559375.8,2351186.1,32649
4,E,2030,7,7,4_2030_2,565634.4,2357420.8,32649
4,E,2030,7,7,4_2030_3,552653.3,2353601.6,32649
4,E,2030,7,7,4_2030_4,556996.4,2363203.5,32649
4,E,2030,7,7,4_2030_5,550725.8,2350722.2,32649
4,E,2030,7,7,4_2030_6,548822.2,2360336.1,32649
4,E,2035,7,7,4_2035_0,559863.7,2355029.3,32649
4,E,2035,7,7,4_2035_1,559375.8,2351186.1,32649
4,E,2035,7,7,4_2035_2,565634.4,2357420.8,32649
4,E,2035,7,7,4_2035_3,552653.3,2353601.6,32649
4,E,2035,7,7,4_2035_4,556996.4,2363203.5,32649
4,E,2035,7,7,4_2035_5,550725.8,2350722.2,32649
4,E,2035,7,7,4_2035_6,548822.2,2360336.1,32649
4,E,2040,10,10,4_2040_0,559863.7,2355029.3,32649
4,E,2040,10,10,4_2040_1,557948.2,2358396.5,32649
4,E,2040,10,10,4_2040_2,562755.1,2359348.3,32649
4,E,2040,10,10,4_2040_3,557472.3,2360800.0,32649
4,E,2040,10,10,4_2040_4,555068.8,2360324.1,32649
4,E,2040,10,10,4_2040_5,552177.4,2356005.1,32649
4,E,2040,10,10,4_2040_6,556484.5,2346867.1,32649
4,E,2040,10,10,4_2040_7,550249.9,2353125.7,32649
4,E,2040,10,10,4_2040_8,551201.7,2348318.8,32649
4,E,2040,10,10,4_2040_9,548322.3,2350246.3,32649
14,A,2030,28,28,14_2030_0,533279.8,4366067.5,32651
14,A,2030,28,28,14_2030_1,531530.0,4366404.5,32651
14,A,2030,28,28,14_2030_2,534692.7,4363980.7,32651
14,A,2030,28,28,14_2030_3,533953.7,4369567.2,32651
14,A,2030,28,28,14_2030_4,534355.7,4362230.8,32651
14,A,2030,28,28,14_2030_5,537116.5,4367143.4,32651
14,A,2030,28,28,14_2030_6,529106.2,4363241.8,32651
14,A,2030,28,28,14_2030_7,538529.4,4365056.6,32651
14,A,2030,28,28,14_2030_8,528367.2,4368828.3,32651
14,A,2030,28,28,14_2030_9,530519.1,4361154.9,32651
14,A,2030,28,28,14_2030_10,537855.4,4361556.9,32651
14,A,2030,28,28,14_2030_11,531931.9,4359068.1,32651
14,A,2030,28,28,14_2030_12,536377.5,4372730.0,32651
14,A,2030,28,28,14_2030_13,526617.4,4369165.2,32651
14,A,2030,28,28,14_2030_14,527019.4,4361828.9,32651
14,A,2030,28,28,14_2030_15,531128.0,4373740.9,32651
14,A,2030,28,28,14_2030_16,526682.4,4360079.0,32651
14,A,2030,28,28,14_2030_17,542029.1,4364382.7,32651
14,A,2030,28,28,14_2030_18,529845.1,4357655.2,32651
14,A,2030,28,28,14_2030_19,538464.4,4374142.8,32651
14,A,2030,28,28,14_2030_20,540214.2,4373805.9,32651
14,A,2030,28,28,14_2030_21,533551.8,4376903.6,32651
14,A,2030,28,28,14_2030_22,531801.9,4377240.6,32651
14,A,2030,28,28,14_2030_23,540551.2,4375555.7,32651
14,A,2030,28,28,14_2030_24,537388.4,4377979.5,32651
14,A,2030,28,28,14_2030_25,530389.0,4379327.4,32651
14,A,2030,28,28,14_2030_26,528639.2,4379664.3,32651
14,A,2030,28,28,14_2030_27,528976.2,4381414.2,32651
14,A,2035,36,36,14_2035_0,533279.8,4366067.5,32651
14,A,2035,36,36,14_2035_1,535029.7,4365730.5,32651
14,A,2035,36,36,14_2035_2,531193.0,4364654.6,32651
14,A,2035,36,36,14_2035_3,536779.5,4365393.6,32651
14,A,2035,36,36,14_2035_4,533953.7,4369567.2,32651
14,A,2035,36,36,14_2035_5,532203.9,4369904.2,32651
14,A,2035,36,36,14_2035_6,529443.1,4364991.6,32651
14,A,2035,36,36,14_2035_7,530454.0,4370241.2,32651
14,A,2035,36,36,14_2035_8,532268.9,4360818.0,32651
14,A,2035,36,36,14_2035_9,538529.4,4365056.6,32651
14,A,2035,36,36,14_2035_10,538192.4,4363306.8,32651
14,A,2035,36,36,14_2035_11,536040.6,4370980.1,32651
14,A,2035,36,36,14_2035_12,537790.4,4370643.1,32651
14,A,2035,36,36,14_2035_13,537855.4,4361556.9,32651
14,A,2035,36,36,14_2035_14,535768.6,4360144.0,32651
14,A,2035,36,36,14_2035_15,540279.2,4364719.6,32651
14,A,2035,36,36,14_2035_16,540616.2,4366469.5,32651
14,A,2035,36,36,14_2035_17,539942.2,4362969.8,32651
14,A,2035,36,36,14_2035_18,527019.4,4361828.9,32651
14,A,2035,36,36,14_2035_19,540953.1,4368219.3,32651
14,A,2035,36,36,14_2035_20,538127.4,4372393.0,32651
14,A,2035,36,36,14_2035_21,529378.1,4374077.8,32651
14,A,2035,36,36,14_2035_22,541290.1,4369969.2,32651
14,A,2035,36,36,14_2035_23,529845.1,4357655.2,32651
14,A,2035,36,36,14_2035_24,531465.0,4375490.7,32651
14,A,2035,36,36,14_2035_25,528095.3,4357992.2,32651
14,A,2035,36,36,14_2035_26,526345.4,4358329.2,32651
14,A,2035,36,36,14_2035_27,533551.8,4376903.6,32651
14,A,2035,36,36,14_2035_28,527758.3,4356242.4,32651
14,A,2035,36,36,14_2035_29,525878.4,4374751.8,32651
14,A,2035,36,36,14_2035_30,530052.1,4377577.5,32651
14,A,2035,36,36,14_2035_31,533888.7,4378653.4,32651
14,A,2035,36,36,14_2035_32,530389.0,4379327.4,32651
14,A,2035,36,36,14_2035_33,534225.7,4380403.3,32651
14,A,2035,36,36,14_2035_34,530726.0,4381077.2,32651
14,A,2035,36,36,14_2035_35,534562.7,4382153.1,32651
14,A,2040,48,48,14_2040_0,533279.8,4366067.5,32651
14,A,2040,48,48,14_2040_1,532942.8,4364317.7,32651
14,A,2040,48,48,14_2040_2,531530.0,4366404.5,32651
14,A,2040,48,48,14_2040_3,531866.9,4368154.3,32651
14,A,2040,48,48,14_2040_4,536779.5,4365393.6,32651
14,A,2040,48,48,14_2040_5,532605.9,4362567.8,32651
14,A,2040,48,48,14_2040_6,535703.6,4369230.2,32651
14,A,2040,48,48,14_2040_7,534355.7,4362230.8,32651
14,A,2040,48,48,14_2040_8,529443.1,4364991.6,32651
14,A,2040,48,48,14_2040_9,536105.6,4361893.9,32651
14,A,2040,48,48,14_2040_10,537453.4,4368893.3,32651
14,A,2040,48,48,14_2040_11,534290.7,4371317.1,32651
14,A,2040,48,48,14_2040_12,538529.4,4365056.6,32651
14,A,2040,48,48,14_2040_13,538192.4,4363306.8,32651
14,A,2040,48,48,14_2040_14,538866.3,4366806.5,32651
14,A,2040,48,48,14_2040_15,536040.6,4370980.1,32651
14,A,2040,48,48,14_2040_16,537790.4,4370643.1,32651
14,A,2040,48,48,14_2040_17,539203.3,4368556.3,32651
14,A,2040,48,48,14_2040_18,530791.0,4371991.0,32651
14,A,2040,48,48,14_2040_19,531931.9,4359068.1,32651
14,A,2040,48,48,14_2040_20,540279.2,4364719.6,32651
14,A,2040,48,48,14_2040_21,530182.1,4359405.1,32651
14,A,2040,48,48,14_2040_22,525943.4,4365665.5,32651
14,A,2040,48,48,14_2040_23,532877.8,4373403.9,32651
14,A,2040,48,48,14_2040_24,527019.4,4361828.9,32651
14,A,2040,48,48,14_2040_25,529041.2,4372328.0,32651
14,A,2040,48,48,14_2040_26,526954.3,4370915.1,32651
14,A,2040,48,48,14_2040_27,528432.2,4359742.1,32651
14,A,2040,48,48,14_2040_28,529378.1,4374077.8,32651
14,A,2040,48,48,14_2040_29,542029.1,4364382.7,32651
14,A,2040,48,48,14_2040_30,534964.7,4374816.8,32651
14,A,2040,48,48,14_2040_31,533214.8,4375153.7,32651
14,A,2040,48,48,14_2040_32,531465.0,4375490.7,32651
14,A,2040,48,48,14_2040_33,528095.3,4357992.2,32651
14,A,2040,48,48,14_2040_34,527628.3,4374414.8,32651
14,A,2040,48,48,14_2040_35,526345.4,4358329.2,32651
14,A,2040,48,48,14_2040_36,533551.8,4376903.6,32651
14,A,2040,48,48,14_2040_37,538801.3,4375892.7,32651
14,A,2040,48,48,14_2040_38,541964.1,4373468.9,32651
14,A,2040,48,48,14_2040_39,527965.2,4376164.6,32651
14,A,2040,48,48,14_2040_40,530052.1,4377577.5,32651
14,A,2040,48,48,14_2040_41,537388.4,4377979.5,32651
14,A,2040,48,48,14_2040_42,528302.2,4377914.5,32651
14,A,2040,48,48,14_2040_43,526552.4,4378251.5,32651
14,A,2040,48,48,14_2040_44,534225.7,4380403.3,32651
14,A,2040,48,48,14_2040_45,532475.9,4380740.3,32651
14,A,2040,48,48,14_2040_46,528976.2,4381414.2,32651
14,A,2040,48,48,14_2040_47,532812.8,4382490.1,32651
129,A,2030,21,21,129_2030_0,420621.6,6066320.0,32631
129,A,2030,21,21,129_2030_1,422302.3,6066959.8,32631
129,A,2030,21,21,129_2030_2,418284.5,6066148.4,32631
129,A,2030,21,21,129_2030_3,418342.3,6067945.8,32631
129,A,2030,21,21,129_2030_4,422360.1,6068757.2,32631
129,A,2030,21,21,129_2030_5,424581.6,6065334.0,32631
129,A,2030,21,21,129_2030_6,424639.4,6067131.4,32631
129,A,2030,21,21,129_2030_7,420080.8,6070383.1,32631
129,A,2030,21,21,129_2030_8,421761.5,6071022.9,32631
129,A,2030,21,21,129_2030_9,416005.2,6067774.2,32631
129,A,2030,21,21,129_2030_10,416063.0,6069571.6,32631
129,A,2030,21,21,129_2030_11,426320.1,6067771.3,32631
129,A,2030,21,21,129_2030_12,426918.7,6065505.6,32631
129,A,2030,21,21,129_2030_13,417801.5,6072008.9,32631
129,A,2030,21,21,129_2030_14,415464.4,6071837.2,32631
129,A,2030,21,21,129_2030_15,428599.4,6066145.5,32631
129,A,2030,21,21,129_2030_16,427459.5,6061442.6,32631
129,A,2030,21,21,129_2030_17,429198.0,6063879.8,32631
129,A,2030,21,21,129_2030_18,430878.7,6064519.7,32631
129,A,2030,21,21,129_2030_19,431477.3,6062254.0,32631
129,A,2030,21,21,129_2030_20,433756.6,6060628.2,32631
129,A,2035,27,27,129_2035_0,420621.6,6066320.0,32631
129,A,2035,27,27,129_2035_1,422302.3,6066959.8,32631
129,A,2035,27,27,129_2035_2,420563.8,6064522.6,32631
129,A,2035,27,27,129_2035_3,420023.0,6068585.6,32631
129,A,2035,27,27,129_2035_4,418342.3,6067945.8,32631
129,A,2035,27,27,129_2035_5,422900.9,6064694.2,32631
129,A,2035,27,27,129_2035_6,424581.6,6065334.0,32631
129,A,2035,27,27,129_2035_7,422843.1,6062896.8,32631
129,A,2035,27,27,129_2035_8,424639.4,6067131.4,32631
129,A,2035,27,27,129_2035_9,420080.8,6070383.1,32631
129,A,2035,27,27,129_2035_10,424040.8,6069397.1,32631
129,A,2035,27,27,129_2035_11,416005.2,6067774.2,32631
129,A,2035,27,27,129_2035_12,417743.7,6070211.4,32631
129,A,2035,27,27,129_2035_13,416063.0,6069571.6,32631
129,A,2035,27,27,129_2035_14,426320.1,6067771.3,32631
129,A,2035,27,27,129_2035_15,414324.6,6067134.3,32631
129,A,2035,27,27,129_2035_16,426918.7,6065505.6,32631
129,A,2035,27,27,129_2035_17,426860.9,6063708.2,32631
129,A,2035,27,27,129_2035_18,415464.4,6071837.2,32631
129,A,2035,27,27,129_2035_19,428599.4,6066145.5,32631
129,A,2035,27,27,129_2035_20,413783.7,6071197.4,32631
129,A,2035,27,27,129_2035_21,427459.5,6061442.6,32631
129,A,2035,27,27,129_2035_22,429140.2,6062082.4,32631
129,A,2035,27,27,129_2035_23,430878.7,6064519.7,32631
129,A,2035,27,27,129_2035_24,429738.8,6059816.8,32631
129,A,2035,27,27,129_2035_25,431419.5,6060456.6,32631
129,A,2035,27,27,129_2035_26,433756.6,6060628.2,32631
129,A,2040,36,36,129_2040_0,420621.6,6066320.0,32631
129,A,2040,36,36,129_2040_1,422302.3,6066959.8,32631
129,A,2040,36,36,129_2040_2,420563.8,6064522.6,32631
129,A,2040,36,36,129_2040_3,418284.5,6066148.4,32631
129,A,2040,36,36,129_2040_4,420023.0,6068585.6,32631
129,A,2040,36,36,129_2040_5,418342.3,6067945.8,32631
129,A,2040,36,36,129_2040_6,422900.9,6064694.2,32631
129,A,2040,36,36,129_2040_7,422360.1,6068757.2,32631
129,A,2040,36,36,129_2040_8,424581.6,6065334.0,32631
129,A,2040,36,36,129_2040_9,422843.1,6062896.8,32631
129,A,2040,36,36,129_2040_10,424639.4,6067131.4,32631
129,A,2040,36,36,129_2040_11,416603.9,6065508.5,32631
129,A,2040,36,36,129_2040_12,420080.8,6070383.1,32631
129,A,2040,36,36,129_2040_13,424040.8,6069397.1,32631
129,A,2040,36,36,129_2040_14,421761.5,6071022.9,32631
129,A,2040,36,36,129_2040_15,416005.2,6067774.2,32631
129,A,2040,36,36,129_2040_16,417743.7,6070211.4,32631
129,A,2040,36,36,129_2040_17,416063.0,6069571.6,32631
129,A,2040,36,36,129_2040_18,425180.2,6063068.4,32631
129,A,2040,36,36,129_2040_19,426320.1,6067771.3,32631
129,A,2040,36,36,129_2040_20,414324.6,6067134.3,32631
129,A,2040,36,36,129_2040_21,426918.7,6065505.6,32631
129,A,2040,36,36,129_2040_22,417801.5,6072008.9,32631
129,A,2040,36,36,129_2040_23,426860.9,6063708.2,32631
129,A,2040,36,36,129_2040_24,415464.4,6071837.2,32631
129,A,2040,36,36,129_2040_25,413725.9,6069400.0,32631
129,A,2040,36,36,129_2040_26,428599.4,6066145.5,32631
129,A,2040,36,36,129_2040_27,413783.7,6071197.4,32631
129,A,2040,36,36,129_2040_28,427459.5,6061442.6,32631
129,A,2040,36,36,129_2040_29,429198.0,6063879.8,32631
129,A,2040,36,36,129_2040_30,429140.2,6062082.4,32631
129,A,2040,36,36,129_2040_31,430878.7,6064519.7,32631
129,A,2040,36,36,129_2040_32,429738.8,6059816.8,32631
129,A,2040,36,36,129_2040_33,431477.3,6062254.0,32631
129,A,2040,36,36,129_2040_34,431419.5,6060456.6,32631
129,A,2040,36,36,129_2040_35,433756.6,6060628.2,32631
112,B,2030,32,32,112_2030_0,672954.0,1063322.0,32648
112,B,2030,32,32,112_2030_1,672692.3,1062627.1,32648
112,B,2030,32,32,112_2030_2,673215.8,1064016.8,32648
112,B,2030,32,32,112_2030_3,672259.2,1063583.7,32648
112,B,2030,32,32,112_2030_4,673648.9,1063060.3,32648
112,B,2030,32,32,112_2030_5,673910.6,1063755.1,32648
112,B,2030,32,32,112_2030_6,671997.5,1062888.8,32648
112,B,2030,32,32,112_2030_7,673387.2,1062365.4,32648
112,B,2030,32,32,112_2030_8,673477.5,1064711.7,32648
112,B,2030,32,32,112_2030_9,672430.6,1061932.3,32648
112,B,2030,32,32,112_2030_10,673125.5,1061670.6,32648
112,B,2030,32,32,112_2030_11,672782.6,1064973.4,32648
112,B,2030,32,32,112_2030_12,671735.8,1062194.0,32648
112,B,2030,32,32,112_2030_13,674172.3,1064450.0,32648
112,B,2030,32,32,112_2030_14,672168.9,1061237.4,32648
112,B,2030,32,32,112_2030_15,673739.2,1065406.5,32648
112,B,2030,32,32,112_2030_16,673044.3,1065668.2,32648
112,B,2030,32,32,112_2030_17,671474.1,1061499.1,32648
112,B,2030,32,32,112_2030_18,674434.0,1065144.8,32648
112,B,2030,32,32,112_2030_19,674000.9,1066101.4,32648
112,B,2030,32,32,112_2030_20,671907.2,1060542.6,32648
112,B,2030,32,32,112_2030_21,674695.7,1065839.7,32648
112,B,2030,32,32,112_2030_22,673306.0,1066363.1,32648
112,B,2030,32,32,112_2030_23,672602.0,1060280.9,32648
112,B,2030,32,32,112_2030_24,674262.6,1066796.2,32648
112,B,2030,32,32,112_2030_25,673567.8,1067057.9,32648
112,B,2030,32,32,112_2030_26,674957.4,1066534.5,32648
112,B,2030,32,32,112_2030_27,674524.3,1067491.1,32648
112,B,2030,32,32,112_2030_28,673829.5,1067752.8,32648
112,B,2030,32,32,112_2030_29,675219.2,1067229.4,32648
112,B,2030,32,32,112_2030_30,674786.0,1068185.9,32648
112,B,2030,32,32,112_2030_31,674091.2,1068447.6,32648
112,B,2035,40,36,112_2035_0,671645.5,1059847.7,32648
112,B,2035,40,36,112_2035_1,672602.0,1060280.9,32648
112,B,2035,40,36,112_2035_2,671907.2,1060542.6,32648
112,B,2035,40,36,112_2035_3,672863.8,1060975.7,32648
112,B,2035,40,36,112_2035_4,672168.9,1061237.4,32648
112,B,2035,40,36,112_2035_5,671474.1,1061499.1,32648
112,B,2035,40,36,112_2035_6,673125.5,1061670.6,32648
112,B,2035,40,36,112_2035_7,672430.6,1061932.3,32648
112,B,2035,40,36,112_2035_8,671735.8,1062194.0,32648
112,B,2035,40,36,112_2035_9,673387.2,1062365.4,32648
112,B,2035,40,36,112_2035_10,672692.3,1062627.1,32648
112,B,2035,40,36,112_2035_11,671997.5,1062888.8,32648
112,B,2035,40,36,112_2035_12,673648.9,1063060.3,32648
112,B,2035,40,36,112_2035_13,672954.0,1063322.0,32648
112,B,2035,40,36,112_2035_14,672259.2,1063583.7,32648
112,B,2035,40,36,112_2035_15,673910.6,1063755.1,32648
112,B,2035,40,36,112_2035_16,673215.8,1064016.8,32648
112,B,2035,40,36,112_2035_17,672520.9,1064278.5,32648
112,B,2035,40,36,112_2035_18,674172.3,1064450.0,32648
112,B,2035,40,36,112_2035_19,673477.5,1064711.7,32648
112,B,2035,40,36,112_2035_20,672782.6,1064973.4,32648
112,B,2035,40,36,112_2035_21,674434.0,1065144.8,32648
112,B,2035,40,36,112_2035_22,673739.2,1065406.5,32648
112,B,2035,40,36,112_2035_23,673044.3,1065668.2,32648
112,B,2035,40,36,112_2035_24,674695.7,1065839.7,32648
112,B,2035,40,36,112_2035_25,674000.9,1066101.4,32648
112,B,2035,40,36,112_2035_26,673306.0,1066363.1,32648
112,B,2035,40,36,112_2035_27,674957.4,1066534.5,32648
112,B,2035,40,36,112_2035_28,674262.6,1066796.2,32648
112,B,2035,40,36,112_2035_29,673567.8,1067057.9,32648
112,B,2035,40,36,112_2035_30,675219.2,1067229.4,32648
112,B,2035,40,36,112_2035_31,674524.3,1067491.1,32648
112,B,2035,40,36,112_2035_32,673829.5,1067752.8,32648
112,B,2035,40,36,112_2035_33,674786.0,1068185.9,32648
112,B,2035,40,36,112_2035_34,674091.2,1068447.6,32648
112,B,2035,40,36,112_2035_35,674352.9,1069142.5,32648
112,B,2040,54,36,112_2040_0,671645.5,1059847.7,32648
112,B,2040,54,36,112_2040_1,672602.0,1060280.9,32648
112,B,2040,54,36,112_2040_2,671907.2,1060542.6,32648
112,B,2040,54,36,112_2040_3,672863.8,1060975.7,32648
112,B,2040,54,36,112_2040_4,672168.9,1061237.4,32648
112,B,2040,54,36,112_2040_5,671474.1,1061499.1,32648
112,B,2040,54,36,112_2040_6,673125.5,1061670.6,32648
112,B,2040,54,36,112_2040_7,672430.6,1061932.3,32648
112,B,2040,54,36,112_2040_8,671735.8,1062194.0,32648
112,B,2040,54,36,112_2040_9,673387.2,1062365.4,32648
112,B,2040,54,36,112_2040_10,672692.3,1062627.1,32648
112,B,2040,54,36,112_2040_11,671997.5,1062888.8,32648
112,B,2040,54,36,112_2040_12,673648.9,1063060.3,32648
112,B,2040,54,36,112_2040_13,672954.0,1063322.0,32648
112,B,2040,54,36,112_2040_14,672259.2,1063583.7,32648
112,B,2040,54,36,112_2040_15,673910.6,1063755.1,32648
112,B,2040,54,36,112_2040_16,673215.8,1064016.8,32648
112,B,2040,54,36,112_2040_17,672520.9,1064278.5,32648
112,B,2040,54,36,112_2040_18,674172.3,1064450.0,32648
112,B,2040,54,36,112_2040_19,673477.5,1064711.7,32648
112,B,2040,54,36,112_2040_20,672782.6,1064973.4,32648
112,B,2040,54,36,112_2040_21,674434.0,1065144.8,32648
112,B,2040,54,36,112_2040_22,673739.2,1065406.5,32648
112,B,2040,54,36,112_2040_23,673044.3,1065668.2,32648
112,B,2040,54,36,112_2040_24,674695.7,1065839.7,32648
112,B,2040,54,36,112_2040_25,674000.9,1066101.4,32648
112,B,2040,54,36,112_2040_26,673306.0,1066363.1,32648
112,B,2040,54,36,112_2040_27,674957.4,1066534.5,32648
112,B,2040,54,36,112_2040_28,674262.6,1066796.2,32648
112,B,2040,54,36,112_2040_29,673567.8,1067057.9,32648
112,B,2040,54,36,112_2040_30,675219.2,1067229.4,32648
112,B,2040,54,36,112_2040_31,674524.3,1067491.1,32648
112,B,2040,54,36,112_2040_32,673829.5,1067752.8,32648
112,B,2040,54,36,112_2040_33,674786.0,1068185.9,32648
112,B,2040,54,36,112_2040_34,674091.2,1068447.6,32648
112,B,2040,54,36,112_2040_35,674352.9,1069142.5,32648
91,C,2030,19,19,91_2030_0,746327.6,2421574.0,32649
91,C,2030,19,19,91_2030_1,747719.2,2421189.8,32649
91,C,2030,19,19,91_2030_2,746792.6,2421449.4,32649
91,C,2030,19,19,91_2030_3,747256.6,2421314.8,32649
91,C,2030,19,19,91_2030_4,748648.8,2420922.0,32649
91,C,2030,19,19,91_2030_5,749510.2,2422711.4,32649
91,C,2030,19,19,91_2030_6,748111.7,2423112.7,32649
91,C,2030,19,19,91_2030_7,753413.8,2426061.9,32649
91,C,2030,19,19,91_2030_8,753880.1,2425920.6,32649
91,C,2030,19,19,91_2030_9,748567.7,2422974.7,32649
91,C,2030,19,19,91_2030_10,748188.0,2421051.4,32649
91,C,2030,19,19,91_2030_11,752974.8,2423841.8,32649
91,C,2030,19,19,91_2030_12,749032.0,2422841.5,32649
91,C,2030,19,19,91_2030_13,749722.3,2424769.6,32649
91,C,2030,19,19,91_2030_14,752019.0,2426458.6,32649
91,C,2030,19,19,91_2030_15,750188.2,2424631.7,32649
91,C,2030,19,19,91_2030_16,754363.9,2423446.7,32649
91,C,2030,19,19,91_2030_17,751587.9,2424251.8,32649
91,C,2030,19,19,91_2030_18,752498.2,2426328.8,32649
91,C,2035,24,24,91_2035_0,746327.6,2421574.0,32649
91,C,2035,24,24,91_2035_1,747719.2,2421189.8,32649
91,C,2035,24,24,91_2035_2,746792.6,2421449.4,32649
91,C,2035,24,24,91_2035_3,747256.6,2421314.8,32649
91,C,2035,24,24,91_2035_4,748648.8,2420922.0,32649
91,C,2035,24,24,91_2035_5,749510.2,2422711.4,32649
91,C,2035,24,24,91_2035_6,748111.7,2423112.7,32649
91,C,2035,24,24,91_2035_7,753413.8,2426061.9,32649
91,C,2035,24,24,91_2035_8,753880.1,2425920.6,32649
91,C,2035,24,24,91_2035_9,748567.7,2422974.7,32649
91,C,2035,24,24,91_2035_10,748188.0,2421051.4,32649
91,C,2035,24,24,91_2035_11,752974.8,2423841.8,32649
91,C,2035,24,24,91_2035_12,749032.0,2422841.5,32649
91,C,2035,24,24,91_2035_13,749722.3,2424769.6,32649
91,C,2035,24,24,91_2035_14,752019.0,2426458.6,32649
91,C,2035,24,24,91_2035_15,750188.2,2424631.7,32649
91,C,2035,24,24,91_2035_16,754363.9,2423446.7,32649
91,C,2035,24,24,91_2035_17,751587.9,2424251.8,32649
91,C,2035,24,24,91_2035_18,752498.2,2426328.8,32649
91,C,2035,24,24,91_2035_19,753670.3,2421513.7,32649
91,C,2035,24,24,91_2035_20,752042.9,2424112.1,32649
91,C,2035,24,24,91_2035_21,752956.3,2426193.0,32649
91,C,2035,24,24,91_2035_22,751122.7,2424373.3,32649
91,C,2035,24,24,91_2035_23,750643.9,2424499.3,32649
91,C,2040,32,32,91_2040_0,746327.6,2421574.0,32649
91,C,2040,32,32,91_2040_1,747719.2,2421189.8,32649
91,C,2040,32,32,91_2040_2,746792.6,2421449.4,32649
91,C,2040,32,32,91_2040_3,747256.6,2421314.8,32649
91,C,2040,32,32,91_2040_4,748648.8,2420922.0,32649
91,C,2040,32,32,91_2040_5,749510.2,2422711.4,32649
91,C,2040,32,32,91_2040_6,748111.7,2423112.7,32649
91,C,2040,32,32,91_2040_7,753413.8,2426061.9,32649
91,C,2040,32,32,91_2040_8,753880.1,2425920.6,32649
91,C,2040,32,32,91_2040_9,748567.7,2422974.7,32649
91,C,2040,32,32,91_2040_10,748188.0,2421051.4,32649
91,C,2040,32,32,91_2040_11,752974.8,2423841.8,32649
91,C,2040,32,32,91_2040_12,749032.0,2422841.5,32649
91,C,2040,32,32,91_2040_13,749722.3,2424769.6,32649
91,C,2040,32,32,91_2040_14,752019.0,2426458.6,32649
91,C,2040,32,32,91_2040_15,750188.2,2424631.7,32649
91,C,2040,32,32,91_2040_16,754363.9,2423446.7,32649
91,C,2040,32,32,91_2040_17,751587.9,2424251.8,32649
91,C,2040,32,32,91_2040_18,752498.2,2426328.8,32649
91,C,2040,32,32,91_2040_19,753670.3,2421513.7,32649
91,C,2040,32,32,91_2040_20,752042.9,2424112.1,32649
91,C,2040,32,32,91_2040_21,752956.3,2426193.0,32649
91,C,2040,32,32,91_2040_22,751122.7,2424373.3,32649
91,C,2040,32,32,91_2040_23,750643.9,2424499.3,32649
91,C,2040,32,32,91_2040_24,754623.8,2427693.4,32649
91,C,2040,32,32,91_2040_25,755559.8,2427429.5,32649
91,C,2040,32,32,91_2040_26,756954.6,2427031.6,32649
91,C,2040,32,32,91_2040_27,756491.4,2427149.9,32649
91,C,2040,32,32,91_2040_28,756199.4,2425280.2,32649
91,C,2040,32,32,91_2040_29,756024.4,2427281.0,32649
91,C,2040,32,32,91_2040_30,754817.3,2425662.9,32649
91,C,2040,32,32,91_2040_31,755280.4,2425532.4,32649
83,C,2030,21,21,83_2030_0,454024.7,6068555.1,32630
83,C,2030,21,21,83_2030_1,454427.7,6068376.3,32630
83,C,2030,21,21,83_2030_2,453897.8,6067113.3,32630
83,C,2030,21,21,83_2030_3,454152.2,6066520.0,32630
83,C,2030,21,21,83_2030_4,454675.1,6067763.9,32630
83,C,2030,21,21,83_2030_5,454582.1,6066338.4,32630
83,C,2030,21,21,83_2030_6,453728.2,6066696.1,32630
83,C,2030,21,21,83_2030_7,453974.1,6066067.6,32630
83,C,2030,21,21,83_2030_8,453570.5,6068759.6,32630
83,C,2030,21,21,83_2030_9,453758.5,6069177.9,32630
83,C,2030,21,21,83_2030_10,453306.0,6066859.0,32630
83,C,2030,21,21,83_2030_11,454766.5,6069209.0,32630
83,C,2030,21,21,83_2030_12,454074.9,6067529.7,32630
83,C,2030,21,21,83_2030_13,453142.9,6068953.3,32630
83,C,2030,21,21,83_2030_14,454246.5,6067944.6,32630
83,C,2030,21,21,83_2030_15,454511.3,6067336.8,32630
83,C,2030,21,21,83_2030_16,453839.1,6068121.1,32630
83,C,2030,21,21,83_2030_17,453665.6,6067709.2,32630
83,C,2030,21,21,83_2030_18,454596.4,6068804.8,32630
83,C,2030,21,21,83_2030_19,453494.7,6067289.8,32630
83,C,2030,21,21,83_2030_20,453405.1,6068315.9,32630
83,C,2035,27,27,83_2035_0,454024.7,6068555.1,32630
83,C,2035,27,27,83_2035_1,454427.7,6068376.3,32630
83,C,2035,27,27,83_2035_2,453897.8,6067113.3,32630
83,C,2035,27,27,83_2035_3,454152.2,6066520.0,32630
83,C,2035,27,27,83_2035_4,454675.1,6067763.9,32630
83,C,2035,27,27,83_2035_5,454582.1,6066338.4,32630
83,C,2035,27,27,83_2035_6,453728.2,6066696.1,32630
83,C,2035,27,27,83_2035_7,453974.1,6066067.6,32630
83,C,2035,27,27,83_2035_8,453570.5,6068759.6,32630
83,C,2035,27,27,83_2035_9,453758.5,6069177.9,32630
83,C,2035,27,27,83_2035_10,453306.0,6066859.0,32630
83,C,2035,27,27,83_2035_11,454766.5,6069209.0,32630
83,C,2035,27,27,83_2035_12,454074.9,6067529.7,32630
83,C,2035,27,27,83_2035_13,453142.9,6068953.3,32630
83,C,2035,27,27,83_2035_14,454246.5,6067944.6,32630
83,C,2035,27,27,83_2035_15,454511.3,6067336.8,32630
83,C,2035,27,27,83_2035_16,453839.1,6068121.1,32630
83,C,2035,27,27,83_2035_17,453665.6,6067709.2,32630
83,C,2035,27,27,83_2035_18,454596.4,6068804.8,32630
83,C,2035,27,27,83_2035_19,453494.7,6067289.8,32630
83,C,2035,27,27,83_2035_20,453405.1,6068315.9,32630
83,C,2035,27,27,83_2035_21,454200.1,6068989.8,32630
83,C,2035,27,27,83_2035_22,453243.4,6067895.2,32630
83,C,2035,27,27,83_2035_23,454857.2,6068190.2,32630
83,C,2035,27,27,83_2035_24,454747.4,6066751.0,32630
83,C,2035,27,27,83_2035_25,454916.8,6067155.4,32630
83,C,2035,27,27,83_2035_26,454335.4,6066931.3,32630
83,C,2040,36,36,83_2040_0,454024.7,6068555.1,32630
83,C,2040,36,36,83_2040_1,454427.7,6068376.3,32630
83,C,2040,36,36,83_2040_2,453897.8,6067113.3,32630
83,C,2040,36,36,83_2040_3,454152.2,6066520.0,32630
83,C,2040,36,36,83_2040_4,454675.1,6067763.9,32630
83,C,2040,36,36,83_2040_5,454582.1,6066338.4,32630
83,C,2040,36,36,83_2040_6,453728.2,6066696.1,32630
83,C,2040,36,36,83_2040_7,453974.1,6066067.6,32630
83,C,2040,36,36,83_2040_8,453570.5,6068759.6,32630
83,C,2040,36,36,83_2040_9,453758.5,6069177.9,32630
83,C,2040,36,36,83_2040_10,453306.0,6066859.0,32630
83,C,2040,36,36,83_2040_11,454766.5,6069209.0,32630
83,C,2040,36,36,83_2040_12,454074.9,6067529.7,32630
83,C,2040,36,36,83_2040_13,453142.9,6068953.3,32630
83,C,2040,36,36,83_2040_14,454246.5,6067944.6,32630
83,C,2040,36,36,83_2040_15,454511.3,6067336.8,32630
83,C,2040,36,36,83_2040_16,453839.1,6068121.1,32630
83,C,2040,36,36,83_2040_17,453665.6,6067709.2,32630
83,C,2040,36,36,83_2040_18,454596.4,6068804.8,32630
83,C,2040,36,36,83_2040_19,453494.7,6067289.8,32630
83,C,2040,36,36,83_2040_20,453405.1,6068315.9,32630
83,C,2040,36,36,83_2040_21,454200.1,6068989.8,32630
83,C,2040,36,36,83_2040_22,453243.4,6067895.2,32630
83,C,2040,36,36,83_2040_23,454857.2,6068190.2,32630
83,C,2040,36,36,83_2040_24,454747.4,6066751.0,32630
83,C,2040,36,36,83_2040_25,454916.8,6067155.4,32630
83,C,2040,36,36,83_2040_26,454335.4,6066931.3,32630
83,C,2040,36,36,83_2040_27,455206.9,6069009.9,32630
83,C,2040,36,36,83_2040_28,455611.5,6068844.1,32630
83,C,2040,36,36,83_2040_29,455429.4,6068426.9,32630
83,C,2040,36,36,83_2040_30,455016.8,6066173.8,32630
83,C,2040,36,36,83_2040_31,455253.4,6068013.9,32630
83,C,2040,36,36,83_2040_32,455037.4,6068604.1,32630
83,C,2040,36,36,83_2040_33,455389.7,6069456.3,32630
83,C,2040,36,36,83_2040_34,455684.4,6067819.9,32630
83,C,2040,36,36,83_2040_35,455180.3,6066570.8,32630
21,A,2030,60,60,21_2030_0,294598.9,3021168.7,32651
21,A,2030,60,60,21_2030_1,296543.1,3020794.2,32651
21,A,2030,60,60,21_2030_2,292654.6,3021543.1,32651
21,A,2030,60,60,21_2030_3,293853.1,3019295.9,32651
21,A,2030,60,60,21_2030_4,294601.9,3023184.4,32651
21,A,2030,60,60,21_2030_5,296546.2,3022810.0,32651
21,A,2030,60,60,21_2030_6,292657.6,3023558.9,32651
21,A,2030,60,60,21_2030_7,291908.8,3019670.3,32651
21,A,2030,60,60,21_2030_8,290710.3,3021917.5,32651
21,A,2030,60,60,21_2030_9,298487.4,3020419.8,32651
21,A,2030,60,60,21_2030_10,293850.0,3017280.1,32651
21,A,2030,60,60,21_2030_11,295347.7,3025057.2,32651
21,A,2030,60,60,21_2030_12,298490.5,3022435.6,32651
21,A,2030,60,60,21_2030_13,295794.3,3016905.7,32651
21,A,2030,60,60,21_2030_14,293403.4,3025431.6,32651
21,A,2030,60,60,21_2030_15,291905.8,3017654.5,32651
21,A,2030,60,60,21_2030_16,297292.0,3024682.8,32651
21,A,2030,60,60,21_2030_17,289964.5,3020044.7,32651
21,A,2030,60,60,21_2030_18,297738.6,3016531.3,32651
21,A,2030,60,60,21_2030_19,291459.1,3025806.0,32651
21,A,2030,60,60,21_2030_20,289961.5,3018028.9,32651
21,A,2030,60,60,21_2030_21,299236.2,3024308.4,32651
21,A,2030,60,60,21_2030_22,299685.9,3018172.7,32651
21,A,2030,60,60,21_2030_23,300434.7,3022061.2,32651
21,A,2030,60,60,21_2030_24,300431.7,3020045.4,32651
21,A,2030,60,60,21_2030_25,293104.3,3015407.3,32651
21,A,2030,60,60,21_2030_26,295350.7,3027073.0,32651
21,A,2030,60,60,21_2030_27,297295.0,3026698.6,32651
21,A,2030,60,60,21_2030_28,295048.6,3015032.9,32651
21,A,2030,60,60,21_2030_29,293406.4,3027447.4,32651
21,A,2030,60,60,21_2030_30,288769.1,3024307.7,32651
21,A,2030,60,60,21_2030_31,288020.3,3020419.1,32651
21,A,2030,60,60,21_2030_32,296992.8,3014658.5,32651
21,A,2030,60,60,21_2030_33,299239.3,3026324.2,32651
21,A,2030,60,60,21_2030_34,288017.2,3018403.3,32651
21,A,2030,60,60,21_2030_35,301180.5,3023934.0,32651
21,A,2030,60,60,21_2030_36,289514.8,3026180.4,32651
21,A,2030,60,60,21_2030_37,289215.7,3016156.2,32651
21,A,2030,60,60,21_2030_38,291462.2,3027821.8,32651
21,A,2030,60,60,21_2030_39,302379.0,3021686.8,32651
21,A,2030,60,60,21_2030_40,301630.2,3017798.3,32651
21,A,2030,60,60,21_2030_41,302376.0,3019671.0,32651
21,A,2030,60,60,21_2030_42,301183.6,3025949.8,32651
21,A,2030,60,60,21_2030_43,298040.8,3028571.4,32651
21,A,2030,60,60,21_2030_44,286076.0,3020793.5,32651
21,A,2030,60,60,21_2030_45,286824.8,3024682.1,32651
21,A,2030,60,60,21_2030_46,287271.4,3016530.6,32651
21,A,2030,60,60,21_2030_47,289517.9,3028196.2,32651
21,A,2030,60,60,21_2030_48,286072.9,3018777.7,32651
21,A,2030,60,60,21_2030_49,303124.8,3023559.6,32651
21,A,2030,60,60,21_2030_50,303574.5,3017423.8,32651
21,A,2030,60,60,21_2030_51,304323.3,3021312.4,32651
21,A,2030,60,60,21_2030_52,304320.2,3019296.6,32651
21,A,2030,60,60,21_2030_53,285327.2,3016905.0,32651
21,A,2030,60,60,21_2030_54,284128.6,3019152.1,32651
21,A,2030,60,60,21_2030_55,303571.4,3015408.1,32651
21,A,2030,60,60,21_2030_56,306267.6,3020938.0,32651
21,A,2030,60,60,21_2030_57,283382.9,3017279.4,32651
21,A,2030,60,60,21_2030_58,283379.8,3015263.6,32651
21,A,2030,60,60,21_2030_59,281438.6,3017653.8,32651
21,A,2035,75,75,21_2035_0,294598.9,3021168.7,32651
21,A,2035,75,75,21_2035_1,295959.9,3020906.6,32651
21,A,2035,75,75,21_2035_2,294601.0,3022579.7,32651
21,A,2035,75,75,21_2035_3,295962.0,3022317.6,32651
21,A,2035,75,75,21_2035_4,292715.8,3020119.8,32651
21,A,2035,75,75,21_2035_5,294074.7,3018446.7,32651
21,A,2035,75,75,21_2035_6,297320.8,3020644.5,32651
21,A,2035,75,75,21_2035_7,296798.8,3019333.5,32651
21,A,2035,75,75,21_2035_8,296484.0,3023628.6,32651
21,A,2035,75,75,21_2035_9,293762.0,3024152.7,32651
21,A,2035,75,75,21_2035_10,295435.7,3018184.6,32651
21,A,2035,75,75,21_2035_11,291879.0,3023103.9,32651
21,A,2035,75,75,21_2035_12,291352.7,3018970.8,32651
21,A,2035,75,75,21_2035_13,296796.7,3017922.5,32651
21,A,2035,75,75,21_2035_14,298159.8,3019071.5,32651
21,A,2035,75,75,21_2035_15,298681.8,3020382.4,32651
21,A,2035,75,75,21_2035_16,293552.6,3017135.7,32651
21,A,2035,75,75,21_2035_17,296486.2,3025039.6,32651
21,A,2035,75,75,21_2035_18,293764.2,3025563.8,32651
21,A,2035,75,75,21_2035_19,290518.0,3023366.0,32651
21,A,2035,75,75,21_2035_20,296274.6,3016611.6,32651
21,A,2035,75,75,21_2035_21,298157.7,3017660.4,32651
21,A,2035,75,75,21_2035_22,289991.7,3019232.9,32651
21,A,2035,75,75,21_2035_23,292403.2,3025825.9,32651
21,A,2035,75,75,21_2035_24,300045.0,3021531.4,32651
21,A,2035,75,75,21_2035_25,293550.5,3015724.7,32651
21,A,2035,75,75,21_2035_26,289154.9,3022217.0,32651
21,A,2035,75,75,21_2035_27,299208.2,3024515.4,32651
21,A,2035,75,75,21_2035_28,294911.5,3015462.6,32651
21,A,2035,75,75,21_2035_29,294286.2,3026874.7,32651
21,A,2035,75,75,21_2035_30,297008.2,3026350.5,32651
21,A,2035,75,75,21_2035_31,289157.0,3023628.1,32651
21,A,2035,75,75,21_2035_32,289469.7,3017922.0,32651
21,A,2035,75,75,21_2035_33,300567.0,3022842.3,32651
21,A,2035,75,75,21_2035_34,289679.1,3024939.0,32651
21,A,2035,75,75,21_2035_35,298369.2,3026088.5,32651
21,A,2035,75,75,21_2035_36,292925.2,3027136.8,32651
21,A,2035,75,75,21_2035_37,300569.1,3024253.4,32651
21,A,2035,75,75,21_2035_38,300881.8,3018547.3,32651
21,A,2035,75,75,21_2035_39,297633.5,3014938.4,32651
21,A,2035,75,75,21_2035_40,299730.2,3025826.4,32651
21,A,2035,75,75,21_2035_41,287793.9,3022479.1,32651
21,A,2035,75,75,21_2035_42,295649.3,3028023.7,32651
21,A,2035,75,75,21_2035_43,294288.3,3028285.8,32651
21,A,2035,75,75,21_2035_44,288108.7,3018184.1,32651
21,A,2035,75,75,21_2035_45,287796.0,3023890.1,32651
21,A,2035,75,75,21_2035_46,301928.0,3022580.2,32651
21,A,2035,75,75,21_2035_47,287269.7,3019757.1,32651
21,A,2035,75,75,21_2035_48,288318.1,3025201.1,32651
21,A,2035,75,75,21_2035_49,290306.5,3014937.9,32651
21,A,2035,75,75,21_2035_50,288106.5,3016773.0,32651
21,A,2035,75,75,21_2035_51,290203.2,3027661.0,32651
21,A,2035,75,75,21_2035_52,300357.6,3015825.3,32651
21,A,2035,75,75,21_2035_53,302242.8,3018285.2,32651
21,A,2035,75,75,21_2035_54,288945.5,3015200.0,32651
21,A,2035,75,75,21_2035_55,288320.2,3026612.1,32651
21,A,2035,75,75,21_2035_56,286432.9,3022741.2,32651
21,A,2035,75,75,21_2035_57,302764.8,3019596.1,32651
21,A,2035,75,75,21_2035_58,285910.9,3021430.2,32651
21,A,2035,75,75,21_2035_59,303289.0,3022318.1,32651
21,A,2035,75,75,21_2035_60,286745.5,3017035.1,32651
21,A,2035,75,75,21_2035_61,287584.5,3015462.1,32651
21,A,2035,75,75,21_2035_62,303291.1,3023729.2,32651
21,A,2035,75,75,21_2035_63,304128.0,3020745.1,32651
21,A,2035,75,75,21_2035_64,304125.8,3019334.1,32651
21,A,2035,75,75,21_2035_65,285384.5,3017297.2,32651
21,A,2035,75,75,21_2035_66,284549.9,3021692.3,32651
21,A,2035,75,75,21_2035_67,284547.7,3020281.3,32651
21,A,2035,75,75,21_2035_68,303079.6,3015301.1,32651
21,A,2035,75,75,21_2035_69,305489.0,3020483.0,32651
21,A,2035,75,75,21_2035_70,305486.8,3019072.0,32651
21,A,2035,75,75,21_2035_71,306011.0,3021794.0,32651
21,A,2035,75,75,21_2035_72,283501.5,3016248.3,32651
21,A,2035,75,75,21_2035_73,282140.5,3016510.4,32651
21,A,2035,75,75,21_2035_74,280779.5,3016772.5,32651
21,A,2040,100,100,21_2040_0,294598.9,3021168.7,32651
21,A,2040,100,100,21_2040_1,295959.9,3020906.6,32651
21,A,2040,100,100,21_2040_2,293237.9,3021430.7,32651
21,A,2040,100,100,21_2040_3,294076.8,3019857.7,32651
21,A,2040,100,100,21_2040_4,295962.0,3022317.6,32651
21,A,2040,100,100,21_2040_5,292715.8,3020119.8,32651
21,A,2040,100,100,21_2040_6,293240.0,3022841.8,32651
21,A,2040,100,100,21_2040_7,294074.7,3018446.7,32651
21,A,2040,100,100,21_2040_8,297320.8,3020644.5,32651
21,A,2040,100,100,21_2040_9,291876.9,3021692.8,32651
21,A,2040,100,100,21_2040_10,297323.0,3022055.5,32651
21,A,2040,100,100,21_2040_11,296484.0,3023628.6,32651
21,A,2040,100,100,21_2040_12,293762.0,3024152.7,32651
21,A,2040,100,100,21_2040_13,295435.7,3018184.6,32651
21,A,2040,100,100,21_2040_14,291354.8,3020381.9,32651
21,A,2040,100,100,21_2040_15,297845.0,3023366.5,32651
21,A,2040,100,100,21_2040_16,291352.7,3018970.8,32651
21,A,2040,100,100,21_2040_17,296796.7,3017922.5,32651
21,A,2040,100,100,21_2040_18,298684.0,3021793.5,32651
21,A,2040,100,100,21_2040_19,298159.8,3019071.5,32651
21,A,2040,100,100,21_2040_20,298681.8,3020382.4,32651
21,A,2040,100,100,21_2040_21,295125.2,3025301.7,32651
21,A,2040,100,100,21_2040_22,294913.6,3016873.6,32651
21,A,2040,100,100,21_2040_23,296486.2,3025039.6,32651
21,A,2040,100,100,21_2040_24,293764.2,3025563.8,32651
21,A,2040,100,100,21_2040_25,290518.0,3023366.0,32651
21,A,2040,100,100,21_2040_26,289993.8,3020644.0,32651
21,A,2040,100,100,21_2040_27,297847.2,3024777.5,32651
21,A,2040,100,100,21_2040_28,298157.7,3017660.4,32651
21,A,2040,100,100,21_2040_29,289991.7,3019232.9,32651
21,A,2040,100,100,21_2040_30,299206.0,3023104.4,32651
21,A,2040,100,100,21_2040_31,290830.7,3017659.9,32651
21,A,2040,100,100,21_2040_32,300045.0,3021531.4,32651
21,A,2040,100,100,21_2040_33,299520.8,3018809.4,32651
21,A,2040,100,100,21_2040_34,295647.2,3026612.6,32651
21,A,2040,100,100,21_2040_35,289154.9,3022217.0,32651
21,A,2040,100,100,21_2040_36,299208.2,3024515.4,32651
21,A,2040,100,100,21_2040_37,297635.6,3016349.5,32651
21,A,2040,100,100,21_2040_38,294911.5,3015462.6,32651
21,A,2040,100,100,21_2040_39,292189.5,3015986.8,32651
21,A,2040,100,100,21_2040_40,297008.2,3026350.5,32651
21,A,2040,100,100,21_2040_41,289157.0,3023628.1,32651
21,A,2040,100,100,21_2040_42,291042.2,3026088.0,32651
21,A,2040,100,100,21_2040_43,288630.7,3019495.0,32651
21,A,2040,100,100,21_2040_44,300567.0,3022842.3,32651
21,A,2040,100,100,21_2040_45,299518.7,3017398.3,32651
21,A,2040,100,100,21_2040_46,290828.5,3016248.9,32651
21,A,2040,100,100,21_2040_47,298369.2,3026088.5,32651
21,A,2040,100,100,21_2040_48,292925.2,3027136.8,32651
21,A,2040,100,100,21_2040_49,298996.6,3016087.4,32651
21,A,2040,100,100,21_2040_50,300881.8,3018547.3,32651
21,A,2040,100,100,21_2040_51,301406.0,3021269.3,32651
21,A,2040,100,100,21_2040_52,297633.5,3014938.4,32651
21,A,2040,100,100,21_2040_53,299730.2,3025826.4,32651
21,A,2040,100,100,21_2040_54,289467.5,3016510.9,32651
21,A,2040,100,100,21_2040_55,301403.8,3019858.2,32651
21,A,2040,100,100,21_2040_56,295649.3,3028023.7,32651
21,A,2040,100,100,21_2040_57,297010.3,3027761.6,32651
21,A,2040,100,100,21_2040_58,289681.2,3026350.0,32651
21,A,2040,100,100,21_2040_59,288108.7,3018184.1,32651
21,A,2040,100,100,21_2040_60,287796.0,3023890.1,32651
21,A,2040,100,100,21_2040_61,298371.3,3027499.5,32651
21,A,2040,100,100,21_2040_62,287269.7,3019757.1,32651
21,A,2040,100,100,21_2040_63,300879.7,3017136.2,32651
21,A,2040,100,100,21_2040_64,288318.1,3025201.1,32651
21,A,2040,100,100,21_2040_65,290306.5,3014937.9,32651
21,A,2040,100,100,21_2040_66,301091.2,3025564.3,32651
21,A,2040,100,100,21_2040_67,298994.5,3014676.3,32651
21,A,2040,100,100,21_2040_68,290203.2,3027661.0,32651
21,A,2040,100,100,21_2040_69,301930.1,3023991.3,32651
21,A,2040,100,100,21_2040_70,299732.3,3027237.4,32651
21,A,2040,100,100,21_2040_71,302242.8,3018285.2,32651
21,A,2040,100,100,21_2040_72,288945.5,3015200.0,32651
21,A,2040,100,100,21_2040_73,291566.4,3028809.9,32651
21,A,2040,100,100,21_2040_74,286747.7,3018446.2,32651
21,A,2040,100,100,21_2040_75,286432.9,3022741.2,32651
21,A,2040,100,100,21_2040_76,302764.8,3019596.1,32651
21,A,2040,100,100,21_2040_77,285910.9,3021430.2,32651
21,A,2040,100,100,21_2040_78,302240.7,3016874.1,32651
21,A,2040,100,100,21_2040_79,285908.7,3020019.2,32651
21,A,2040,100,100,21_2040_80,286745.5,3017035.1,32651
21,A,2040,100,100,21_2040_81,287584.5,3015462.1,32651
21,A,2040,100,100,21_2040_82,301718.6,3015563.2,32651
21,A,2040,100,100,21_2040_83,303291.1,3023729.2,32651
21,A,2040,100,100,21_2040_84,304128.0,3020745.1,32651
21,A,2040,100,100,21_2040_85,303603.8,3018023.1,32651
21,A,2040,100,100,21_2040_86,286223.5,3015724.2,32651
21,A,2040,100,100,21_2040_87,285384.5,3017297.2,32651
21,A,2040,100,100,21_2040_88,284549.9,3021692.3,32651
21,A,2040,100,100,21_2040_89,284547.7,3020281.3,32651
21,A,2040,100,100,21_2040_90,304650.0,3022056.0,32651
21,A,2040,100,100,21_2040_91,284025.7,3018970.3,32651
21,A,2040,100,100,21_2040_92,305489.0,3020483.0,32651
21,A,2040,100,100,21_2040_93,305486.8,3019072.0,32651
21,A,2040,100,100,21_2040_94,284023.5,3017559.3,32651
21,A,2040,100,100,21_2040_95,306011.0,3021794.0,32651
21,A,2040,100,100,21_2040_96,283501.5,3016248.3,32651
21,A,2040,100,100,21_2040_97,282662.6,3017821.4,32651
21,A,2040,100,100,21_2040_98,282138.4,3015099.4,32651
21,A,2040,100,100,21_2040_99,280779.5,3016772.5,32651
151,A,2030,60,60,151_2030_0,769359.5,3873586.8,32651
151,A,2030,60,60,151_2030_1,769167.6,3873726.4,32651
151,A,2030,60,60,151_2030_2,769583.9,3873509.7,32651
151,A,2030,60,60,151_2030_3,769775.7,3873370.1,32651
151,A,2030,60,60,151_2030_4,768943.2,3873803.4,32651
151,A,2030,60,60,151_2030_5,769661.2,3874166.3,32651
151,A,2030,60,60,151_2030_6,768865.9,3873146.8,32651
151,A,2030,60,60,151_2030_7,769282.2,3872930.2,32651
151,A,2030,60,60,151_2030_8,770000.1,3873293.0,32651
151,A,2030,60,60,151_2030_9,768751.4,3873943.1,32651
151,A,2030,60,60,151_2030_10,769469.3,3874306.0,32651
151,A,2030,60,60,151_2030_11,769244.9,3874383.0,32651
151,A,2030,60,60,151_2030_12,769474.0,3872790.5,32651
151,A,2030,60,60,151_2030_13,768641.5,3873223.9,32651
151,A,2030,60,60,151_2030_14,770077.4,3873949.7,32651
151,A,2030,60,60,151_2030_15,769698.4,3872713.5,32651
151,A,2030,60,60,151_2030_16,768527.0,3874020.1,32651
151,A,2030,60,60,151_2030_17,770191.9,3873153.4,32651
151,A,2030,60,60,151_2030_18,770301.8,3873872.6,32651
151,A,2030,60,60,151_2030_19,769053.1,3874522.7,32651
151,A,2030,60,60,151_2030_20,769890.2,3872573.8,32651
151,A,2030,60,60,151_2030_21,768225.3,3873440.6,32651
151,A,2030,60,60,151_2030_22,770493.6,3873733.0,32651
151,A,2030,60,60,151_2030_23,770416.3,3873076.4,32651
151,A,2030,60,60,151_2030_24,768335.1,3874159.8,32651
151,A,2030,60,60,151_2030_25,768564.2,3872567.3,32651
151,A,2030,60,60,151_2030_26,768756.0,3872427.6,32651
151,A,2030,60,60,151_2030_27,769962.9,3874745.9,32651
151,A,2030,60,60,151_2030_28,770114.6,3872496.8,32651
151,A,2030,60,60,151_2030_29,768033.4,3873580.2,32651
151,A,2030,60,60,151_2030_30,768636.9,3874739.3,32651
151,A,2030,60,60,151_2030_31,770187.3,3874668.9,32651
151,A,2030,60,60,151_2030_32,769771.0,3874885.5,32651
151,A,2030,60,60,151_2030_33,768339.8,3872644.3,32651
151,A,2030,60,60,151_2030_34,770379.1,3874529.2,32651
151,A,2030,60,60,151_2030_35,770608.2,3872936.7,32651
151,A,2030,60,60,151_2030_36,768148.0,3872783.9,32651
151,A,2030,60,60,151_2030_37,770603.5,3874452.2,32651
151,A,2030,60,60,151_2030_38,770306.5,3872357.2,32651
151,A,2030,60,60,151_2030_39,768412.4,3874816.4,32651
151,A,2030,60,60,151_2030_40,770909.9,3873516.3,32651
151,A,2030,60,60,151_2030_41,770795.3,3874312.6,32651
151,A,2030,60,60,151_2030_42,767923.6,3872861.0,32651
151,A,2030,60,60,151_2030_43,767918.9,3874376.4,32651
151,A,2030,60,60,151_2030_44,767731.7,3873000.6,32651
151,A,2030,60,60,151_2030_45,771019.8,3874235.5,32651
151,A,2030,60,60,151_2030_46,767694.5,3874453.5,32651
151,A,2030,60,60,151_2030_47,771211.6,3874095.9,32651
151,A,2030,60,60,151_2030_48,767507.3,3873077.7,32651
151,A,2030,60,60,151_2030_49,767392.8,3873873.9,32651
151,A,2030,60,60,151_2030_50,767315.5,3873217.3,32651
151,A,2030,60,60,151_2030_51,767502.7,3874593.1,32651
151,A,2030,60,60,151_2030_52,771436.0,3874018.8,32651
151,A,2030,60,60,151_2030_53,767621.9,3872281.4,32651
151,A,2030,60,60,151_2030_54,771097.0,3874892.1,32651
151,A,2030,60,60,151_2030_55,767430.0,3872421.0,32651
151,A,2030,60,60,151_2030_56,771321.5,3874815.1,32651
151,A,2030,60,60,151_2030_57,767278.3,3874670.2,32651
151,A,2030,60,60,151_2030_58,767205.6,3872498.1,32651
151,A,2030,60,60,151_2030_59,771513.3,3874675.4,32651
151,A,2035,75,72,151_2035_0,767846.3,3872204.4,32651
151,A,2035,75,72,151_2035_1,767621.9,3872281.4,32651
151,A,2035,75,72,151_2035_2,767430.0,3872421.0,32651
151,A,2035,75,72,151_2035_3,767205.6,3872498.1,32651
151,A,2035,75,72,151_2035_4,768980.4,3872350.6,32651
151,A,2035,75,72,151_2035_5,768756.0,3872427.6,32651
151,A,2035,75,72,151_2035_6,768564.2,3872567.3,32651
151,A,2035,75,72,151_2035_7,768339.8,3872644.3,32651
151,A,2035,75,72,151_2035_8,768148.0,3872783.9,32651
151,A,2035,75,72,151_2035_9,767923.6,3872861.0,32651
151,A,2035,75,72,151_2035_10,767731.7,3873000.6,32651
151,A,2035,75,72,151_2035_11,767507.3,3873077.7,32651
151,A,2035,75,72,151_2035_12,767315.5,3873217.3,32651
151,A,2035,75,72,151_2035_13,770306.5,3872357.2,32651
151,A,2035,75,72,151_2035_14,770114.6,3872496.8,32651
151,A,2035,75,72,151_2035_15,769890.2,3872573.8,32651
151,A,2035,75,72,151_2035_16,769698.4,3872713.5,32651
151,A,2035,75,72,151_2035_17,769474.0,3872790.5,32651
151,A,2035,75,72,151_2035_18,769282.2,3872930.2,32651
151,A,2035,75,72,151_2035_19,769057.7,3873007.2,32651
151,A,2035,75,72,151_2035_20,768865.9,3873146.8,32651
151,A,2035,75,72,151_2035_21,768641.5,3873223.9,32651
151,A,2035,75,72,151_2035_22,768449.7,3873363.5,32651
151,A,2035,75,72,151_2035_23,768225.3,3873440.6,32651
151,A,2035,75,72,151_2035_24,768033.4,3873580.2,32651
151,A,2035,75,72,151_2035_25,767809.0,3873657.2,32651
151,A,2035,75,72,151_2035_26,767617.2,3873796.9,32651
151,A,2035,75,72,151_2035_27,767392.8,3873873.9,32651
151,A,2035,75,72,151_2035_28,767201.0,3874013.6,32651
151,A,2035,75,72,151_2035_29,770608.2,3872936.7,32651
151,A,2035,75,72,151_2035_30,770416.3,3873076.4,32651
151,A,2035,75,72,151_2035_31,770191.9,3873153.4,32651
151,A,2035,75,72,151_2035_32,770000.1,3873293.0,32651
151,A,2035,75,72,151_2035_33,769775.7,3873370.1,32651
151,A,2035,75,72,151_2035_34,769583.9,3873509.7,32651
151,A,2035,75,72,151_2035_35,769359.5,3873586.8,32651
151,A,2035,75,72,151_2035_36,769167.6,3873726.4,32651
151,A,2035,75,72,151_2035_37,768943.2,3873803.4,32651
151,A,2035,75,72,151_2035_38,768751.4,3873943.1,32651
151,A,2035,75,72,151_2035_39,768527.0,3874020.1,32651
151,A,2035,75,72,151_2035_40,768335.1,3874159.8,32651
151,A,2035,75,72,151_2035_41,768110.7,3874236.8,32651
151,A,2035,75,72,151_2035_42,767918.9,3874376.4,32651
151,A,2035,75,72,151_2035_43,767694.5,3874453.5,32651
151,A,2035,75,72,151_2035_44,767502.7,3874593.1,32651
151,A,2035,75,72,151_2035_45,767278.3,3874670.2,32651
151,A,2035,75,72,151_2035_46,770909.9,3873516.3,32651
151,A,2035,75,72,151_2035_47,770718.0,3873655.9,32651
151,A,2035,75,72,151_2035_48,770493.6,3873733.0,32651
151,A,2035,75,72,151_2035_49,770301.8,3873872.6,32651
151,A,2035,75,72,151_2035_50,770077.4,3873949.7,32651
151,A,2035,75,72,151_2035_51,769885.6,3874089.3,32651
151,A,2035,75,72,151_2035_52,769661.2,3874166.3,32651
151,A,2035,75,72,151_2035_53,769469.3,3874306.0,32651
151,A,2035,75,72,151_2035_54,769244.9,3874383.0,32651
151,A,2035,75,72,151_2035_55,769053.1,3874522.7,32651
151,A,2035,75,72,151_2035_56,768828.7,3874599.7,32651
151,A,2035,75,72,151_2035_57,768636.9,3874739.3,32651
151,A,2035,75,72,151_2035_58,768412.4,3874816.4,32651
151,A,2035,75,72,151_2035_59,771436.0,3874018.8,32651
151,A,2035,75,72,151_2035_60,771211.6,3874095.9,32651
151,A,2035,75,72,151_2035_61,771019.8,3874235.5,32651
151,A,2035,75,72,151_2035_62,770795.3,3874312.6,32651
151,A,2035,75,72,151_2035_63,770603.5,3874452.2,32651
151,A,2035,75,72,151_2035_64,770379.1,3874529.2,32651
151,A,2035,75,72,151_2035_65,770187.3,3874668.9,32651
151,A,2035,75,72,151_2035_66,769962.9,3874745.9,32651
151,A,2035,75,72,151_2035_67,769771.0,3874885.5,32651
151,A,2035,75,72,151_2035_68,771737.7,3874598.4,32651
151,A,2035,75,72,151_2035_69,771513.3,3874675.4,32651
151,A,2035,75,72,151_2035_70,771321.5,3874815.1,32651
151,A,2035,75,72,151_2035_71,771097.0,3874892.1,32651
151,A,2040,100,72,151_2040_0,767846.3,3872204.4,32651
151,A,2040,100,72,151_2040_1,767621.9,3872281.4,32651
151,A,2040,100,72,151_2040_2,767430.0,3872421.0,32651
151,A,2040,100,72,151_2040_3,767205.6,3872498.1,32651
151,A,2040,100,72,151_2040_4,768980.4,3872350.6,32651
151,A,2040,100,72,151_2040_5,768756.0,3872427.6,32651
151,A,2040,100,72,151_2040_6,768564.2,3872567.3,32651
151,A,2040,100,72,151_2040_7,768339.8,3872644.3,32651
151,A,2040,100,72,151_2040_8,768148.0,3872783.9,32651
151,A,2040,100,72,151_2040_9,767923.6,3872861.0,32651
151,A,2040,100,72,151_2040_10,767731.7,3873000.6,32651
151,A,2040,100,72,151_2040_11,767507.3,3873077.7,32651
151,A,2040,100,72,151_2040_12,767315.5,3873217.3,32651
151,A,2040,100,72,151_2040_13,770306.5,3872357.2,32651
151,A,2040,100,72,151_2040_14,770114.6,3872496.8,32651
151,A,2040,100,72,151_2040_15,769890.2,3872573.8,32651
151,A,2040,100,72,151_2040_16,769698.4,3872713.5,32651
151,A,2040,100,72,151_2040_17,769474.0,3872790.5,32651
151,A,2040,100,72,151_2040_18,769282.2,3872930.2,32651
151,A,2040,100,72,151_2040_19,769057.7,3873007.2,32651
151,A,2040,100,72,151_2040_20,768865.9,3873146.8,32651
151,A,2040,100,72,151_2040_21,768641.5,3873223.9,32651
151,A,2040,100,72,151_2040_22,768449.7,3873363.5,32651
151,A,2040,100,72,151_2040_23,768225.3,3873440.6,32651
151,A,2040,100,72,151_2040_24,768033.4,3873580.2,32651
151,A,2040,100,72,151_2040_25,767809.0,3873657.2,32651
151,A,2040,100,72,151_2040_26,767617.2,3873796.9,32651
151,A,2040,100,72,151_2040_27,767392.8,3873873.9,32651
151,A,2040,100,72,151_2040_28,767201.0,3874013.6,32651
151,A,2040,100,72,151_2040_29,770608.2,3872936.7,32651
151,A,2040,100,72,151_2040_30,770416.3,3873076.4,32651
151,A,2040,100,72,151_2040_31,770191.9,3873153.4,32651
151,A,2040,100,72,151_2040_32,770000.1,3873293.0,32651
151,A,2040,100,72,151_2040_33,769775.7,3873370.1,32651
151,A,2040,100,72,151_2040_34,769583.9,3873509.7,32651
151,A,2040,100,72,151_2040_35,769359.5,3873586.8,32651
151,A,2040,100,72,151_2040_36,769167.6,3873726.4,32651
151,A,2040,100,72,151_2040_37,768943.2,3873803.4,32651
151,A,2040,100,72,151_2040_38,768751.4,3873943.1,32651
151,A,2040,100,72,151_2040_39,768527.0,3874020.1,32651
151,A,2040,100,72,151_2040_40,768335.1,3874159.8,32651
151,A,2040,100,72,151_2040_41,768110.7,3874236.8,32651
151,A,2040,100,72,151_2040_42,767918.9,3874376.4,32651
151,A,2040,100,72,151_2040_43,767694.5,3874453.5,32651
151,A,2040,100,72,151_2040_44,767502.7,3874593.1,32651
151,A,2040,100,72,151_2040_45,767278.3,3874670.2,32651
151,A,2040,100,72,151_2040_46,770909.9,3873516.3,32651
151,A,2040,100,72,151_2040_47,770718.0,3873655.9,32651
151,A,2040,100,72,151_2040_48,770493.6,3873733.0,32651
151,A,2040,100,72,151_2040_49,770301.8,3873872.6,32651
151,A,2040,100,72,151_2040_50,770077.4,3873949.7,32651
151,A,2040,100,72,151_2040_51,769885.6,3874089.3,32651
151,A,2040,100,72,151_2040_52,769661.2,3874166.3,32651
151,A,2040,100,72,151_2040_53,769469.3,3874306.0,32651
151,A,2040,100,72,151_2040_54,769244.9,3874383.0,32651
151,A,2040,100,72,151_2040_55,769053.1,3874522.7,32651
151,A,2040,100,72,151_2040_56,768828.7,3874599.7,32651
151,A,2040,100,72,151_2040_57,768636.9,3874739.3,32651
151,A,2040,100,72,151_2040_58,768412.4,3874816.4,32651
151,A,2040,100,72,151_2040_59,771436.0,3874018.8,32651
151,A,2040,100,72,151_2040_60,771211.6,3874095.9,32651
151,A,2040,100,72,151_2040_61,771019.8,3874235.5,32651
151,A,2040,100,72,151_2040_62,770795.3,3874312.6,32651
151,A,2040,100,72,151_2040_63,770603.5,3874452.2,32651
151,A,2040,100,72,151_2040_64,770379.1,3874529.2,32651
151,A,2040,100,72,151_2040_65,770187.3,3874668.9,32651
151,A,2040,100,72,151_2040_66,769962.9,3874745.9,32651
151,A,2040,100,72,151_2040_67,769771.0,3874885.5,32651
151,A,2040,100,72,151_2040_68,771737.7,3874598.4,32651
151,A,2040,100,72,151_2040_69,771513.3,3874675.4,32651
151,A,2040,100,72,151_2040_70,771321.5,3874815.1,32651
151,A,2040,100,72,151_2040_71,771097.0,3874892.1,32651
73,A,2030,99,57,73_2030_0,389607.9,5908396.3,32631
73,A,2030,99,57,73_2030_1,388956.3,5907165.0,32631
73,A,2030,99,57,73_2030_2,389904.0,5907451.6,32631
73,A,2030,99,57,73_2030_3,388310.6,5905914.8,32631
73,A,2030,99,57,73_2030_4,389252.4,5906220.3,32631
73,A,2030,99,57,73_2030_5,390200.0,5906506.9,32631
73,A,2030,99,57,73_2030_6,391141.8,5906812.4,32631
73,A,2030,99,57,73_2030_7,388606.7,5904970.1,32631
73,A,2030,99,57,73_2030_8,389548.4,5905275.6,32631
73,A,2030,99,57,73_2030_9,390496.1,5905562.2,32631
73,A,2030,99,57,73_2030_10,391437.8,5905867.7,32631
73,A,2030,99,57,73_2030_11,392385.5,5906154.3,32631
73,A,2030,99,57,73_2030_12,387955.1,5903738.8,32631
73,A,2030,99,57,73_2030_13,388902.7,5904025.4,32631
73,A,2030,99,57,73_2030_14,389844.5,5904330.9,32631
73,A,2030,99,57,73_2030_15,390792.1,5904617.5,32631
73,A,2030,99,57,73_2030_16,391733.9,5904923.0,32631
73,A,2030,99,57,73_2030_17,392681.5,5905209.6,32631
73,A,2030,99,57,73_2030_18,388251.1,5902794.1,32631
73,A,2030,99,57,73_2030_19,389198.8,5903080.7,32631
73,A,2030,99,57,73_2030_20,390140.5,5903386.2,32631
73,A,2030,99,57,73_2030_21,391088.2,5903672.8,32631
73,A,2030,99,57,73_2030_22,392029.9,5903978.3,32631
73,A,2030,99,57,73_2030_23,392977.6,5904264.9,32631
73,A,2030,99,57,73_2030_24,393919.3,5904570.4,32631
73,A,2030,99,57,73_2030_25,389494.8,5902136.0,32631
73,A,2030,99,57,73_2030_26,390436.6,5902441.5,32631
73,A,2030,99,57,73_2030_27,391384.2,5902728.1,32631
73,A,2030,99,57,73_2030_28,392326.0,5903033.6,32631
73,A,2030,99,57,73_2030_29,393273.6,5903320.2,32631
73,A,2030,99,57,73_2030_30,394215.4,5903625.7,32631
73,A,2030,99,57,73_2030_31,395163.0,5903912.3,32631
73,A,2030,99,57,73_2030_32,389790.9,5901191.3,32631
73,A,2030,99,57,73_2030_33,390732.6,5901496.8,32631
73,A,2030,99,57,73_2030_34,391680.3,5901783.4,32631
73,A,2030,99,57,73_2030_35,392622.0,5902088.9,32631
73,A,2030,99,57,73_2030_36,393569.7,5902375.5,32631
73,A,2030,99,57,73_2030_37,394511.4,5902681.0,32631
73,A,2030,99,57,73_2030_38,395459.1,5902967.6,32631
73,A,2030,99,57,73_2030_39,391028.7,5900552.1,32631
73,A,2030,99,57,73_2030_40,391976.3,5900838.7,32631
73,A,2030,99,57,73_2030_41,392918.1,5901144.2,32631
73,A,2030,99,57,73_2030_42,393865.7,5901430.8,32631
73,A,2030,99,57,73_2030_43,394807.5,5901736.3,32631
73,A,2030,99,57,73_2030_44,395755.1,5902022.9,32631
73,A,2030,99,57,73_2030_45,392272.4,5899894.0,32631
73,A,2030,99,57,73_2030_46,393214.1,5900199.5,32631
73,A,2030,99,57,73_2030_47,394161.8,5900486.1,32631
73,A,2030,99,57,73_2030_48,395103.5,5900791.6,32631
73,A,2030,99,57,73_2030_49,396051.2,5901078.2,32631
73,A,2030,99,57,73_2030_50,392568.4,5898949.3,32631
73,A,2030,99,57,73_2030_51,393510.2,5899254.8,32631
73,A,2030,99,57,73_2030_52,394457.8,5899541.4,32631
73,A,2030,99,57,73_2030_53,395399.6,5899846.9,32631
73,A,2030,99,57,73_2030_54,393806.2,5898310.1,32631
73,A,2030,99,57,73_2030_55,394753.9,5898596.7,32631
73,A,2030,99,57,73_2030_56,395049.9,5897652.0,32631
73,A,2035,124,57,73_2035_0,389607.9,5908396.3,32631
73,A,2035,124,57,73_2035_1,388956.3,5907165.0,32631
73,A,2035,124,57,73_2035_2,389904.0,5907451.6,32631
73,A,2035,124,57,73_2035_3,388310.6,5905914.8,32631
73,A,2035,124,57,73_2035_4,389252.4,5906220.3,32631
73,A,2035,124,57,73_2035_5,390200.0,5906506.9,32631
73,A,2035,124,57,73_2035_6,391141.8,5906812.4,32631
73,A,2035,124,57,73_2035_7,388606.7,5904970.1,32631
73,A,2035,124,57,73_2035_8,389548.4,5905275.6,32631
73,A,2035,124,57,73_2035_9,390496.1,5905562.2,32631
73,A,2035,124,57,73_2035_10,391437.8,5905867.7,32631
73,A,2035,124,57,73_2035_11,392385.5,5906154.3,32631
73,A,2035,124,57,73_2035_12,387955.1,5903738.8,32631
73,A,2035,124,57,73_2035_13,388902.7,5904025.4,32631
73,A,2035,124,57,73_2035_14,389844.5,5904330.9,32631
73,A,2035,124,57,73_2035_15,390792.1,5904617.5,32631
73,A,2035,124,57,73_2035_16,391733.9,5904923.0,32631
73,A,2035,124,57,73_2035_17,392681.5,5905209.6,32631
73,A,2035,124,57,73_2035_18,388251.1,5902794.1,32631
73,A,2035,124,57,73_2035_19,389198.8,5903080.7,32631
73,A,2035,124,57,73_2035_20,390140.5,5903386.2,32631
73,A,2035,124,57,73_2035_21,391088.2,5903672.8,32631
73,A,2035,124,57,73_2035_22,392029.9,5903978.3,32631
73,A,2035,124,57,73_2035_23,392977.6,5904264.9,32631
73,A,2035,124,57,73_2035_24,393919.3,5904570.4,32631
73,A,2035,124,57,73_2035_25,389494.8,5902136.0,32631
73,A,2035,124,57,73_2035_26,390436.6,5902441.5,32631
73,A,2035,124,57,73_2035_27,391384.2,5902728.1,32631
73,A,2035,124,57,73_2035_28,392326.0,5903033.6,32631
73,A,2035,124,57,73_2035_29,393273.6,5903320.2,32631
73,A,2035,124,57,73_2035_30,394215.4,5903625.7,32631
73,A,2035,124,57,73_2035_31,395163.0,5903912.3,32631
73,A,2035,124,57,73_2035_32,389790.9,5901191.3,32631
73,A,2035,124,57,73_2035_33,390732.6,5901496.8,32631
73,A,2035,124,57,73_2035_34,391680.3,5901783.4,32631
73,A,2035,124,57,73_2035_35,392622.0,5902088.9,32631
73,A,2035,124,57,73_2035_36,393569.7,5902375.5,32631
73,A,2035,124,57,73_2035_37,394511.4,5902681.0,32631
73,A,2035,124,57,73_2035_38,395459.1,5902967.6,32631
73,A,2035,124,57,73_2035_39,391028.7,5900552.1,32631
73,A,2035,124,57,73_2035_40,391976.3,5900838.7,32631
73,A,2035,124,57,73_2035_41,392918.1,5901144.2,32631
73,A,2035,124,57,73_2035_42,393865.7,5901430.8,32631
73,A,2035,124,57,73_2035_43,394807.5,5901736.3,32631
73,A,2035,124,57,73_2035_44,395755.1,5902022.9,32631
73,A,2035,124,57,73_2035_45,392272.4,5899894.0,32631
73,A,2035,124,57,73_2035_46,393214.1,5900199.5,32631
73,A,2035,124,57,73_2035_47,394161.8,5900486.1,32631
73,A,2035,124,57,73_2035_48,395103.5,5900791.6,32631
73,A,2035,124,57,73_2035_49,396051.2,5901078.2,32631
73,A,2035,124,57,73_2035_50,392568.4,5898949.3,32631
73,A,2035,124,57,73_2035_51,393510.2,5899254.8,32631
73,A,2035,124,57,73_2035_52,394457.8,5899541.4,32631
73,A,2035,124,57,73_2035_53,395399.6,5899846.9,32631
73,A,2035,124,57,73_2035_54,393806.2,5898310.1,32631
73,A,2035,124,57,73_2035_55,394753.9,5898596.7,32631
73,A,2035,124,57,73_2035_56,395049.9,5897652.0,32631
73,A,2040,166,57,73_2040_0,389607.9,5908396.3,32631
73,A,2040,166,57,73_2040_1,388956.3,5907165.0,32631
73,A,2040,166,57,73_2040_2,389904.0,5907451.6,32631
73,A,2040,166,57,73_2040_3,388310.6,5905914.8,32631
73,A,2040,166,57,73_2040_4,389252.4,5906220.3,32631
73,A,2040,166,57,73_2040_5,390200.0,5906506.9,32631
73,A,2040,166,57,73_2040_6,391141.8,5906812.4,32631
73,A,2040,166,57,73_2040_7,388606.7,5904970.1,32631
73,A,2040,166,57,73_2040_8,389548.4,5905275.6,32631
73,A,2040,166,57,73_2040_9,390496.1,5905562.2,32631
73,A,2040,166,57,73_2040_10,391437.8,5905867.7,32631
73,A,2040,166,57,73_2040_11,392385.5,5906154.3,32631
73,A,2040,166,57,73_2040_12,387955.1,5903738.8,32631
73,A,2040,166,57,73_2040_13,388902.7,5904025.4,32631
73,A,2040,166,57,73_2040_14,389844.5,5904330.9,32631
73,A,2040,166,57,73_2040_15,390792.1,5904617.5,32631
73,A,2040,166,57,73_2040_16,391733.9,5904923.0,32631
73,A,2040,166,57,73_2040_17,392681.5,5905209.6,32631
73,A,2040,166,57,73_2040_18,388251.1,5902794.1,32631
73,A,2040,166,57,73_2040_19,389198.8,5903080.7,32631
73,A,2040,166,57,73_2040_20,390140.5,5903386.2,32631
73,A,2040,166,57,73_2040_21,391088.2,5903672.8,32631
73,A,2040,166,57,73_2040_22,392029.9,5903978.3,32631
73,A,2040,166,57,73_2040_23,392977.6,5904264.9,32631
73,A,2040,166,57,73_2040_24,393919.3,5904570.4,32631
73,A,2040,166,57,73_2040_25,389494.8,5902136.0,32631
73,A,2040,166,57,73_2040_26,390436.6,5902441.5,32631
73,A,2040,166,57,73_2040_27,391384.2,5902728.1,32631
73,A,2040,166,57,73_2040_28,392326.0,5903033.6,32631
73,A,2040,166,57,73_2040_29,393273.6,5903320.2,32631
73,A,2040,166,57,73_2040_30,394215.4,5903625.7,32631
73,A,2040,166,57,73_2040_31,395163.0,5903912.3,32631
73,A,2040,166,57,73_2040_32,389790.9,5901191.3,32631
73,A,2040,166,57,73_2040_33,390732.6,5901496.8,32631
73,A,2040,166,57,73_2040_34,391680.3,5901783.4,32631
73,A,2040,166,57,73_2040_35,392622.0,5902088.9,32631
73,A,2040,166,57,73_2040_36,393569.7,5902375.5,32631
73,A,2040,166,57,73_2040_37,394511.4,5902681.0,32631
73,A,2040,166,57,73_2040_38,395459.1,5902967.6,32631
73,A,2040,166,57,73_2040_39,391028.7,5900552.1,32631
73,A,2040,166,57,73_2040_40,391976.3,5900838.7,32631
73,A,2040,166,57,73_2040_41,392918.1,5901144.2,32631
73,A,2040,166,57,73_2040_42,393865.7,5901430.8,32631
73,A,2040,166,57,73_2040_43,394807.5,5901736.3,32631
73,A,2040,166,57,73_2040_44,395755.1,5902022.9,32631
73,A,2040,166,57,73_2040_45,392272.4,5899894.0,32631
73,A,2040,166,57,73_2040_46,393214.1,5900199.5,32631
73,A,2040,166,57,73_2040_47,394161.8,5900486.1,32631
73,A,2040,166,57,73_2040_48,395103.5,5900791.6,32631
73,A,2040,166,57,73_2040_49,396051.2,5901078.2,32631
73,A,2040,166,57,73_2040_50,392568.4,5898949.3,32631
73,A,2040,166,57,73_2040_51,393510.2,5899254.8,32631
73,A,2040,166,57,73_2040_52,394457.8,5899541.4,32631
73,A,2040,166,57,73_2040_53,395399.6,5899846.9,32631
73,A,2040,166,57,73_2040_54,393806.2,5898310.1,32631
73,A,2040,166,57,73_2040_55,394753.9,5898596.7,32631
73,A,2040,166,57,73_2040_56,395049.9,5897652.0,32631
153,A,2030,121,4,153_2030_0,584462.5,6203093.4,32632
153,A,2030,121,4,153_2030_1,584629.7,6203506.4,32632
153,A,2030,121,4,153_2030_2,584797.0,6203919.3,32632
153,A,2030,121,4,153_2030_3,584875.4,6202926.2,32632
153,A,2035,151,4,153_2035_0,584462.5,6203093.4,32632
153,A,2035,151,4,153_2035_1,584629.7,6203506.4,32632
153,A,2035,151,4,153_2035_2,584797.0,6203919.3,32632
153,A,2035,151,4,153_2035_3,584875.4,6202926.2,32632
153,A,2040,202,4,153_2040_0,584462.5,6203093.4,32632
153,A,2040,202,4,153_2040_1,584629.7,6203506.4,32632
153,A,2040,202,4,153_2040_2,584797.0,6203919.3,32632
153,A,2040,202,4,153_2040_3,584875.4,6202926.2,32632
